ISO-10303-21;
HEADER;
/* Generated by software containing ST-Developer
 * from STEP Tools, Inc. (www.steptools.com) 
 */

FILE_DESCRIPTION(
/* description */ (''),
/* implementation_level */ '2;1');

FILE_NAME(
/* name */ 'Battery Cover - Strap Attachment.step',
/* time_stamp */ '2026-08-29T14:23:34-04:00',
/* author */ (''),
/* organization */ (''),
/* preprocessor_version */ 'ST-DEVELOPER v20.1',
/* originating_system */ 'Autodesk Translation Framework v15.8.0.0',
/* authorisation */ '');

FILE_SCHEMA (('AUTOMOTIVE_DESIGN { 1 0 10303 214 3 1 1 }'));
ENDSEC;

DATA;
#10=MECHANICAL_DESIGN_GEOMETRIC_PRESENTATION_REPRESENTATION('',(#13),#3818);
#11=SHAPE_REPRESENTATION_RELATIONSHIP('SRR','None',#3825,#12);
#12=ADVANCED_BREP_SHAPE_REPRESENTATION('',(#14),#3817);
#13=STYLED_ITEM('',(#3835),#14);
#14=MANIFOLD_SOLID_BREP('Body1',#1736);
#15=CONICAL_SURFACE('',#1852,2.175,0.785398163397448);
#16=CONICAL_SURFACE('',#1864,3.475,0.785398163397447);
#17=CONICAL_SURFACE('',#1869,3.475,0.785398163397447);
#18=CONICAL_SURFACE('',#1880,2.9,0.785398163397414);
#19=CONICAL_SURFACE('',#1892,2.9,0.78539816339748);
#20=ELLIPSE('',#1847,0.532160147636605,0.461906056114257);
#21=ELLIPSE('',#1849,0.532160143636776,0.461906051826708);
#22=ELLIPSE('',#1858,0.263816913811647,0.226152628949567);
#23=ELLIPSE('',#1862,0.263816914266115,0.226152628413971);
#24=ELLIPSE('',#1884,8.99086301683522,7.81788898208038);
#25=ELLIPSE('',#1885,8.8514537493313,7.58774350485621);
#26=ELLIPSE('',#1886,35.7717125245019,10.2844145596252);
#27=ELLIPSE('',#1888,8.99362575797846,7.82154788424466);
#28=ELLIPSE('',#1889,8.85028093658818,7.58495318734038);
#29=ELLIPSE('',#1890,35.7509720749006,10.2814324171699);
#30=(
BOUNDED_SURFACE()
B_SPLINE_SURFACE(2,2,((#2803,#2804,#2805),(#2806,#2807,#2808),(#2809,#2810,
#2811)),.UNSPECIFIED.,.F.,.F.,.F.)
B_SPLINE_SURFACE_WITH_KNOTS((3,3),(3,3),(-1.5707963267949,-0.252680255142078),
(-1.5707963267949,-4.22020466078027E-33),.UNSPECIFIED.)
GEOMETRIC_REPRESENTATION_ITEM()
RATIONAL_B_SPLINE_SURFACE(((1.,0.707106781186548,1.),(0.790569415042073,
0.559016994374932,0.790569415042073),(1.,0.707106781186548,1.)))
REPRESENTATION_ITEM('')
SURFACE()
);
#31=(
BOUNDED_SURFACE()
B_SPLINE_SURFACE(2,2,((#2823,#2824,#2825),(#2826,#2827,#2828),(#2829,#2830,
#2831)),.UNSPECIFIED.,.F.,.F.,.F.)
B_SPLINE_SURFACE_WITH_KNOTS((3,3),(3,3),(-1.5707963267949,-0.252680255142078),
(-3.14159265358979,-1.5707963267949),.UNSPECIFIED.)
GEOMETRIC_REPRESENTATION_ITEM()
RATIONAL_B_SPLINE_SURFACE(((1.,0.707106781186547,1.),(0.790569415042073,
0.559016994374932,0.790569415042073),(1.,0.707106781186547,1.)))
REPRESENTATION_ITEM('')
SURFACE()
);
#32=(
BOUNDED_SURFACE()
B_SPLINE_SURFACE(2,2,((#2840,#2841,#2842),(#2843,#2844,#2845),(#2846,#2847,
#2848)),.UNSPECIFIED.,.F.,.F.,.F.)
B_SPLINE_SURFACE_WITH_KNOTS((3,3),(3,3),(-1.5707963267949,-0.252680255136707),
(1.91722260854363,3.14159265358979),.UNSPECIFIED.)
GEOMETRIC_REPRESENTATION_ITEM()
RATIONAL_B_SPLINE_SURFACE(((1.,0.818394333906856,1.),(0.790569415040469,
0.646997529829178,0.790569415040469),(1.,0.818394333906856,1.)))
REPRESENTATION_ITEM('')
SURFACE()
);
#33=(
BOUNDED_SURFACE()
B_SPLINE_SURFACE(2,2,((#2854,#2855,#2856),(#2857,#2858,#2859),(#2860,#2861,
#2862)),.UNSPECIFIED.,.F.,.F.,.F.)
B_SPLINE_SURFACE_WITH_KNOTS((3,3),(3,3),(-1.5707963267949,-0.252680255136707),
(1.5707963267949,1.91722260854365),.UNSPECIFIED.)
GEOMETRIC_REPRESENTATION_ITEM()
RATIONAL_B_SPLINE_SURFACE(((1.,0.985036073404589,1.),(0.790569415040469,
0.778739392345226,0.790569415040469),(1.,0.985036073404589,1.)))
REPRESENTATION_ITEM('')
SURFACE()
);
#34=(
BOUNDED_SURFACE()
B_SPLINE_SURFACE(2,2,((#2874,#2875,#2876),(#2877,#2878,#2879),(#2880,#2881,
#2882)),.UNSPECIFIED.,.F.,.F.,.F.)
B_SPLINE_SURFACE_WITH_KNOTS((3,3),(3,3),(-1.5707963267949,-0.252680255142078),
(1.22437004504614,1.5707963267949),.UNSPECIFIED.)
GEOMETRIC_REPRESENTATION_ITEM()
RATIONAL_B_SPLINE_SURFACE(((1.,0.985036073404589,1.),(0.79056941504211,
0.778739392346842,0.79056941504211),(1.,0.985036073404589,1.)))
REPRESENTATION_ITEM('')
SURFACE()
);
#35=(
BOUNDED_SURFACE()
B_SPLINE_SURFACE(2,2,((#2888,#2889,#2890),(#2891,#2892,#2893),(#2894,#2895,
#2896)),.UNSPECIFIED.,.F.,.F.,.F.)
B_SPLINE_SURFACE_WITH_KNOTS((3,3),(3,3),(-1.5707963267949,-0.252680255142077),
(-1.45563018029982E-31,1.22437004504617),.UNSPECIFIED.)
GEOMETRIC_REPRESENTATION_ITEM()
RATIONAL_B_SPLINE_SURFACE(((1.,0.818394333906856,1.),(0.790569415042073,
0.646997529830491,0.790569415042073),(1.,0.818394333906856,1.)))
REPRESENTATION_ITEM('')
SURFACE()
);
#36=FACE_BOUND('',#513,.T.);
#37=FACE_BOUND('',#524,.T.);
#38=FACE_BOUND('',#550,.T.);
#39=FACE_BOUND('',#593,.T.);
#40=PLANE('',#1767);
#41=PLANE('',#1769);
#42=PLANE('',#1789);
#43=PLANE('',#1794);
#44=PLANE('',#1829);
#45=PLANE('',#1855);
#46=PLANE('',#1859);
#47=PLANE('',#1860);
#48=PLANE('',#1861);
#49=PLANE('',#1863);
#50=PLANE('',#1871);
#51=PLANE('',#1872);
#52=PLANE('',#1876);
#53=PLANE('',#1879);
#54=PLANE('',#1882);
#55=PLANE('',#1887);
#56=PLANE('',#1891);
#57=PLANE('',#1894);
#58=PLANE('',#1896);
#59=PLANE('',#1901);
#60=PLANE('',#1902);
#61=PLANE('',#1906);
#62=PLANE('',#1908);
#63=PLANE('',#1909);
#64=PLANE('',#1910);
#65=PLANE('',#1911);
#66=PLANE('',#1912);
#67=PLANE('',#1913);
#68=PLANE('',#1914);
#69=LINE('',#2413,#183);
#70=LINE('',#2414,#184);
#71=LINE('',#2515,#185);
#72=LINE('',#2516,#186);
#73=LINE('',#2568,#187);
#74=LINE('',#2575,#188);
#75=LINE('',#2578,#189);
#76=LINE('',#2579,#190);
#77=LINE('',#2582,#191);
#78=LINE('',#2590,#192);
#79=LINE('',#2595,#193);
#80=LINE('',#2599,#194);
#81=LINE('',#2644,#195);
#82=LINE('',#2730,#196);
#83=LINE('',#2731,#197);
#84=LINE('',#2782,#198);
#85=LINE('',#2786,#199);
#86=LINE('',#2790,#200);
#87=LINE('',#2793,#201);
#88=LINE('',#2795,#202);
#89=LINE('',#2802,#203);
#90=LINE('',#2821,#204);
#91=LINE('',#2822,#205);
#92=LINE('',#2839,#206);
#93=LINE('',#2872,#207);
#94=LINE('',#2873,#208);
#95=LINE('',#2906,#209);
#96=LINE('',#2978,#210);
#97=LINE('',#2983,#211);
#98=LINE('',#3009,#212);
#99=LINE('',#3019,#213);
#100=LINE('',#3020,#214);
#101=LINE('',#3021,#215);
#102=LINE('',#3024,#216);
#103=LINE('',#3026,#217);
#104=LINE('',#3027,#218);
#105=LINE('',#3031,#219);
#106=LINE('',#3033,#220);
#107=LINE('',#3034,#221);
#108=LINE('',#3035,#222);
#109=LINE('',#3067,#223);
#110=LINE('',#3069,#224);
#111=LINE('',#3070,#225);
#112=LINE('',#3090,#226);
#113=LINE('',#3094,#227);
#114=LINE('',#3120,#228);
#115=LINE('',#3124,#229);
#116=LINE('',#3126,#230);
#117=LINE('',#3134,#231);
#118=LINE('',#3142,#232);
#119=LINE('',#3144,#233);
#120=LINE('',#3148,#234);
#121=LINE('',#3182,#235);
#122=LINE('',#3206,#236);
#123=LINE('',#3207,#237);
#124=LINE('',#3229,#238);
#125=LINE('',#3232,#239);
#126=LINE('',#3234,#240);
#127=LINE('',#3235,#241);
#128=LINE('',#3239,#242);
#129=LINE('',#3242,#243);
#130=LINE('',#3243,#244);
#131=LINE('',#3260,#245);
#132=LINE('',#3290,#246);
#133=LINE('',#3300,#247);
#134=LINE('',#3371,#248);
#135=LINE('',#3385,#249);
#136=LINE('',#3413,#250);
#137=LINE('',#3414,#251);
#138=LINE('',#3433,#252);
#139=LINE('',#3442,#253);
#140=LINE('',#3464,#254);
#141=LINE('',#3466,#255);
#142=LINE('',#3467,#256);
#143=LINE('',#3490,#257);
#144=LINE('',#3509,#258);
#145=LINE('',#3513,#259);
#146=LINE('',#3542,#260);
#147=LINE('',#3581,#261);
#148=LINE('',#3593,#262);
#149=LINE('',#3646,#263);
#150=LINE('',#3655,#264);
#151=LINE('',#3684,#265);
#152=LINE('',#3687,#266);
#153=LINE('',#3689,#267);
#154=LINE('',#3690,#268);
#155=LINE('',#3694,#269);
#156=LINE('',#3696,#270);
#157=LINE('',#3756,#271);
#158=LINE('',#3760,#272);
#159=LINE('',#3764,#273);
#160=LINE('',#3766,#274);
#161=LINE('',#3768,#275);
#162=LINE('',#3772,#276);
#163=LINE('',#3775,#277);
#164=LINE('',#3777,#278);
#165=LINE('',#3779,#279);
#166=LINE('',#3781,#280);
#167=LINE('',#3783,#281);
#168=LINE('',#3785,#282);
#169=LINE('',#3787,#283);
#170=LINE('',#3788,#284);
#171=LINE('',#3791,#285);
#172=LINE('',#3792,#286);
#173=LINE('',#3794,#287);
#174=LINE('',#3795,#288);
#175=LINE('',#3801,#289);
#176=LINE('',#3803,#290);
#177=LINE('',#3805,#291);
#178=LINE('',#3806,#292);
#179=LINE('',#3808,#293);
#180=LINE('',#3809,#294);
#181=LINE('',#3811,#295);
#182=LINE('',#3813,#296);
#183=VECTOR('',#1933,10.);
#184=VECTOR('',#1934,10.);
#185=VECTOR('',#1951,10.);
#186=VECTOR('',#1952,10.);
#187=VECTOR('',#1955,10.);
#188=VECTOR('',#1956,10.);
#189=VECTOR('',#1959,10.);
#190=VECTOR('',#1960,10.);
#191=VECTOR('',#1963,10.);
#192=VECTOR('',#1966,10.);
#193=VECTOR('',#1971,10.);
#194=VECTOR('',#1974,10.);
#195=VECTOR('',#1993,10.);
#196=VECTOR('',#2008,10.);
#197=VECTOR('',#2009,10.);
#198=VECTOR('',#2012,10.);
#199=VECTOR('',#2015,10.);
#200=VECTOR('',#2018,10.);
#201=VECTOR('',#2023,10.);
#202=VECTOR('',#2026,10.);
#203=VECTOR('',#2035,10.);
#204=VECTOR('',#2046,10.);
#205=VECTOR('',#2047,10.);
#206=VECTOR('',#2058,10.);
#207=VECTOR('',#2075,10.);
#208=VECTOR('',#2076,10.);
#209=VECTOR('',#2097,10.);
#210=VECTOR('',#2152,2.175);
#211=VECTOR('',#2159,1.525);
#212=VECTOR('',#2164,10.);
#213=VECTOR('',#2167,10.);
#214=VECTOR('',#2168,10.);
#215=VECTOR('',#2169,10.);
#216=VECTOR('',#2172,10.);
#217=VECTOR('',#2173,10.);
#218=VECTOR('',#2174,10.);
#219=VECTOR('',#2177,10.);
#220=VECTOR('',#2178,10.);
#221=VECTOR('',#2179,10.);
#222=VECTOR('',#2180,10.);
#223=VECTOR('',#2185,10.);
#224=VECTOR('',#2186,10.);
#225=VECTOR('',#2187,10.);
#226=VECTOR('',#2210,10.);
#227=VECTOR('',#2213,10.);
#228=VECTOR('',#2216,10.);
#229=VECTOR('',#2219,10.);
#230=VECTOR('',#2220,10.);
#231=VECTOR('',#2221,10.);
#232=VECTOR('',#2222,10.);
#233=VECTOR('',#2223,10.);
#234=VECTOR('',#2226,10.);
#235=VECTOR('',#2227,10.);
#236=VECTOR('',#2228,10.);
#237=VECTOR('',#2229,10.);
#238=VECTOR('',#2230,10.);
#239=VECTOR('',#2233,10.);
#240=VECTOR('',#2234,10.);
#241=VECTOR('',#2235,10.);
#242=VECTOR('',#2240,10.);
#243=VECTOR('',#2243,10.);
#244=VECTOR('',#2244,10.);
#245=VECTOR('',#2245,10.);
#246=VECTOR('',#2246,10.);
#247=VECTOR('',#2247,10.);
#248=VECTOR('',#2250,10.);
#249=VECTOR('',#2251,10.);
#250=VECTOR('',#2252,10.);
#251=VECTOR('',#2253,10.);
#252=VECTOR('',#2254,10.);
#253=VECTOR('',#2255,10.);
#254=VECTOR('',#2264,10.);
#255=VECTOR('',#2265,10.);
#256=VECTOR('',#2266,10.);
#257=VECTOR('',#2267,10.);
#258=VECTOR('',#2268,10.);
#259=VECTOR('',#2271,10.);
#260=VECTOR('',#2272,10.);
#261=VECTOR('',#2273,10.);
#262=VECTOR('',#2274,10.);
#263=VECTOR('',#2279,10.);
#264=VECTOR('',#2280,10.);
#265=VECTOR('',#2281,10.);
#266=VECTOR('',#2284,10.);
#267=VECTOR('',#2285,10.);
#268=VECTOR('',#2286,10.);
#269=VECTOR('',#2291,10.);
#270=VECTOR('',#2294,10.);
#271=VECTOR('',#2299,10.);
#272=VECTOR('',#2302,10.);
#273=VECTOR('',#2305,10.);
#274=VECTOR('',#2306,10.);
#275=VECTOR('',#2307,10.);
#276=VECTOR('',#2310,10.);
#277=VECTOR('',#2313,10.);
#278=VECTOR('',#2316,10.);
#279=VECTOR('',#2319,10.);
#280=VECTOR('',#2322,10.);
#281=VECTOR('',#2325,10.);
#282=VECTOR('',#2328,10.);
#283=VECTOR('',#2329,10.);
#284=VECTOR('',#2330,10.);
#285=VECTOR('',#2333,10.);
#286=VECTOR('',#2334,10.);
#287=VECTOR('',#2337,10.);
#288=VECTOR('',#2338,10.);
#289=VECTOR('',#2345,10.);
#290=VECTOR('',#2346,10.);
#291=VECTOR('',#2347,10.);
#292=VECTOR('',#2348,10.);
#293=VECTOR('',#2351,10.);
#294=VECTOR('',#2352,10.);
#295=VECTOR('',#2355,10.);
#296=VECTOR('',#2358,10.);
#297=CYLINDRICAL_SURFACE('',#1756,0.3);
#298=CYLINDRICAL_SURFACE('',#1764,0.3);
#299=CYLINDRICAL_SURFACE('',#1766,0.299999999999998);
#300=CYLINDRICAL_SURFACE('',#1768,0.299999999999998);
#301=CYLINDRICAL_SURFACE('',#1771,3.);
#302=CYLINDRICAL_SURFACE('',#1780,0.3);
#303=CYLINDRICAL_SURFACE('',#1787,0.3);
#304=CYLINDRICAL_SURFACE('',#1790,3.);
#305=CYLINDRICAL_SURFACE('',#1793,0.299999999999998);
#306=CYLINDRICAL_SURFACE('',#1795,0.299999999999998);
#307=CYLINDRICAL_SURFACE('',#1796,1.);
#308=CYLINDRICAL_SURFACE('',#1802,1.);
#309=CYLINDRICAL_SURFACE('',#1807,1.);
#310=CYLINDRICAL_SURFACE('',#1815,1.);
#311=CYLINDRICAL_SURFACE('',#1825,3.);
#312=CYLINDRICAL_SURFACE('',#1840,3.);
#313=CYLINDRICAL_SURFACE('',#1856,1.525);
#314=CYLINDRICAL_SURFACE('',#1867,3.325);
#315=CYLINDRICAL_SURFACE('',#1874,3.925);
#316=CYLINDRICAL_SURFACE('',#1903,3.);
#317=CYLINDRICAL_SURFACE('',#1904,3.);
#318=CYLINDRICAL_SURFACE('',#1905,3.);
#319=CYLINDRICAL_SURFACE('',#1907,3.);
#320=B_SPLINE_CURVE_WITH_KNOTS('',3,(#2399,#2400,#2401,#2402,#2403),
 .UNSPECIFIED.,.F.,.F.,(4,1,4),(-0.111915759100319,-0.0639518623430393,
0.),.UNSPECIFIED.);
#321=B_SPLINE_CURVE_WITH_KNOTS('',3,(#2404,#2405,#2406,#2407,#2408),
 .UNSPECIFIED.,.F.,.F.,(4,1,4),(0.,0.0639518623430393,0.111915759100319),
 .UNSPECIFIED.);
#322=B_SPLINE_CURVE_WITH_KNOTS('',3,(#2448,#2449,#2450,#2451,#2452,#2453),
 .UNSPECIFIED.,.F.,.F.,(4,1,1,4),(-0.111912876235023,-0.0639502149914419,
-0.031975107495721,-8.57213909792753E-34),.UNSPECIFIED.);
#323=B_SPLINE_CURVE_WITH_KNOTS('',3,(#2454,#2455,#2456,#2457,#2458,#2459),
 .UNSPECIFIED.,.F.,.F.,(4,1,1,4),(8.57213909792753E-34,0.031975107495721,
0.0639502149914419,0.111912876235023),.UNSPECIFIED.);
#324=B_SPLINE_CURVE_WITH_KNOTS('',3,(#2499,#2500,#2501,#2502,#2503,#2504),
 .UNSPECIFIED.,.F.,.F.,(4,1,1,4),(-0.0984914743696521,-0.0703510531211801,
-0.042210631872708,0.),.UNSPECIFIED.);
#325=B_SPLINE_CURVE_WITH_KNOTS('',3,(#2505,#2506,#2507,#2508,#2509,#2510),
 .UNSPECIFIED.,.F.,.F.,(4,1,1,4),(0.,0.042210631872708,0.0703510531211801,
0.0984914743696521),.UNSPECIFIED.);
#326=B_SPLINE_CURVE_WITH_KNOTS('',3,(#2552,#2553,#2554,#2555,#2556,#2557,
#2558),.UNSPECIFIED.,.F.,.F.,(4,1,1,1,4),(-0.0984905836615305,-0.0703504169010932,
-0.0422102501406559,-0.0140700833802186,0.),.UNSPECIFIED.);
#327=B_SPLINE_CURVE_WITH_KNOTS('',3,(#2559,#2560,#2561,#2562,#2563,#2564,
#2565),.UNSPECIFIED.,.F.,.F.,(4,1,1,1,4),(0.,0.0140700833802186,0.0422102501406559,
0.0703504169010932,0.0984905836615305),.UNSPECIFIED.);
#328=B_SPLINE_CURVE_WITH_KNOTS('',3,(#2570,#2571,#2572,#2573,#2574),
 .UNSPECIFIED.,.F.,.F.,(4,1,4),(0.,0.0639518617787344,0.111915758112785),
 .UNSPECIFIED.);
#329=B_SPLINE_CURVE_WITH_KNOTS('',3,(#2583,#2584,#2585,#2586,#2587),
 .UNSPECIFIED.,.F.,.F.,(4,1,4),(0.,0.0479626614553067,0.111912876729049),
 .UNSPECIFIED.);
#330=B_SPLINE_CURVE_WITH_KNOTS('',3,(#2636,#2637,#2638,#2639,#2640),
 .UNSPECIFIED.,.F.,.F.,(4,1,4),(-0.111915758112785,-0.0639518617787344,
0.),.UNSPECIFIED.);
#331=B_SPLINE_CURVE_WITH_KNOTS('',3,(#2672,#2673,#2674,#2675,#2676),
 .UNSPECIFIED.,.F.,.F.,(4,1,4),(-0.111912876729049,-0.0479626614553067,
0.),.UNSPECIFIED.);
#332=B_SPLINE_CURVE_WITH_KNOTS('',3,(#2714,#2715,#2716,#2717,#2718,#2719),
 .UNSPECIFIED.,.F.,.F.,(4,1,1,4),(-0.0984914742251446,-0.0703510530179605,
-0.0422106318107763,-8.89413418002703E-17),.UNSPECIFIED.);
#333=B_SPLINE_CURVE_WITH_KNOTS('',3,(#2720,#2721,#2722,#2723,#2724,#2725),
 .UNSPECIFIED.,.F.,.F.,(4,1,1,4),(8.89413418002703E-17,0.0422106318107763,
0.0703510530179605,0.0984914742251446),.UNSPECIFIED.);
#334=B_SPLINE_CURVE_WITH_KNOTS('',3,(#2767,#2768,#2769,#2770,#2771,#2772,
#2773),.UNSPECIFIED.,.F.,.F.,(4,1,1,1,4),(-0.0984905840361383,-0.0703504171686702,
-0.0422102503012021,-0.0281401668674681,0.),.UNSPECIFIED.);
#335=B_SPLINE_CURVE_WITH_KNOTS('',3,(#2774,#2775,#2776,#2777,#2778,#2779,
#2780),.UNSPECIFIED.,.F.,.F.,(4,1,1,1,4),(0.,0.0281401668674681,0.0422102503012021,
0.0703504171686702,0.0984905840361383),.UNSPECIFIED.);
#336=B_SPLINE_CURVE_WITH_KNOTS('',3,(#2921,#2922,#2923,#2924,#2925,#2926,
#2927,#2928,#2929,#2930),.UNSPECIFIED.,.F.,.F.,(4,2,2,2,4),(-0.402040597786407,
-0.387292350643002,-0.360966396727343,-0.269324184921674,-0.244745310471898),
 .UNSPECIFIED.);
#337=B_SPLINE_CURVE_WITH_KNOTS('',3,(#2933,#2934,#2935,#2936,#2937,#2938,
#2939,#2940,#2941,#2942),.UNSPECIFIED.,.F.,.F.,(4,2,2,2,4),(-0.154062978163567,
-0.0779827791395858,-0.041097748700855,-0.0147550937798667,0.),
 .UNSPECIFIED.);
#338=B_SPLINE_CURVE_WITH_KNOTS('',3,(#2945,#2946,#2947,#2948,#2949,#2950,
#2951,#2952,#2953,#2954),.UNSPECIFIED.,.F.,.F.,(4,2,2,2,4),(-0.395502272451852,
-0.329803989054554,-0.290898732690153,-0.251264053932535,-0.190590370770371),
 .UNSPECIFIED.);
#339=B_SPLINE_CURVE_WITH_KNOTS('',3,(#3003,#3004,#3005,#3006),
 .UNSPECIFIED.,.F.,.F.,(4,4),(0.,0.0176031280191651),.UNSPECIFIED.);
#340=B_SPLINE_CURVE_WITH_KNOTS('',3,(#3010,#3011,#3012,#3013,#3014,#3015),
 .UNSPECIFIED.,.F.,.F.,(4,2,4),(-0.0267966199747371,-0.013481514532077,
0.),.UNSPECIFIED.);
#341=B_SPLINE_CURVE_WITH_KNOTS('',3,(#3053,#3054,#3055,#3056,#3057,#3058),
 .UNSPECIFIED.,.F.,.F.,(4,2,4),(-0.0269984955600292,-0.01318487501633,-2.19828411029965E-9),
 .UNSPECIFIED.);
#342=B_SPLINE_CURVE_WITH_KNOTS('',3,(#3061,#3062,#3063,#3064),
 .UNSPECIFIED.,.F.,.F.,(4,4),(0.0242220198957904,0.041824330073899),
 .UNSPECIFIED.);
#343=B_SPLINE_CURVE_WITH_KNOTS('',3,(#3083,#3084,#3085,#3086,#3087,#3088),
 .UNSPECIFIED.,.F.,.F.,(4,2,4),(0.,0.00433729032493772,0.00866023700576635),
 .UNSPECIFIED.);
#344=B_SPLINE_CURVE_WITH_KNOTS('',3,(#3095,#3096,#3097,#3098,#3099,#3100),
 .UNSPECIFIED.,.F.,.F.,(4,2,4),(0.,0.00432337236163496,0.00866101088871423),
 .UNSPECIFIED.);
#345=B_SPLINE_CURVE_WITH_KNOTS('',3,(#3103,#3104,#3105,#3106,#3107,#3108,
#3109,#3110),.UNSPECIFIED.,.F.,.F.,(4,2,2,4),(0.,0.00918258795311435,0.0207813413507419,
0.0462205813905455),.UNSPECIFIED.);
#346=B_SPLINE_CURVE_WITH_KNOTS('',3,(#3112,#3113,#3114,#3115,#3116,#3117,
#3118),.UNSPECIFIED.,.F.,.F.,(4,3,4),(0.0321653671170733,0.0338676334156275,
0.0355093106369738),.UNSPECIFIED.);
#347=B_SPLINE_CURVE_WITH_KNOTS('',3,(#3128,#3129,#3130,#3131,#3132),
 .UNSPECIFIED.,.F.,.F.,(4,1,4),(19.3772585524285,20.2979636613153,21.564072691388),
 .UNSPECIFIED.);
#348=B_SPLINE_CURVE_WITH_KNOTS('',3,(#3136,#3137,#3138,#3139,#3140),
 .UNSPECIFIED.,.F.,.F.,(4,1,4),(-21.5634198286197,-20.6132875831221,-19.3766395376682),
 .UNSPECIFIED.);
#349=B_SPLINE_CURVE_WITH_KNOTS('',3,(#3150,#3151,#3152,#3153,#3154,#3155,
#3156),.UNSPECIFIED.,.F.,.F.,(4,3,4),(-0.0583056013540715,-0.0548379877989836,
-0.0536500918875473),.UNSPECIFIED.);
#350=B_SPLINE_CURVE_WITH_KNOTS('',3,(#3157,#3158,#3159,#3160,#3161,#3162,
#3163,#3164),.UNSPECIFIED.,.F.,.F.,(4,2,2,4),(-0.0462069949575875,-0.0374586707479999,
-0.0265371164228757,0.),.UNSPECIFIED.);
#351=B_SPLINE_CURVE_WITH_KNOTS('',3,(#3183,#3184,#3185,#3186,#3187,#3188),
 .UNSPECIFIED.,.F.,.F.,(4,2,4),(0.,0.0239318194432675,0.0478520895778614),
 .UNSPECIFIED.);
#352=B_SPLINE_CURVE_WITH_KNOTS('',3,(#3225,#3226,#3227,#3228),
 .UNSPECIFIED.,.F.,.F.,(4,4),(0.236730950733876,0.27129956151687),
 .UNSPECIFIED.);
#353=B_SPLINE_CURVE_WITH_KNOTS('',3,(#3292,#3293,#3294,#3295,#3296,#3297,
#3298),.UNSPECIFIED.,.F.,.F.,(4,1,1,1,4),(4.32456117903874,4.65471460959439,
4.81979132487221,5.14994475542786,5.48009818598351),.UNSPECIFIED.);
#354=B_SPLINE_CURVE_WITH_KNOTS('',3,(#3301,#3302,#3303,#3304,#3305,#3306,
#3307),.UNSPECIFIED.,.F.,.F.,(4,1,1,1,4),(-5.48009818598351,-5.14994475542786,
-4.81979132487221,-4.65471460959439,-4.32456117903874),.UNSPECIFIED.);
#355=B_SPLINE_CURVE_WITH_KNOTS('',3,(#3373,#3374,#3375,#3376,#3377,#3378,
#3379,#3380,#3381,#3382,#3383),.UNSPECIFIED.,.F.,.F.,(4,2,2,2,1,4),(0.714181213963016,
0.723662867945863,0.772277110528587,0.87074967551172,1.03656855132248,1.20238742713325),
 .UNSPECIFIED.);
#356=B_SPLINE_CURVE_WITH_KNOTS('',3,(#3386,#3387,#3388,#3389,#3390,#3391,
#3392,#3393,#3394,#3395,#3396),.UNSPECIFIED.,.F.,.F.,(4,1,2,2,2,4),(-1.20238742713325,
-1.03656855132248,-0.87074967551172,-0.772277110528587,-0.723662867945863,
-0.714181213963016),.UNSPECIFIED.);
#357=B_SPLINE_CURVE_WITH_KNOTS('',3,(#3435,#3436,#3437,#3438,#3439,#3440),
 .UNSPECIFIED.,.F.,.F.,(4,2,4),(0.,0.086635730642135,0.173271829554687),
 .UNSPECIFIED.);
#358=B_SPLINE_CURVE_WITH_KNOTS('',3,(#3484,#3485,#3486,#3487,#3488,#3489),
 .UNSPECIFIED.,.F.,.F.,(4,2,4),(-0.00271480958135125,-0.00135740447210547,
0.),.UNSPECIFIED.);
#359=B_SPLINE_CURVE_WITH_KNOTS('',3,(#3514,#3515,#3516,#3517,#3518,#3519),
 .UNSPECIFIED.,.F.,.F.,(4,2,4),(0.,0.0866366015503588,0.173272835414497),
 .UNSPECIFIED.);
#360=B_SPLINE_CURVE_WITH_KNOTS('',3,(#3536,#3537,#3538,#3539,#3540,#3541),
 .UNSPECIFIED.,.F.,.F.,(4,2,4),(-0.00271361693019422,-0.00135689293219677,
0.),.UNSPECIFIED.);
#361=B_SPLINE_CURVE_WITH_KNOTS('',3,(#3583,#3584,#3585,#3586,#3587,#3588,
#3589,#3590,#3591),.UNSPECIFIED.,.F.,.F.,(4,2,2,1,4),(-0.682556305230904,
-0.648616143558841,-0.569177875852551,-0.419446462743685,-0.194849343080387),
 .UNSPECIFIED.);
#362=B_SPLINE_CURVE_WITH_KNOTS('',3,(#3594,#3595,#3596,#3597,#3598,#3599,
#3600,#3601,#3602),.UNSPECIFIED.,.F.,.F.,(4,1,2,2,4),(0.194849343080387,
0.419446462743685,0.569177875852551,0.648616143558841,0.682556305230904),
 .UNSPECIFIED.);
#363=B_SPLINE_CURVE_WITH_KNOTS('',3,(#3648,#3649,#3650,#3651,#3652,#3653),
 .UNSPECIFIED.,.F.,.F.,(4,1,1,4),(-18.9625534546432,-17.0434516722155,-15.7640504839303,
-14.4846493247592),.UNSPECIFIED.);
#364=B_SPLINE_CURVE_WITH_KNOTS('',3,(#3656,#3657,#3658,#3659,#3660,#3661),
 .UNSPECIFIED.,.F.,.F.,(4,1,1,4),(14.4846492956451,15.7640504839303,17.0434516722155,
18.9625534546432),.UNSPECIFIED.);
#365=B_SPLINE_CURVE_WITH_KNOTS('',3,(#3678,#3679,#3680,#3681,#3682,#3683),
 .UNSPECIFIED.,.F.,.F.,(4,2,4),(-0.000621524239030321,-0.000310757615110841,
0.),.UNSPECIFIED.);
#366=B_SPLINE_SURFACE_WITH_KNOTS('',3,3,((#2371,#2372,#2373,#2374,#2375),
(#2376,#2377,#2378,#2379,#2380),(#2381,#2382,#2383,#2384,#2385),(#2386,
#2387,#2388,#2389,#2390),(#2391,#2392,#2393,#2394,#2395)),.UNSPECIFIED.,
 .F.,.F.,.F.,(4,1,4),(4,1,4),(0.,0.5,1.),(0.,0.0639518623430393,0.111915759100319),
 .UNSPECIFIED.);
#367=B_SPLINE_SURFACE_WITH_KNOTS('',3,3,((#2415,#2416,#2417,#2418,#2419,
#2420),(#2421,#2422,#2423,#2424,#2425,#2426),(#2427,#2428,#2429,#2430,#2431,
#2432),(#2433,#2434,#2435,#2436,#2437,#2438),(#2439,#2440,#2441,#2442,#2443,
#2444)),.UNSPECIFIED.,.F.,.F.,.F.,(4,1,4),(4,1,1,4),(0.,0.5,1.),(8.57213909792753E-34,
0.031975107495721,0.0639502149914419,0.111912876235023),.UNSPECIFIED.);
#368=B_SPLINE_SURFACE_WITH_KNOTS('',3,3,((#2466,#2467,#2468,#2469,#2470,
#2471),(#2472,#2473,#2474,#2475,#2476,#2477),(#2478,#2479,#2480,#2481,#2482,
#2483),(#2484,#2485,#2486,#2487,#2488,#2489),(#2490,#2491,#2492,#2493,#2494,
#2495)),.UNSPECIFIED.,.F.,.F.,.F.,(4,1,4),(4,1,1,4),(0.,0.5,1.),(0.,0.042210631872708,
0.0703510531211801,0.0984914743696521),.UNSPECIFIED.);
#369=B_SPLINE_SURFACE_WITH_KNOTS('',3,3,((#2517,#2518,#2519,#2520,#2521,
#2522,#2523),(#2524,#2525,#2526,#2527,#2528,#2529,#2530),(#2531,#2532,#2533,
#2534,#2535,#2536,#2537),(#2538,#2539,#2540,#2541,#2542,#2543,#2544),(#2545,
#2546,#2547,#2548,#2549,#2550,#2551)),.UNSPECIFIED.,.F.,.F.,.F.,(4,1,4),
(4,1,1,1,4),(0.,0.5,1.),(0.,0.0140700833802186,0.0422102501406559,0.0703504169010932,
0.0984905836615305),.UNSPECIFIED.);
#370=B_SPLINE_SURFACE_WITH_KNOTS('',3,3,((#2609,#2610,#2611,#2612,#2613),
(#2614,#2615,#2616,#2617,#2618),(#2619,#2620,#2621,#2622,#2623),(#2624,
#2625,#2626,#2627,#2628),(#2629,#2630,#2631,#2632,#2633)),.UNSPECIFIED.,
 .F.,.F.,.F.,(4,1,4),(4,1,4),(0.,0.5,1.),(0.,0.0639518617787344,0.111915758112785),
 .UNSPECIFIED.);
#371=B_SPLINE_SURFACE_WITH_KNOTS('',3,3,((#2645,#2646,#2647,#2648,#2649),
(#2650,#2651,#2652,#2653,#2654),(#2655,#2656,#2657,#2658,#2659),(#2660,
#2661,#2662,#2663,#2664),(#2665,#2666,#2667,#2668,#2669)),.UNSPECIFIED.,
 .F.,.F.,.F.,(4,1,4),(4,1,4),(0.,0.5,1.),(0.,0.0479626614553067,0.111912876729049),
 .UNSPECIFIED.);
#372=B_SPLINE_SURFACE_WITH_KNOTS('',3,3,((#2681,#2682,#2683,#2684,#2685,
#2686),(#2687,#2688,#2689,#2690,#2691,#2692),(#2693,#2694,#2695,#2696,#2697,
#2698),(#2699,#2700,#2701,#2702,#2703,#2704),(#2705,#2706,#2707,#2708,#2709,
#2710)),.UNSPECIFIED.,.F.,.F.,.F.,(4,1,4),(4,1,1,4),(0.,0.5,1.),(8.89413418002703E-17,
0.0422106318107763,0.0703510530179605,0.0984914742251446),.UNSPECIFIED.);
#373=B_SPLINE_SURFACE_WITH_KNOTS('',3,3,((#2732,#2733,#2734,#2735,#2736,
#2737,#2738),(#2739,#2740,#2741,#2742,#2743,#2744,#2745),(#2746,#2747,#2748,
#2749,#2750,#2751,#2752),(#2753,#2754,#2755,#2756,#2757,#2758,#2759),(#2760,
#2761,#2762,#2763,#2764,#2765,#2766)),.UNSPECIFIED.,.F.,.F.,.F.,(4,1,4),
(4,1,1,1,4),(0.,0.5,1.),(0.,0.0281401668674681,0.0422102503012021,0.0703504171686702,
0.0984905840361383),.UNSPECIFIED.);
#374=B_SPLINE_SURFACE_WITH_KNOTS('',3,3,((#2985,#2986,#2987,#2988),(#2989,
#2990,#2991,#2992),(#2993,#2994,#2995,#2996),(#2997,#2998,#2999,#3000)),
 .UNSPECIFIED.,.F.,.F.,.F.,(4,4),(4,4),(0.,1.),(-0.789076597730935,2.63677968348475E-16),
 .UNSPECIFIED.);
#375=B_SPLINE_SURFACE_WITH_KNOTS('',3,3,((#3036,#3037,#3038,#3039),(#3040,
#3041,#3042,#3043),(#3044,#3045,#3046,#3047),(#3048,#3049,#3050,#3051)),
 .UNSPECIFIED.,.F.,.F.,.F.,(4,4),(4,4),(0.,1.),(0.,0.789076688115688),
 .UNSPECIFIED.);
#376=B_SPLINE_SURFACE_WITH_KNOTS('',3,3,((#3165,#3166,#3167,#3168),(#3169,
#3170,#3171,#3172),(#3173,#3174,#3175,#3176),(#3177,#3178,#3179,#3180)),
 .UNSPECIFIED.,.F.,.F.,.F.,(4,4),(4,4),(0.,0.991221676974155),(-0.126469660454721,
-0.0901831471864761),.UNSPECIFIED.);
#377=B_SPLINE_SURFACE_WITH_KNOTS('',3,3,((#3189,#3190,#3191,#3192),(#3193,
#3194,#3195,#3196),(#3197,#3198,#3199,#3200),(#3201,#3202,#3203,#3204)),
 .UNSPECIFIED.,.F.,.F.,.F.,(4,4),(4,4),(-7.82749287546567E-16,1.),(-1.40154224290109,
-1.39683289857883),.UNSPECIFIED.);
#378=B_SPLINE_SURFACE_WITH_KNOTS('',3,3,((#3208,#3209,#3210,#3211),(#3212,
#3213,#3214,#3215),(#3216,#3217,#3218,#3219),(#3220,#3221,#3222,#3223)),
 .UNSPECIFIED.,.F.,.F.,.F.,(4,4),(4,4),(0.00877832302533504,1.),(0.235013048248593,
0.27129956151687),.UNSPECIFIED.);
#379=B_SPLINE_SURFACE_WITH_KNOTS('',3,3,((#3244,#3245,#3246,#3247),(#3248,
#3249,#3250,#3251),(#3252,#3253,#3254,#3255),(#3256,#3257,#3258,#3259)),
 .UNSPECIFIED.,.F.,.F.,.F.,(4,4),(4,4),(-1.6647465690174E-14,1.),(-0.552167101421167,
-0.547457757098903),.UNSPECIFIED.);
#380=B_SPLINE_SURFACE_WITH_KNOTS('',3,3,((#3261,#3262,#3263,#3264,#3265,
#3266,#3267),(#3268,#3269,#3270,#3271,#3272,#3273,#3274),(#3275,#3276,#3277,
#3278,#3279,#3280,#3281),(#3282,#3283,#3284,#3285,#3286,#3287,#3288)),
 .UNSPECIFIED.,.F.,.F.,.F.,(4,4),(4,1,1,1,4),(0.,1.),(-5.48009818598351,
-5.14994475542786,-4.81979132487221,-4.65471460959439,-4.32456117903874),
 .UNSPECIFIED.);
#381=B_SPLINE_SURFACE_WITH_KNOTS('',3,3,((#3308,#3309,#3310,#3311),(#3312,
#3313,#3314,#3315),(#3316,#3317,#3318,#3319),(#3320,#3321,#3322,#3323)),
 .UNSPECIFIED.,.F.,.F.,.F.,(4,4),(4,4),(0.,1.),(4.30598954552537,4.32456117903874),
 .UNSPECIFIED.);
#382=B_SPLINE_SURFACE_WITH_KNOTS('',3,3,((#3325,#3326,#3327,#3328,#3329,
#3330,#3331,#3332,#3333,#3334,#3335),(#3336,#3337,#3338,#3339,#3340,#3341,
#3342,#3343,#3344,#3345,#3346),(#3347,#3348,#3349,#3350,#3351,#3352,#3353,
#3354,#3355,#3356,#3357),(#3358,#3359,#3360,#3361,#3362,#3363,#3364,#3365,
#3366,#3367,#3368)),.UNSPECIFIED.,.F.,.F.,.F.,(4,4),(4,1,2,2,2,4),(0.,1.),
(-1.20238742713325,-1.03656855132248,-0.87074967551172,-0.772277110528587,
-0.723662867945863,-0.714181213963016),.UNSPECIFIED.);
#383=B_SPLINE_SURFACE_WITH_KNOTS('',3,3,((#3397,#3398,#3399,#3400),(#3401,
#3402,#3403,#3404),(#3405,#3406,#3407,#3408),(#3409,#3410,#3411,#3412)),
 .UNSPECIFIED.,.F.,.F.,.F.,(4,4),(4,4),(0.,1.),(0.713504410356282,0.714181213963033),
 .UNSPECIFIED.);
#384=B_SPLINE_SURFACE_WITH_KNOTS('',3,3,((#3415,#3416,#3417,#3418),(#3419,
#3420,#3421,#3422),(#3423,#3424,#3425,#3426),(#3427,#3428,#3429,#3430)),
 .UNSPECIFIED.,.F.,.F.,.F.,(4,4),(4,4),(0.,1.),(-0.649343534767788,-0.479101297052398),
 .UNSPECIFIED.);
#385=B_SPLINE_SURFACE_WITH_KNOTS('',3,3,((#3444,#3445,#3446,#3447),(#3448,
#3449,#3450,#3451),(#3452,#3453,#3454,#3455),(#3456,#3457,#3458,#3459)),
 .UNSPECIFIED.,.F.,.F.,.F.,(4,4),(4,4),(0.,1.),(0.475729799164414,0.479101297052398),
 .UNSPECIFIED.);
#386=B_SPLINE_SURFACE_WITH_KNOTS('',3,3,((#3468,#3469,#3470,#3471),(#3472,
#3473,#3474,#3475),(#3476,#3477,#3478,#3479),(#3480,#3481,#3482,#3483)),
 .UNSPECIFIED.,.F.,.F.,.F.,(4,4),(4,4),(-9.69273134506638E-7,1.),(-2.72605154908051,
-2.72333674588641),.UNSPECIFIED.);
#387=B_SPLINE_SURFACE_WITH_KNOTS('',3,3,((#3491,#3492,#3493,#3494),(#3495,
#3496,#3497,#3498),(#3499,#3500,#3501,#3502),(#3503,#3504,#3505,#3506)),
 .UNSPECIFIED.,.F.,.F.,.F.,(4,4),(4,4),(0.,1.),(-1.12154284573204E-21,0.170258995080022),
 .UNSPECIFIED.);
#388=B_SPLINE_SURFACE_WITH_KNOTS('',3,3,((#3520,#3521,#3522,#3523),(#3524,
#3525,#3526,#3527),(#3528,#3529,#3530,#3531),(#3532,#3533,#3534,#3535)),
 .UNSPECIFIED.,.F.,.F.,.F.,(4,4),(4,4),(-9.62330394646561E-7,1.),(0.77433674605387,
0.777051549225757),.UNSPECIFIED.);
#389=B_SPLINE_SURFACE_WITH_KNOTS('',3,3,((#3543,#3544,#3545,#3546,#3547,
#3548,#3549,#3550,#3551),(#3552,#3553,#3554,#3555,#3556,#3557,#3558,#3559,
#3560),(#3561,#3562,#3563,#3564,#3565,#3566,#3567,#3568,#3569),(#3570,#3571,
#3572,#3573,#3574,#3575,#3576,#3577,#3578)),.UNSPECIFIED.,.F.,.F.,.F.,(4,
4),(4,2,2,1,4),(0.,1.),(-0.682556305230904,-0.648616143558841,-0.569177875852551,
-0.419446462743685,-0.194849343080387),.UNSPECIFIED.);
#390=B_SPLINE_SURFACE_WITH_KNOTS('',3,3,((#3603,#3604,#3605,#3606),(#3607,
#3608,#3609,#3610),(#3611,#3612,#3613,#3614),(#3615,#3616,#3617,#3618)),
 .UNSPECIFIED.,.F.,.F.,.F.,(4,4),(4,4),(0.,1.),(0.170258995080021,0.173630807376045),
 .UNSPECIFIED.);
#391=B_SPLINE_SURFACE_WITH_KNOTS('',3,3,((#3621,#3622,#3623,#3624,#3625,
#3626),(#3627,#3628,#3629,#3630,#3631,#3632),(#3633,#3634,#3635,#3636,#3637,
#3638),(#3639,#3640,#3641,#3642,#3643,#3644)),.UNSPECIFIED.,.F.,.F.,.F.,
(4,4),(4,1,1,4),(0.,1.),(-18.9625534546432,-17.0434516722155,-15.7640504839303,
-14.4846492956451),.UNSPECIFIED.);
#392=B_SPLINE_SURFACE_WITH_KNOTS('',3,3,((#3662,#3663,#3664,#3665),(#3666,
#3667,#3668,#3669),(#3670,#3671,#3672,#3673),(#3674,#3675,#3676,#3677)),
 .UNSPECIFIED.,.F.,.F.,.F.,(4,4),(4,4),(0.,1.),(0.682556305230904,0.683232613759856),
 .UNSPECIFIED.);
#393=B_SPLINE_SURFACE_WITH_KNOTS('',3,3,((#3697,#3698,#3699,#3700),(#3701,
#3702,#3703,#3704),(#3705,#3706,#3707,#3708),(#3709,#3710,#3711,#3712)),
 .UNSPECIFIED.,.F.,.F.,.F.,(4,4),(4,4),(0.,1.),(18.9625534546432,19.0363145322159),
 .UNSPECIFIED.);
#394=B_SPLINE_SURFACE_WITH_KNOTS('',3,3,((#3714,#3715,#3716,#3717,#3718),
(#3719,#3720,#3721,#3722,#3723),(#3724,#3725,#3726,#3727,#3728),(#3729,
#3730,#3731,#3732,#3733)),.UNSPECIFIED.,.F.,.F.,.F.,(4,4),(4,1,4),(0.13746581250831,
1.00031470899276),(19.3483818887607,20.2979636613153,21.5643874003808),
 .UNSPECIFIED.);
#395=B_SPLINE_SURFACE_WITH_KNOTS('',3,3,((#3734,#3735,#3736,#3737,#3738),
(#3739,#3740,#3741,#3742,#3743),(#3744,#3745,#3746,#3747,#3748),(#3749,
#3750,#3751,#3752,#3753)),.UNSPECIFIED.,.F.,.F.,.F.,(4,4),(4,1,4),(-9.3691721048117E-13,
0.865162838619267),(19.3464445891254,20.6132875831221,21.5634198286197),
 .UNSPECIFIED.);
#396=FACE_OUTER_BOUND('',#500,.T.);
#397=FACE_OUTER_BOUND('',#501,.T.);
#398=FACE_OUTER_BOUND('',#502,.T.);
#399=FACE_OUTER_BOUND('',#503,.T.);
#400=FACE_OUTER_BOUND('',#504,.T.);
#401=FACE_OUTER_BOUND('',#505,.T.);
#402=FACE_OUTER_BOUND('',#506,.T.);
#403=FACE_OUTER_BOUND('',#507,.T.);
#404=FACE_OUTER_BOUND('',#508,.T.);
#405=FACE_OUTER_BOUND('',#509,.T.);
#406=FACE_OUTER_BOUND('',#510,.T.);
#407=FACE_OUTER_BOUND('',#511,.T.);
#408=FACE_OUTER_BOUND('',#512,.T.);
#409=FACE_OUTER_BOUND('',#514,.T.);
#410=FACE_OUTER_BOUND('',#515,.T.);
#411=FACE_OUTER_BOUND('',#516,.T.);
#412=FACE_OUTER_BOUND('',#517,.T.);
#413=FACE_OUTER_BOUND('',#518,.T.);
#414=FACE_OUTER_BOUND('',#519,.T.);
#415=FACE_OUTER_BOUND('',#520,.T.);
#416=FACE_OUTER_BOUND('',#521,.T.);
#417=FACE_OUTER_BOUND('',#522,.T.);
#418=FACE_OUTER_BOUND('',#523,.T.);
#419=FACE_OUTER_BOUND('',#525,.T.);
#420=FACE_OUTER_BOUND('',#526,.T.);
#421=FACE_OUTER_BOUND('',#527,.T.);
#422=FACE_OUTER_BOUND('',#528,.T.);
#423=FACE_OUTER_BOUND('',#529,.T.);
#424=FACE_OUTER_BOUND('',#530,.T.);
#425=FACE_OUTER_BOUND('',#531,.T.);
#426=FACE_OUTER_BOUND('',#532,.T.);
#427=FACE_OUTER_BOUND('',#533,.T.);
#428=FACE_OUTER_BOUND('',#534,.T.);
#429=FACE_OUTER_BOUND('',#535,.T.);
#430=FACE_OUTER_BOUND('',#536,.T.);
#431=FACE_OUTER_BOUND('',#537,.T.);
#432=FACE_OUTER_BOUND('',#538,.T.);
#433=FACE_OUTER_BOUND('',#539,.T.);
#434=FACE_OUTER_BOUND('',#540,.T.);
#435=FACE_OUTER_BOUND('',#541,.T.);
#436=FACE_OUTER_BOUND('',#542,.T.);
#437=FACE_OUTER_BOUND('',#543,.T.);
#438=FACE_OUTER_BOUND('',#544,.T.);
#439=FACE_OUTER_BOUND('',#545,.T.);
#440=FACE_OUTER_BOUND('',#546,.T.);
#441=FACE_OUTER_BOUND('',#547,.T.);
#442=FACE_OUTER_BOUND('',#548,.T.);
#443=FACE_OUTER_BOUND('',#549,.T.);
#444=FACE_OUTER_BOUND('',#551,.T.);
#445=FACE_OUTER_BOUND('',#552,.T.);
#446=FACE_OUTER_BOUND('',#553,.T.);
#447=FACE_OUTER_BOUND('',#554,.T.);
#448=FACE_OUTER_BOUND('',#555,.T.);
#449=FACE_OUTER_BOUND('',#556,.T.);
#450=FACE_OUTER_BOUND('',#557,.T.);
#451=FACE_OUTER_BOUND('',#558,.T.);
#452=FACE_OUTER_BOUND('',#559,.T.);
#453=FACE_OUTER_BOUND('',#560,.T.);
#454=FACE_OUTER_BOUND('',#561,.T.);
#455=FACE_OUTER_BOUND('',#562,.T.);
#456=FACE_OUTER_BOUND('',#563,.T.);
#457=FACE_OUTER_BOUND('',#564,.T.);
#458=FACE_OUTER_BOUND('',#565,.T.);
#459=FACE_OUTER_BOUND('',#566,.T.);
#460=FACE_OUTER_BOUND('',#567,.T.);
#461=FACE_OUTER_BOUND('',#568,.T.);
#462=FACE_OUTER_BOUND('',#569,.T.);
#463=FACE_OUTER_BOUND('',#570,.T.);
#464=FACE_OUTER_BOUND('',#571,.T.);
#465=FACE_OUTER_BOUND('',#572,.T.);
#466=FACE_OUTER_BOUND('',#573,.T.);
#467=FACE_OUTER_BOUND('',#574,.T.);
#468=FACE_OUTER_BOUND('',#575,.T.);
#469=FACE_OUTER_BOUND('',#576,.T.);
#470=FACE_OUTER_BOUND('',#577,.T.);
#471=FACE_OUTER_BOUND('',#578,.T.);
#472=FACE_OUTER_BOUND('',#579,.T.);
#473=FACE_OUTER_BOUND('',#580,.T.);
#474=FACE_OUTER_BOUND('',#581,.T.);
#475=FACE_OUTER_BOUND('',#582,.T.);
#476=FACE_OUTER_BOUND('',#583,.T.);
#477=FACE_OUTER_BOUND('',#584,.T.);
#478=FACE_OUTER_BOUND('',#585,.T.);
#479=FACE_OUTER_BOUND('',#586,.T.);
#480=FACE_OUTER_BOUND('',#587,.T.);
#481=FACE_OUTER_BOUND('',#588,.T.);
#482=FACE_OUTER_BOUND('',#589,.T.);
#483=FACE_OUTER_BOUND('',#590,.T.);
#484=FACE_OUTER_BOUND('',#591,.T.);
#485=FACE_OUTER_BOUND('',#592,.T.);
#486=FACE_OUTER_BOUND('',#594,.T.);
#487=FACE_OUTER_BOUND('',#595,.T.);
#488=FACE_OUTER_BOUND('',#596,.T.);
#489=FACE_OUTER_BOUND('',#597,.T.);
#490=FACE_OUTER_BOUND('',#598,.T.);
#491=FACE_OUTER_BOUND('',#599,.T.);
#492=FACE_OUTER_BOUND('',#600,.T.);
#493=FACE_OUTER_BOUND('',#601,.T.);
#494=FACE_OUTER_BOUND('',#602,.T.);
#495=FACE_OUTER_BOUND('',#603,.T.);
#496=FACE_OUTER_BOUND('',#604,.T.);
#497=FACE_OUTER_BOUND('',#605,.T.);
#498=FACE_OUTER_BOUND('',#606,.T.);
#499=FACE_OUTER_BOUND('',#607,.T.);
#500=EDGE_LOOP('',(#1107,#1108,#1109,#1110));
#501=EDGE_LOOP('',(#1111,#1112,#1113,#1114));
#502=EDGE_LOOP('',(#1115,#1116,#1117,#1118));
#503=EDGE_LOOP('',(#1119,#1120,#1121,#1122));
#504=EDGE_LOOP('',(#1123,#1124,#1125,#1126));
#505=EDGE_LOOP('',(#1127,#1128,#1129,#1130));
#506=EDGE_LOOP('',(#1131,#1132,#1133,#1134));
#507=EDGE_LOOP('',(#1135,#1136,#1137,#1138));
#508=EDGE_LOOP('',(#1139,#1140,#1141,#1142));
#509=EDGE_LOOP('',(#1143,#1144,#1145,#1146));
#510=EDGE_LOOP('',(#1147,#1148,#1149,#1150));
#511=EDGE_LOOP('',(#1151,#1152,#1153,#1154));
#512=EDGE_LOOP('',(#1155,#1156,#1157,#1158));
#513=EDGE_LOOP('',(#1159,#1160,#1161,#1162,#1163,#1164,#1165,#1166));
#514=EDGE_LOOP('',(#1167,#1168,#1169,#1170));
#515=EDGE_LOOP('',(#1171,#1172,#1173,#1174));
#516=EDGE_LOOP('',(#1175,#1176,#1177,#1178));
#517=EDGE_LOOP('',(#1179,#1180,#1181,#1182));
#518=EDGE_LOOP('',(#1183,#1184,#1185,#1186));
#519=EDGE_LOOP('',(#1187,#1188,#1189,#1190));
#520=EDGE_LOOP('',(#1191,#1192,#1193,#1194));
#521=EDGE_LOOP('',(#1195,#1196,#1197,#1198));
#522=EDGE_LOOP('',(#1199,#1200,#1201,#1202));
#523=EDGE_LOOP('',(#1203,#1204,#1205,#1206));
#524=EDGE_LOOP('',(#1207,#1208,#1209,#1210,#1211,#1212,#1213,#1214));
#525=EDGE_LOOP('',(#1215,#1216,#1217,#1218));
#526=EDGE_LOOP('',(#1219,#1220,#1221,#1222));
#527=EDGE_LOOP('',(#1223,#1224,#1225,#1226));
#528=EDGE_LOOP('',(#1227,#1228,#1229,#1230));
#529=EDGE_LOOP('',(#1231,#1232,#1233,#1234));
#530=EDGE_LOOP('',(#1235,#1236,#1237,#1238));
#531=EDGE_LOOP('',(#1239,#1240,#1241,#1242));
#532=EDGE_LOOP('',(#1243,#1244,#1245,#1246));
#533=EDGE_LOOP('',(#1247,#1248,#1249,#1250));
#534=EDGE_LOOP('',(#1251,#1252,#1253,#1254));
#535=EDGE_LOOP('',(#1255,#1256,#1257,#1258));
#536=EDGE_LOOP('',(#1259,#1260,#1261,#1262));
#537=EDGE_LOOP('',(#1263,#1264,#1265,#1266));
#538=EDGE_LOOP('',(#1267,#1268,#1269,#1270));
#539=EDGE_LOOP('',(#1271,#1272,#1273,#1274));
#540=EDGE_LOOP('',(#1275,#1276,#1277,#1278));
#541=EDGE_LOOP('',(#1279,#1280,#1281,#1282,#1283,#1284,#1285,#1286,#1287,
#1288));
#542=EDGE_LOOP('',(#1289,#1290,#1291,#1292));
#543=EDGE_LOOP('',(#1293,#1294,#1295,#1296));
#544=EDGE_LOOP('',(#1297,#1298,#1299,#1300));
#545=EDGE_LOOP('',(#1301,#1302,#1303,#1304));
#546=EDGE_LOOP('',(#1305,#1306,#1307,#1308));
#547=EDGE_LOOP('',(#1309,#1310,#1311,#1312,#1313,#1314,#1315,#1316,#1317,
#1318,#1319,#1320,#1321,#1322));
#548=EDGE_LOOP('',(#1323,#1324,#1325,#1326));
#549=EDGE_LOOP('',(#1327));
#550=EDGE_LOOP('',(#1328));
#551=EDGE_LOOP('',(#1329,#1330,#1331,#1332));
#552=EDGE_LOOP('',(#1333,#1334,#1335,#1336,#1337));
#553=EDGE_LOOP('',(#1338,#1339,#1340,#1341));
#554=EDGE_LOOP('',(#1342,#1343,#1344,#1345,#1346));
#555=EDGE_LOOP('',(#1347,#1348,#1349,#1350));
#556=EDGE_LOOP('',(#1351,#1352,#1353,#1354,#1355));
#557=EDGE_LOOP('',(#1356,#1357,#1358,#1359,#1360));
#558=EDGE_LOOP('',(#1361,#1362,#1363,#1364));
#559=EDGE_LOOP('',(#1365,#1366,#1367,#1368));
#560=EDGE_LOOP('',(#1369,#1370,#1371,#1372,#1373,#1374));
#561=EDGE_LOOP('',(#1375,#1376,#1377,#1378));
#562=EDGE_LOOP('',(#1379,#1380,#1381,#1382));
#563=EDGE_LOOP('',(#1383,#1384,#1385,#1386,#1387,#1388,#1389,#1390,#1391,
#1392));
#564=EDGE_LOOP('',(#1393,#1394,#1395,#1396,#1397,#1398,#1399,#1400,#1401,
#1402,#1403,#1404,#1405,#1406,#1407,#1408,#1409,#1410,#1411,#1412,#1413,
#1414,#1415,#1416,#1417));
#565=EDGE_LOOP('',(#1418,#1419,#1420,#1421));
#566=EDGE_LOOP('',(#1422,#1423,#1424,#1425));
#567=EDGE_LOOP('',(#1426,#1427,#1428,#1429));
#568=EDGE_LOOP('',(#1430,#1431,#1432,#1433));
#569=EDGE_LOOP('',(#1434,#1435,#1436,#1437));
#570=EDGE_LOOP('',(#1438,#1439,#1440,#1441));
#571=EDGE_LOOP('',(#1442,#1443,#1444,#1445));
#572=EDGE_LOOP('',(#1446,#1447,#1448,#1449));
#573=EDGE_LOOP('',(#1450,#1451,#1452,#1453));
#574=EDGE_LOOP('',(#1454,#1455,#1456,#1457));
#575=EDGE_LOOP('',(#1458,#1459,#1460,#1461));
#576=EDGE_LOOP('',(#1462,#1463,#1464,#1465));
#577=EDGE_LOOP('',(#1466,#1467,#1468,#1469));
#578=EDGE_LOOP('',(#1470,#1471,#1472,#1473));
#579=EDGE_LOOP('',(#1474,#1475,#1476,#1477));
#580=EDGE_LOOP('',(#1478,#1479,#1480,#1481));
#581=EDGE_LOOP('',(#1482,#1483,#1484,#1485));
#582=EDGE_LOOP('',(#1486,#1487,#1488,#1489));
#583=EDGE_LOOP('',(#1490,#1491,#1492,#1493));
#584=EDGE_LOOP('',(#1494,#1495,#1496,#1497));
#585=EDGE_LOOP('',(#1498,#1499,#1500,#1501));
#586=EDGE_LOOP('',(#1502,#1503,#1504,#1505));
#587=EDGE_LOOP('',(#1506,#1507,#1508,#1509));
#588=EDGE_LOOP('',(#1510,#1511,#1512,#1513));
#589=EDGE_LOOP('',(#1514,#1515,#1516,#1517));
#590=EDGE_LOOP('',(#1518,#1519,#1520,#1521,#1522,#1523,#1524));
#591=EDGE_LOOP('',(#1525,#1526,#1527,#1528,#1529,#1530,#1531));
#592=EDGE_LOOP('',(#1532,#1533,#1534,#1535,#1536,#1537,#1538,#1539,#1540,
#1541,#1542,#1543));
#593=EDGE_LOOP('',(#1544));
#594=EDGE_LOOP('',(#1545,#1546,#1547,#1548,#1549,#1550));
#595=EDGE_LOOP('',(#1551,#1552,#1553,#1554,#1555,#1556));
#596=EDGE_LOOP('',(#1557,#1558,#1559,#1560));
#597=EDGE_LOOP('',(#1561,#1562,#1563,#1564));
#598=EDGE_LOOP('',(#1565,#1566,#1567,#1568,#1569,#1570));
#599=EDGE_LOOP('',(#1571,#1572,#1573,#1574,#1575,#1576,#1577,#1578));
#600=EDGE_LOOP('',(#1579,#1580,#1581,#1582,#1583,#1584));
#601=EDGE_LOOP('',(#1585,#1586,#1587,#1588,#1589,#1590,#1591));
#602=EDGE_LOOP('',(#1592,#1593,#1594,#1595,#1596,#1597,#1598));
#603=EDGE_LOOP('',(#1599,#1600,#1601,#1602));
#604=EDGE_LOOP('',(#1603,#1604,#1605,#1606));
#605=EDGE_LOOP('',(#1607,#1608,#1609,#1610,#1611));
#606=EDGE_LOOP('',(#1612,#1613,#1614,#1615));
#607=EDGE_LOOP('',(#1616,#1617,#1618,#1619,#1620));
#608=CIRCLE('',#1751,0.3);
#609=CIRCLE('',#1752,3.3);
#610=CIRCLE('',#1753,0.3);
#611=CIRCLE('',#1754,3.);
#612=CIRCLE('',#1755,0.3);
#613=CIRCLE('',#1757,0.3);
#614=CIRCLE('',#1758,0.3);
#615=CIRCLE('',#1760,0.3);
#616=CIRCLE('',#1761,3.);
#617=CIRCLE('',#1762,3.3);
#618=CIRCLE('',#1763,0.3);
#619=CIRCLE('',#1765,0.3);
#620=CIRCLE('',#1770,3.3);
#621=CIRCLE('',#1772,3.);
#622=CIRCLE('',#1773,3.);
#623=CIRCLE('',#1775,0.3);
#624=CIRCLE('',#1776,3.3);
#625=CIRCLE('',#1777,0.3);
#626=CIRCLE('',#1778,3.);
#627=CIRCLE('',#1779,0.3);
#628=CIRCLE('',#1781,0.3);
#629=CIRCLE('',#1782,0.3);
#630=CIRCLE('',#1784,0.3);
#631=CIRCLE('',#1785,3.);
#632=CIRCLE('',#1786,0.3);
#633=CIRCLE('',#1788,0.3);
#634=CIRCLE('',#1791,3.);
#635=CIRCLE('',#1792,3.);
#636=CIRCLE('',#1797,1.);
#637=CIRCLE('',#1798,0.999999999999999);
#638=CIRCLE('',#1799,1.);
#639=CIRCLE('',#1800,0.127016653792583);
#640=CIRCLE('',#1801,1.09526249034444);
#641=CIRCLE('',#1803,0.999999999999999);
#642=CIRCLE('',#1804,1.);
#643=CIRCLE('',#1805,0.127016653792583);
#644=CIRCLE('',#1806,1.09526249034444);
#645=CIRCLE('',#1808,1.);
#646=CIRCLE('',#1809,1.0000000000208);
#647=CIRCLE('',#1810,0.127016653792583);
#648=CIRCLE('',#1811,1.09526249034444);
#649=CIRCLE('',#1812,0.999999999999999);
#650=CIRCLE('',#1813,0.127016653792583);
#651=CIRCLE('',#1814,1.09526249034444);
#652=CIRCLE('',#1816,0.999999999999999);
#653=CIRCLE('',#1817,1.);
#654=CIRCLE('',#1818,0.127016653792583);
#655=CIRCLE('',#1819,1.09526249034444);
#656=CIRCLE('',#1820,1.09526249034444);
#657=CIRCLE('',#1821,0.127016653792584);
#658=CIRCLE('',#1823,3.);
#659=CIRCLE('',#1824,4.);
#660=CIRCLE('',#1826,3.);
#661=CIRCLE('',#1828,4.);
#662=CIRCLE('',#1831,4.);
#663=CIRCLE('',#1832,2.9999999999792);
#664=CIRCLE('',#1834,3.);
#665=CIRCLE('',#1835,4.);
#666=CIRCLE('',#1837,3.);
#667=CIRCLE('',#1839,3.);
#668=CIRCLE('',#1842,3.325);
#669=CIRCLE('',#1843,0.6);
#670=CIRCLE('',#1844,3.925);
#671=CIRCLE('',#1845,3.925);
#672=CIRCLE('',#1846,3.925);
#673=CIRCLE('',#1848,3.84461524227066);
#674=CIRCLE('',#1850,3.925);
#675=CIRCLE('',#1851,3.925);
#676=CIRCLE('',#1853,1.525);
#677=CIRCLE('',#1854,2.825);
#678=CIRCLE('',#1857,1.525);
#679=CIRCLE('',#1865,3.325);
#680=CIRCLE('',#1866,3.625);
#681=CIRCLE('',#1868,3.325);
#682=CIRCLE('',#1870,3.625);
#683=CIRCLE('',#1873,3.925);
#684=CIRCLE('',#1875,3.925);
#685=CIRCLE('',#1877,2.8);
#686=CIRCLE('',#1878,2.8);
#687=CIRCLE('',#1881,3.);
#688=CIRCLE('',#1883,32.0657054995341);
#689=CIRCLE('',#1893,3.);
#690=CIRCLE('',#1895,32.065500928407);
#691=CIRCLE('',#1897,3.);
#692=CIRCLE('',#1898,3.);
#693=CIRCLE('',#1899,3.);
#694=CIRCLE('',#1900,3.);
#695=VERTEX_POINT('',#2363);
#696=VERTEX_POINT('',#2364);
#697=VERTEX_POINT('',#2366);
#698=VERTEX_POINT('',#2368);
#699=VERTEX_POINT('',#2396);
#700=VERTEX_POINT('',#2397);
#701=VERTEX_POINT('',#2410);
#702=VERTEX_POINT('',#2411);
#703=VERTEX_POINT('',#2445);
#704=VERTEX_POINT('',#2446);
#705=VERTEX_POINT('',#2461);
#706=VERTEX_POINT('',#2462);
#707=VERTEX_POINT('',#2496);
#708=VERTEX_POINT('',#2497);
#709=VERTEX_POINT('',#2512);
#710=VERTEX_POINT('',#2513);
#711=VERTEX_POINT('',#2567);
#712=VERTEX_POINT('',#2569);
#713=VERTEX_POINT('',#2577);
#714=VERTEX_POINT('',#2581);
#715=VERTEX_POINT('',#2589);
#716=VERTEX_POINT('',#2593);
#717=VERTEX_POINT('',#2594);
#718=VERTEX_POINT('',#2596);
#719=VERTEX_POINT('',#2598);
#720=VERTEX_POINT('',#2602);
#721=VERTEX_POINT('',#2603);
#722=VERTEX_POINT('',#2606);
#723=VERTEX_POINT('',#2634);
#724=VERTEX_POINT('',#2642);
#725=VERTEX_POINT('',#2670);
#726=VERTEX_POINT('',#2678);
#727=VERTEX_POINT('',#2711);
#728=VERTEX_POINT('',#2712);
#729=VERTEX_POINT('',#2727);
#730=VERTEX_POINT('',#2728);
#731=VERTEX_POINT('',#2784);
#732=VERTEX_POINT('',#2785);
#733=VERTEX_POINT('',#2787);
#734=VERTEX_POINT('',#2789);
#735=VERTEX_POINT('',#2798);
#736=VERTEX_POINT('',#2800);
#737=VERTEX_POINT('',#2812);
#738=VERTEX_POINT('',#2813);
#739=VERTEX_POINT('',#2818);
#740=VERTEX_POINT('',#2819);
#741=VERTEX_POINT('',#2832);
#742=VERTEX_POINT('',#2837);
#743=VERTEX_POINT('',#2849);
#744=VERTEX_POINT('',#2850);
#745=VERTEX_POINT('',#2863);
#746=VERTEX_POINT('',#2864);
#747=VERTEX_POINT('',#2869);
#748=VERTEX_POINT('',#2870);
#749=VERTEX_POINT('',#2883);
#750=VERTEX_POINT('',#2884);
#751=VERTEX_POINT('',#2900);
#752=VERTEX_POINT('',#2904);
#753=VERTEX_POINT('',#2911);
#754=VERTEX_POINT('',#2915);
#755=VERTEX_POINT('',#2919);
#756=VERTEX_POINT('',#2932);
#757=VERTEX_POINT('',#2956);
#758=VERTEX_POINT('',#2958);
#759=VERTEX_POINT('',#2961);
#760=VERTEX_POINT('',#2963);
#761=VERTEX_POINT('',#2965);
#762=VERTEX_POINT('',#2967);
#763=VERTEX_POINT('',#2969);
#764=VERTEX_POINT('',#2971);
#765=VERTEX_POINT('',#2975);
#766=VERTEX_POINT('',#2977);
#767=VERTEX_POINT('',#2982);
#768=VERTEX_POINT('',#3001);
#769=VERTEX_POINT('',#3002);
#770=VERTEX_POINT('',#3007);
#771=VERTEX_POINT('',#3017);
#772=VERTEX_POINT('',#3018);
#773=VERTEX_POINT('',#3023);
#774=VERTEX_POINT('',#3025);
#775=VERTEX_POINT('',#3029);
#776=VERTEX_POINT('',#3030);
#777=VERTEX_POINT('',#3032);
#778=VERTEX_POINT('',#3052);
#779=VERTEX_POINT('',#3059);
#780=VERTEX_POINT('',#3066);
#781=VERTEX_POINT('',#3068);
#782=VERTEX_POINT('',#3082);
#783=VERTEX_POINT('',#3089);
#784=VERTEX_POINT('',#3091);
#785=VERTEX_POINT('',#3093);
#786=VERTEX_POINT('',#3102);
#787=VERTEX_POINT('',#3111);
#788=VERTEX_POINT('',#3119);
#789=VERTEX_POINT('',#3121);
#790=VERTEX_POINT('',#3123);
#791=VERTEX_POINT('',#3125);
#792=VERTEX_POINT('',#3127);
#793=VERTEX_POINT('',#3133);
#794=VERTEX_POINT('',#3135);
#795=VERTEX_POINT('',#3141);
#796=VERTEX_POINT('',#3143);
#797=VERTEX_POINT('',#3145);
#798=VERTEX_POINT('',#3147);
#799=VERTEX_POINT('',#3149);
#800=VERTEX_POINT('',#3181);
#801=VERTEX_POINT('',#3205);
#802=VERTEX_POINT('',#3224);
#803=VERTEX_POINT('',#3231);
#804=VERTEX_POINT('',#3233);
#805=VERTEX_POINT('',#3237);
#806=VERTEX_POINT('',#3241);
#807=VERTEX_POINT('',#3289);
#808=VERTEX_POINT('',#3291);
#809=VERTEX_POINT('',#3299);
#810=VERTEX_POINT('',#3369);
#811=VERTEX_POINT('',#3370);
#812=VERTEX_POINT('',#3372);
#813=VERTEX_POINT('',#3384);
#814=VERTEX_POINT('',#3431);
#815=VERTEX_POINT('',#3432);
#816=VERTEX_POINT('',#3434);
#817=VERTEX_POINT('',#3441);
#818=VERTEX_POINT('',#3463);
#819=VERTEX_POINT('',#3465);
#820=VERTEX_POINT('',#3507);
#821=VERTEX_POINT('',#3508);
#822=VERTEX_POINT('',#3510);
#823=VERTEX_POINT('',#3512);
#824=VERTEX_POINT('',#3579);
#825=VERTEX_POINT('',#3580);
#826=VERTEX_POINT('',#3582);
#827=VERTEX_POINT('',#3592);
#828=VERTEX_POINT('',#3645);
#829=VERTEX_POINT('',#3647);
#830=VERTEX_POINT('',#3654);
#831=VERTEX_POINT('',#3686);
#832=VERTEX_POINT('',#3688);
#833=VERTEX_POINT('',#3692);
#834=VERTEX_POINT('',#3755);
#835=VERTEX_POINT('',#3757);
#836=VERTEX_POINT('',#3759);
#837=VERTEX_POINT('',#3761);
#838=VERTEX_POINT('',#3763);
#839=VERTEX_POINT('',#3765);
#840=VERTEX_POINT('',#3767);
#841=VERTEX_POINT('',#3769);
#842=VERTEX_POINT('',#3771);
#843=VERTEX_POINT('',#3773);
#844=VERTEX_POINT('',#3786);
#845=VERTEX_POINT('',#3790);
#846=VERTEX_POINT('',#3799);
#847=VERTEX_POINT('',#3800);
#848=VERTEX_POINT('',#3802);
#849=VERTEX_POINT('',#3804);
#850=EDGE_CURVE('',#695,#696,#608,.T.);
#851=EDGE_CURVE('',#696,#697,#609,.T.);
#852=EDGE_CURVE('',#697,#698,#610,.T.);
#853=EDGE_CURVE('',#698,#695,#611,.T.);
#854=EDGE_CURVE('',#699,#700,#612,.T.);
#855=EDGE_CURVE('',#700,#698,#320,.T.);
#856=EDGE_CURVE('',#697,#699,#321,.T.);
#857=EDGE_CURVE('',#701,#702,#613,.T.);
#858=EDGE_CURVE('',#702,#700,#69,.T.);
#859=EDGE_CURVE('',#699,#701,#70,.T.);
#860=EDGE_CURVE('',#703,#704,#614,.T.);
#861=EDGE_CURVE('',#704,#702,#322,.T.);
#862=EDGE_CURVE('',#701,#703,#323,.T.);
#863=EDGE_CURVE('',#705,#706,#615,.T.);
#864=EDGE_CURVE('',#706,#704,#616,.T.);
#865=EDGE_CURVE('',#703,#705,#617,.T.);
#866=EDGE_CURVE('',#707,#708,#618,.T.);
#867=EDGE_CURVE('',#708,#706,#324,.T.);
#868=EDGE_CURVE('',#705,#707,#325,.T.);
#869=EDGE_CURVE('',#709,#710,#619,.T.);
#870=EDGE_CURVE('',#710,#708,#71,.T.);
#871=EDGE_CURVE('',#707,#709,#72,.T.);
#872=EDGE_CURVE('',#695,#710,#326,.T.);
#873=EDGE_CURVE('',#709,#696,#327,.T.);
#874=EDGE_CURVE('',#701,#711,#73,.T.);
#875=EDGE_CURVE('',#712,#711,#328,.T.);
#876=EDGE_CURVE('',#703,#712,#74,.T.);
#877=EDGE_CURVE('',#699,#713,#75,.T.);
#878=EDGE_CURVE('',#711,#713,#76,.T.);
#879=EDGE_CURVE('',#714,#697,#77,.T.);
#880=EDGE_CURVE('',#713,#714,#329,.T.);
#881=EDGE_CURVE('',#696,#715,#78,.T.);
#882=EDGE_CURVE('',#714,#715,#620,.T.);
#883=EDGE_CURVE('',#716,#717,#79,.T.);
#884=EDGE_CURVE('',#716,#718,#621,.T.);
#885=EDGE_CURVE('',#718,#719,#80,.T.);
#886=EDGE_CURVE('',#717,#719,#622,.T.);
#887=EDGE_CURVE('',#720,#721,#623,.T.);
#888=EDGE_CURVE('',#721,#712,#624,.T.);
#889=EDGE_CURVE('',#712,#722,#625,.T.);
#890=EDGE_CURVE('',#722,#720,#626,.T.);
#891=EDGE_CURVE('',#711,#723,#627,.T.);
#892=EDGE_CURVE('',#723,#722,#330,.T.);
#893=EDGE_CURVE('',#713,#724,#628,.T.);
#894=EDGE_CURVE('',#724,#723,#81,.T.);
#895=EDGE_CURVE('',#714,#725,#629,.T.);
#896=EDGE_CURVE('',#725,#724,#331,.T.);
#897=EDGE_CURVE('',#715,#726,#630,.T.);
#898=EDGE_CURVE('',#726,#725,#631,.T.);
#899=EDGE_CURVE('',#727,#728,#632,.T.);
#900=EDGE_CURVE('',#728,#726,#332,.T.);
#901=EDGE_CURVE('',#715,#727,#333,.T.);
#902=EDGE_CURVE('',#729,#730,#633,.T.);
#903=EDGE_CURVE('',#730,#728,#82,.T.);
#904=EDGE_CURVE('',#727,#729,#83,.T.);
#905=EDGE_CURVE('',#720,#730,#334,.T.);
#906=EDGE_CURVE('',#729,#721,#335,.T.);
#907=EDGE_CURVE('',#705,#721,#84,.T.);
#908=EDGE_CURVE('',#731,#732,#85,.T.);
#909=EDGE_CURVE('',#731,#733,#634,.T.);
#910=EDGE_CURVE('',#733,#734,#86,.T.);
#911=EDGE_CURVE('',#732,#734,#635,.T.);
#912=EDGE_CURVE('',#707,#729,#87,.T.);
#913=EDGE_CURVE('',#709,#727,#88,.T.);
#914=EDGE_CURVE('',#735,#731,#636,.T.);
#915=EDGE_CURVE('',#732,#736,#637,.T.);
#916=EDGE_CURVE('',#736,#735,#89,.T.);
#917=EDGE_CURVE('',#737,#738,#638,.T.);
#918=EDGE_CURVE('',#738,#736,#639,.T.);
#919=EDGE_CURVE('',#732,#737,#640,.T.);
#920=EDGE_CURVE('',#739,#740,#641,.T.);
#921=EDGE_CURVE('',#740,#738,#90,.T.);
#922=EDGE_CURVE('',#737,#739,#91,.T.);
#923=EDGE_CURVE('',#716,#741,#642,.T.);
#924=EDGE_CURVE('',#741,#740,#643,.T.);
#925=EDGE_CURVE('',#739,#716,#644,.T.);
#926=EDGE_CURVE('',#717,#742,#645,.T.);
#927=EDGE_CURVE('',#742,#741,#92,.T.);
#928=EDGE_CURVE('',#743,#744,#646,.T.);
#929=EDGE_CURVE('',#744,#742,#647,.T.);
#930=EDGE_CURVE('',#717,#743,#648,.T.);
#931=EDGE_CURVE('',#745,#746,#649,.T.);
#932=EDGE_CURVE('',#746,#744,#650,.T.);
#933=EDGE_CURVE('',#743,#745,#651,.T.);
#934=EDGE_CURVE('',#747,#748,#652,.T.);
#935=EDGE_CURVE('',#748,#746,#93,.T.);
#936=EDGE_CURVE('',#745,#747,#94,.T.);
#937=EDGE_CURVE('',#749,#750,#653,.T.);
#938=EDGE_CURVE('',#750,#748,#654,.T.);
#939=EDGE_CURVE('',#747,#749,#655,.T.);
#940=EDGE_CURVE('',#749,#731,#656,.T.);
#941=EDGE_CURVE('',#735,#750,#657,.T.);
#942=EDGE_CURVE('',#739,#751,#658,.T.);
#943=EDGE_CURVE('',#751,#718,#659,.T.);
#944=EDGE_CURVE('',#737,#752,#660,.T.);
#945=EDGE_CURVE('',#752,#751,#95,.T.);
#946=EDGE_CURVE('',#734,#752,#661,.T.);
#947=EDGE_CURVE('',#719,#753,#662,.T.);
#948=EDGE_CURVE('',#753,#743,#663,.T.);
#949=EDGE_CURVE('',#749,#754,#664,.T.);
#950=EDGE_CURVE('',#754,#733,#665,.T.);
#951=EDGE_CURVE('',#747,#755,#666,.T.);
#952=EDGE_CURVE('',#754,#755,#336,.T.);
#953=EDGE_CURVE('',#756,#753,#337,.T.);
#954=EDGE_CURVE('',#756,#745,#667,.T.);
#955=EDGE_CURVE('',#755,#756,#338,.T.);
#956=EDGE_CURVE('',#757,#757,#668,.T.);
#957=EDGE_CURVE('',#757,#758,#669,.T.);
#958=EDGE_CURVE('',#758,#754,#670,.T.);
#959=EDGE_CURVE('',#753,#759,#671,.T.);
#960=EDGE_CURVE('',#759,#760,#672,.F.);
#961=EDGE_CURVE('',#761,#760,#20,.T.);
#962=EDGE_CURVE('',#761,#762,#673,.T.);
#963=EDGE_CURVE('',#763,#762,#21,.T.);
#964=EDGE_CURVE('',#763,#764,#674,.F.);
#965=EDGE_CURVE('',#764,#758,#675,.T.);
#966=EDGE_CURVE('',#765,#765,#676,.T.);
#967=EDGE_CURVE('',#765,#766,#96,.T.);
#968=EDGE_CURVE('',#766,#766,#677,.T.);
#969=EDGE_CURVE('',#765,#767,#97,.T.);
#970=EDGE_CURVE('',#767,#767,#678,.F.);
#971=EDGE_CURVE('',#768,#769,#339,.T.);
#972=EDGE_CURVE('',#768,#770,#22,.T.);
#973=EDGE_CURVE('',#770,#763,#98,.T.);
#974=EDGE_CURVE('',#762,#769,#340,.F.);
#975=EDGE_CURVE('',#771,#772,#99,.F.);
#976=EDGE_CURVE('',#772,#763,#100,.T.);
#977=EDGE_CURVE('',#770,#771,#101,.T.);
#978=EDGE_CURVE('',#768,#773,#102,.T.);
#979=EDGE_CURVE('',#773,#774,#103,.T.);
#980=EDGE_CURVE('',#774,#771,#104,.T.);
#981=EDGE_CURVE('',#775,#776,#105,.F.);
#982=EDGE_CURVE('',#776,#777,#106,.T.);
#983=EDGE_CURVE('',#777,#760,#107,.T.);
#984=EDGE_CURVE('',#760,#775,#108,.T.);
#985=EDGE_CURVE('',#761,#778,#341,.T.);
#986=EDGE_CURVE('',#777,#779,#23,.T.);
#987=EDGE_CURVE('',#779,#778,#342,.F.);
#988=EDGE_CURVE('',#776,#780,#109,.T.);
#989=EDGE_CURVE('',#781,#780,#110,.T.);
#990=EDGE_CURVE('',#781,#779,#111,.T.);
#991=EDGE_CURVE('',#774,#780,#679,.T.);
#992=EDGE_CURVE('',#776,#771,#680,.T.);
#993=EDGE_CURVE('',#781,#773,#681,.T.);
#994=EDGE_CURVE('',#769,#778,#682,.F.);
#995=EDGE_CURVE('',#772,#775,#683,.T.);
#996=EDGE_CURVE('',#759,#782,#343,.T.);
#997=EDGE_CURVE('',#783,#782,#112,.T.);
#998=EDGE_CURVE('',#784,#783,#684,.T.);
#999=EDGE_CURVE('',#785,#784,#113,.T.);
#1000=EDGE_CURVE('',#764,#785,#344,.F.);
#1001=EDGE_CURVE('',#786,#764,#345,.T.);
#1002=EDGE_CURVE('',#787,#786,#346,.T.);
#1003=EDGE_CURVE('',#788,#787,#114,.T.);
#1004=EDGE_CURVE('',#789,#788,#685,.T.);
#1005=EDGE_CURVE('',#790,#789,#115,.T.);
#1006=EDGE_CURVE('',#791,#790,#116,.T.);
#1007=EDGE_CURVE('',#792,#791,#347,.T.);
#1008=EDGE_CURVE('',#793,#792,#117,.T.);
#1009=EDGE_CURVE('',#794,#793,#348,.T.);
#1010=EDGE_CURVE('',#795,#794,#118,.T.);
#1011=EDGE_CURVE('',#796,#795,#119,.T.);
#1012=EDGE_CURVE('',#797,#796,#686,.T.);
#1013=EDGE_CURVE('',#798,#797,#120,.T.);
#1014=EDGE_CURVE('',#798,#799,#349,.T.);
#1015=EDGE_CURVE('',#799,#759,#350,.T.);
#1016=EDGE_CURVE('',#799,#800,#121,.T.);
#1017=EDGE_CURVE('',#800,#782,#351,.T.);
#1018=EDGE_CURVE('',#801,#798,#122,.T.);
#1019=EDGE_CURVE('',#801,#800,#123,.T.);
#1020=EDGE_CURVE('',#785,#802,#352,.T.);
#1021=EDGE_CURVE('',#802,#786,#124,.T.);
#1022=EDGE_CURVE('',#787,#803,#125,.T.);
#1023=EDGE_CURVE('',#803,#804,#126,.T.);
#1024=EDGE_CURVE('',#804,#788,#127,.T.);
#1025=EDGE_CURVE('',#804,#805,#687,.T.);
#1026=EDGE_CURVE('',#805,#789,#128,.T.);
#1027=EDGE_CURVE('',#805,#806,#129,.T.);
#1028=EDGE_CURVE('',#806,#790,#130,.T.);
#1029=EDGE_CURVE('',#802,#803,#131,.T.);
#1030=EDGE_CURVE('',#791,#807,#132,.T.);
#1031=EDGE_CURVE('',#807,#808,#353,.T.);
#1032=EDGE_CURVE('',#808,#809,#133,.T.);
#1033=EDGE_CURVE('',#809,#791,#354,.T.);
#1034=EDGE_CURVE('',#806,#807,#688,.T.);
#1035=EDGE_CURVE('',#810,#811,#134,.T.);
#1036=EDGE_CURVE('',#811,#812,#355,.T.);
#1037=EDGE_CURVE('',#812,#813,#135,.T.);
#1038=EDGE_CURVE('',#813,#810,#356,.T.);
#1039=EDGE_CURVE('',#810,#809,#136,.T.);
#1040=EDGE_CURVE('',#808,#811,#137,.T.);
#1041=EDGE_CURVE('',#814,#815,#138,.T.);
#1042=EDGE_CURVE('',#815,#816,#357,.T.);
#1043=EDGE_CURVE('',#816,#817,#139,.T.);
#1044=EDGE_CURVE('',#817,#814,#24,.T.);
#1045=EDGE_CURVE('',#814,#813,#25,.T.);
#1046=EDGE_CURVE('',#812,#815,#26,.T.);
#1047=EDGE_CURVE('',#792,#818,#140,.T.);
#1048=EDGE_CURVE('',#818,#819,#141,.T.);
#1049=EDGE_CURVE('',#819,#793,#142,.T.);
#1050=EDGE_CURVE('',#792,#817,#358,.T.);
#1051=EDGE_CURVE('',#816,#818,#143,.T.);
#1052=EDGE_CURVE('',#820,#821,#144,.T.);
#1053=EDGE_CURVE('',#821,#822,#27,.T.);
#1054=EDGE_CURVE('',#822,#823,#145,.T.);
#1055=EDGE_CURVE('',#823,#820,#359,.T.);
#1056=EDGE_CURVE('',#822,#793,#360,.T.);
#1057=EDGE_CURVE('',#819,#823,#146,.T.);
#1058=EDGE_CURVE('',#824,#825,#147,.T.);
#1059=EDGE_CURVE('',#825,#826,#361,.T.);
#1060=EDGE_CURVE('',#826,#827,#148,.T.);
#1061=EDGE_CURVE('',#827,#824,#362,.T.);
#1062=EDGE_CURVE('',#826,#821,#28,.T.);
#1063=EDGE_CURVE('',#820,#827,#29,.T.);
#1064=EDGE_CURVE('',#828,#794,#149,.T.);
#1065=EDGE_CURVE('',#794,#829,#363,.T.);
#1066=EDGE_CURVE('',#829,#830,#150,.T.);
#1067=EDGE_CURVE('',#830,#828,#364,.T.);
#1068=EDGE_CURVE('',#829,#825,#365,.T.);
#1069=EDGE_CURVE('',#824,#830,#151,.T.);
#1070=EDGE_CURVE('',#831,#796,#152,.T.);
#1071=EDGE_CURVE('',#795,#832,#153,.T.);
#1072=EDGE_CURVE('',#832,#831,#154,.T.);
#1073=EDGE_CURVE('',#831,#833,#689,.T.);
#1074=EDGE_CURVE('',#833,#797,#155,.T.);
#1075=EDGE_CURVE('',#833,#801,#156,.T.);
#1076=EDGE_CURVE('',#828,#832,#690,.T.);
#1077=EDGE_CURVE('',#834,#783,#157,.T.);
#1078=EDGE_CURVE('',#835,#834,#691,.T.);
#1079=EDGE_CURVE('',#836,#835,#158,.T.);
#1080=EDGE_CURVE('',#837,#836,#692,.T.);
#1081=EDGE_CURVE('',#837,#838,#159,.F.);
#1082=EDGE_CURVE('',#839,#838,#160,.F.);
#1083=EDGE_CURVE('',#840,#839,#161,.T.);
#1084=EDGE_CURVE('',#841,#840,#693,.T.);
#1085=EDGE_CURVE('',#842,#841,#162,.T.);
#1086=EDGE_CURVE('',#843,#842,#694,.T.);
#1087=EDGE_CURVE('',#784,#843,#163,.T.);
#1088=EDGE_CURVE('',#834,#833,#164,.T.);
#1089=EDGE_CURVE('',#804,#843,#165,.T.);
#1090=EDGE_CURVE('',#842,#805,#166,.T.);
#1091=EDGE_CURVE('',#831,#835,#167,.T.);
#1092=EDGE_CURVE('',#811,#841,#168,.T.);
#1093=EDGE_CURVE('',#844,#840,#169,.F.);
#1094=EDGE_CURVE('',#844,#815,#170,.T.);
#1095=EDGE_CURVE('',#844,#845,#171,.T.);
#1096=EDGE_CURVE('',#820,#845,#172,.T.);
#1097=EDGE_CURVE('',#845,#837,#173,.T.);
#1098=EDGE_CURVE('',#836,#824,#174,.T.);
#1099=EDGE_CURVE('',#846,#847,#175,.F.);
#1100=EDGE_CURVE('',#847,#848,#176,.T.);
#1101=EDGE_CURVE('',#848,#849,#177,.F.);
#1102=EDGE_CURVE('',#849,#846,#178,.T.);
#1103=EDGE_CURVE('',#845,#849,#179,.T.);
#1104=EDGE_CURVE('',#844,#846,#180,.F.);
#1105=EDGE_CURVE('',#838,#848,#181,.F.);
#1106=EDGE_CURVE('',#847,#839,#182,.F.);
#1107=ORIENTED_EDGE('',*,*,#850,.T.);
#1108=ORIENTED_EDGE('',*,*,#851,.T.);
#1109=ORIENTED_EDGE('',*,*,#852,.T.);
#1110=ORIENTED_EDGE('',*,*,#853,.T.);
#1111=ORIENTED_EDGE('',*,*,#854,.T.);
#1112=ORIENTED_EDGE('',*,*,#855,.T.);
#1113=ORIENTED_EDGE('',*,*,#852,.F.);
#1114=ORIENTED_EDGE('',*,*,#856,.T.);
#1115=ORIENTED_EDGE('',*,*,#857,.T.);
#1116=ORIENTED_EDGE('',*,*,#858,.T.);
#1117=ORIENTED_EDGE('',*,*,#854,.F.);
#1118=ORIENTED_EDGE('',*,*,#859,.T.);
#1119=ORIENTED_EDGE('',*,*,#860,.T.);
#1120=ORIENTED_EDGE('',*,*,#861,.T.);
#1121=ORIENTED_EDGE('',*,*,#857,.F.);
#1122=ORIENTED_EDGE('',*,*,#862,.T.);
#1123=ORIENTED_EDGE('',*,*,#863,.T.);
#1124=ORIENTED_EDGE('',*,*,#864,.T.);
#1125=ORIENTED_EDGE('',*,*,#860,.F.);
#1126=ORIENTED_EDGE('',*,*,#865,.T.);
#1127=ORIENTED_EDGE('',*,*,#866,.T.);
#1128=ORIENTED_EDGE('',*,*,#867,.T.);
#1129=ORIENTED_EDGE('',*,*,#863,.F.);
#1130=ORIENTED_EDGE('',*,*,#868,.T.);
#1131=ORIENTED_EDGE('',*,*,#869,.T.);
#1132=ORIENTED_EDGE('',*,*,#870,.T.);
#1133=ORIENTED_EDGE('',*,*,#866,.F.);
#1134=ORIENTED_EDGE('',*,*,#871,.T.);
#1135=ORIENTED_EDGE('',*,*,#850,.F.);
#1136=ORIENTED_EDGE('',*,*,#872,.T.);
#1137=ORIENTED_EDGE('',*,*,#869,.F.);
#1138=ORIENTED_EDGE('',*,*,#873,.T.);
#1139=ORIENTED_EDGE('',*,*,#862,.F.);
#1140=ORIENTED_EDGE('',*,*,#874,.T.);
#1141=ORIENTED_EDGE('',*,*,#875,.F.);
#1142=ORIENTED_EDGE('',*,*,#876,.F.);
#1143=ORIENTED_EDGE('',*,*,#859,.F.);
#1144=ORIENTED_EDGE('',*,*,#877,.T.);
#1145=ORIENTED_EDGE('',*,*,#878,.F.);
#1146=ORIENTED_EDGE('',*,*,#874,.F.);
#1147=ORIENTED_EDGE('',*,*,#856,.F.);
#1148=ORIENTED_EDGE('',*,*,#879,.F.);
#1149=ORIENTED_EDGE('',*,*,#880,.F.);
#1150=ORIENTED_EDGE('',*,*,#877,.F.);
#1151=ORIENTED_EDGE('',*,*,#851,.F.);
#1152=ORIENTED_EDGE('',*,*,#881,.T.);
#1153=ORIENTED_EDGE('',*,*,#882,.F.);
#1154=ORIENTED_EDGE('',*,*,#879,.T.);
#1155=ORIENTED_EDGE('',*,*,#883,.F.);
#1156=ORIENTED_EDGE('',*,*,#884,.T.);
#1157=ORIENTED_EDGE('',*,*,#885,.T.);
#1158=ORIENTED_EDGE('',*,*,#886,.F.);
#1159=ORIENTED_EDGE('',*,*,#853,.F.);
#1160=ORIENTED_EDGE('',*,*,#855,.F.);
#1161=ORIENTED_EDGE('',*,*,#858,.F.);
#1162=ORIENTED_EDGE('',*,*,#861,.F.);
#1163=ORIENTED_EDGE('',*,*,#864,.F.);
#1164=ORIENTED_EDGE('',*,*,#867,.F.);
#1165=ORIENTED_EDGE('',*,*,#870,.F.);
#1166=ORIENTED_EDGE('',*,*,#872,.F.);
#1167=ORIENTED_EDGE('',*,*,#887,.T.);
#1168=ORIENTED_EDGE('',*,*,#888,.T.);
#1169=ORIENTED_EDGE('',*,*,#889,.T.);
#1170=ORIENTED_EDGE('',*,*,#890,.T.);
#1171=ORIENTED_EDGE('',*,*,#891,.T.);
#1172=ORIENTED_EDGE('',*,*,#892,.T.);
#1173=ORIENTED_EDGE('',*,*,#889,.F.);
#1174=ORIENTED_EDGE('',*,*,#875,.T.);
#1175=ORIENTED_EDGE('',*,*,#893,.T.);
#1176=ORIENTED_EDGE('',*,*,#894,.T.);
#1177=ORIENTED_EDGE('',*,*,#891,.F.);
#1178=ORIENTED_EDGE('',*,*,#878,.T.);
#1179=ORIENTED_EDGE('',*,*,#895,.T.);
#1180=ORIENTED_EDGE('',*,*,#896,.T.);
#1181=ORIENTED_EDGE('',*,*,#893,.F.);
#1182=ORIENTED_EDGE('',*,*,#880,.T.);
#1183=ORIENTED_EDGE('',*,*,#897,.T.);
#1184=ORIENTED_EDGE('',*,*,#898,.T.);
#1185=ORIENTED_EDGE('',*,*,#895,.F.);
#1186=ORIENTED_EDGE('',*,*,#882,.T.);
#1187=ORIENTED_EDGE('',*,*,#899,.T.);
#1188=ORIENTED_EDGE('',*,*,#900,.T.);
#1189=ORIENTED_EDGE('',*,*,#897,.F.);
#1190=ORIENTED_EDGE('',*,*,#901,.T.);
#1191=ORIENTED_EDGE('',*,*,#902,.T.);
#1192=ORIENTED_EDGE('',*,*,#903,.T.);
#1193=ORIENTED_EDGE('',*,*,#899,.F.);
#1194=ORIENTED_EDGE('',*,*,#904,.T.);
#1195=ORIENTED_EDGE('',*,*,#887,.F.);
#1196=ORIENTED_EDGE('',*,*,#905,.T.);
#1197=ORIENTED_EDGE('',*,*,#902,.F.);
#1198=ORIENTED_EDGE('',*,*,#906,.T.);
#1199=ORIENTED_EDGE('',*,*,#865,.F.);
#1200=ORIENTED_EDGE('',*,*,#876,.T.);
#1201=ORIENTED_EDGE('',*,*,#888,.F.);
#1202=ORIENTED_EDGE('',*,*,#907,.F.);
#1203=ORIENTED_EDGE('',*,*,#908,.F.);
#1204=ORIENTED_EDGE('',*,*,#909,.T.);
#1205=ORIENTED_EDGE('',*,*,#910,.T.);
#1206=ORIENTED_EDGE('',*,*,#911,.F.);
#1207=ORIENTED_EDGE('',*,*,#890,.F.);
#1208=ORIENTED_EDGE('',*,*,#892,.F.);
#1209=ORIENTED_EDGE('',*,*,#894,.F.);
#1210=ORIENTED_EDGE('',*,*,#896,.F.);
#1211=ORIENTED_EDGE('',*,*,#898,.F.);
#1212=ORIENTED_EDGE('',*,*,#900,.F.);
#1213=ORIENTED_EDGE('',*,*,#903,.F.);
#1214=ORIENTED_EDGE('',*,*,#905,.F.);
#1215=ORIENTED_EDGE('',*,*,#868,.F.);
#1216=ORIENTED_EDGE('',*,*,#907,.T.);
#1217=ORIENTED_EDGE('',*,*,#906,.F.);
#1218=ORIENTED_EDGE('',*,*,#912,.F.);
#1219=ORIENTED_EDGE('',*,*,#871,.F.);
#1220=ORIENTED_EDGE('',*,*,#912,.T.);
#1221=ORIENTED_EDGE('',*,*,#904,.F.);
#1222=ORIENTED_EDGE('',*,*,#913,.F.);
#1223=ORIENTED_EDGE('',*,*,#873,.F.);
#1224=ORIENTED_EDGE('',*,*,#913,.T.);
#1225=ORIENTED_EDGE('',*,*,#901,.F.);
#1226=ORIENTED_EDGE('',*,*,#881,.F.);
#1227=ORIENTED_EDGE('',*,*,#914,.T.);
#1228=ORIENTED_EDGE('',*,*,#908,.T.);
#1229=ORIENTED_EDGE('',*,*,#915,.T.);
#1230=ORIENTED_EDGE('',*,*,#916,.T.);
#1231=ORIENTED_EDGE('',*,*,#917,.T.);
#1232=ORIENTED_EDGE('',*,*,#918,.T.);
#1233=ORIENTED_EDGE('',*,*,#915,.F.);
#1234=ORIENTED_EDGE('',*,*,#919,.T.);
#1235=ORIENTED_EDGE('',*,*,#920,.T.);
#1236=ORIENTED_EDGE('',*,*,#921,.T.);
#1237=ORIENTED_EDGE('',*,*,#917,.F.);
#1238=ORIENTED_EDGE('',*,*,#922,.T.);
#1239=ORIENTED_EDGE('',*,*,#923,.T.);
#1240=ORIENTED_EDGE('',*,*,#924,.T.);
#1241=ORIENTED_EDGE('',*,*,#920,.F.);
#1242=ORIENTED_EDGE('',*,*,#925,.T.);
#1243=ORIENTED_EDGE('',*,*,#926,.T.);
#1244=ORIENTED_EDGE('',*,*,#927,.T.);
#1245=ORIENTED_EDGE('',*,*,#923,.F.);
#1246=ORIENTED_EDGE('',*,*,#883,.T.);
#1247=ORIENTED_EDGE('',*,*,#928,.T.);
#1248=ORIENTED_EDGE('',*,*,#929,.T.);
#1249=ORIENTED_EDGE('',*,*,#926,.F.);
#1250=ORIENTED_EDGE('',*,*,#930,.T.);
#1251=ORIENTED_EDGE('',*,*,#931,.T.);
#1252=ORIENTED_EDGE('',*,*,#932,.T.);
#1253=ORIENTED_EDGE('',*,*,#928,.F.);
#1254=ORIENTED_EDGE('',*,*,#933,.T.);
#1255=ORIENTED_EDGE('',*,*,#934,.T.);
#1256=ORIENTED_EDGE('',*,*,#935,.T.);
#1257=ORIENTED_EDGE('',*,*,#931,.F.);
#1258=ORIENTED_EDGE('',*,*,#936,.T.);
#1259=ORIENTED_EDGE('',*,*,#937,.T.);
#1260=ORIENTED_EDGE('',*,*,#938,.T.);
#1261=ORIENTED_EDGE('',*,*,#934,.F.);
#1262=ORIENTED_EDGE('',*,*,#939,.T.);
#1263=ORIENTED_EDGE('',*,*,#937,.F.);
#1264=ORIENTED_EDGE('',*,*,#940,.T.);
#1265=ORIENTED_EDGE('',*,*,#914,.F.);
#1266=ORIENTED_EDGE('',*,*,#941,.T.);
#1267=ORIENTED_EDGE('',*,*,#925,.F.);
#1268=ORIENTED_EDGE('',*,*,#942,.T.);
#1269=ORIENTED_EDGE('',*,*,#943,.T.);
#1270=ORIENTED_EDGE('',*,*,#884,.F.);
#1271=ORIENTED_EDGE('',*,*,#922,.F.);
#1272=ORIENTED_EDGE('',*,*,#944,.T.);
#1273=ORIENTED_EDGE('',*,*,#945,.T.);
#1274=ORIENTED_EDGE('',*,*,#942,.F.);
#1275=ORIENTED_EDGE('',*,*,#919,.F.);
#1276=ORIENTED_EDGE('',*,*,#911,.T.);
#1277=ORIENTED_EDGE('',*,*,#946,.T.);
#1278=ORIENTED_EDGE('',*,*,#944,.F.);
#1279=ORIENTED_EDGE('',*,*,#916,.F.);
#1280=ORIENTED_EDGE('',*,*,#918,.F.);
#1281=ORIENTED_EDGE('',*,*,#921,.F.);
#1282=ORIENTED_EDGE('',*,*,#924,.F.);
#1283=ORIENTED_EDGE('',*,*,#927,.F.);
#1284=ORIENTED_EDGE('',*,*,#929,.F.);
#1285=ORIENTED_EDGE('',*,*,#932,.F.);
#1286=ORIENTED_EDGE('',*,*,#935,.F.);
#1287=ORIENTED_EDGE('',*,*,#938,.F.);
#1288=ORIENTED_EDGE('',*,*,#941,.F.);
#1289=ORIENTED_EDGE('',*,*,#930,.F.);
#1290=ORIENTED_EDGE('',*,*,#886,.T.);
#1291=ORIENTED_EDGE('',*,*,#947,.T.);
#1292=ORIENTED_EDGE('',*,*,#948,.T.);
#1293=ORIENTED_EDGE('',*,*,#940,.F.);
#1294=ORIENTED_EDGE('',*,*,#949,.T.);
#1295=ORIENTED_EDGE('',*,*,#950,.T.);
#1296=ORIENTED_EDGE('',*,*,#909,.F.);
#1297=ORIENTED_EDGE('',*,*,#939,.F.);
#1298=ORIENTED_EDGE('',*,*,#951,.T.);
#1299=ORIENTED_EDGE('',*,*,#952,.F.);
#1300=ORIENTED_EDGE('',*,*,#949,.F.);
#1301=ORIENTED_EDGE('',*,*,#933,.F.);
#1302=ORIENTED_EDGE('',*,*,#948,.F.);
#1303=ORIENTED_EDGE('',*,*,#953,.F.);
#1304=ORIENTED_EDGE('',*,*,#954,.T.);
#1305=ORIENTED_EDGE('',*,*,#936,.F.);
#1306=ORIENTED_EDGE('',*,*,#954,.F.);
#1307=ORIENTED_EDGE('',*,*,#955,.F.);
#1308=ORIENTED_EDGE('',*,*,#951,.F.);
#1309=ORIENTED_EDGE('',*,*,#956,.T.);
#1310=ORIENTED_EDGE('',*,*,#957,.T.);
#1311=ORIENTED_EDGE('',*,*,#958,.T.);
#1312=ORIENTED_EDGE('',*,*,#952,.T.);
#1313=ORIENTED_EDGE('',*,*,#955,.T.);
#1314=ORIENTED_EDGE('',*,*,#953,.T.);
#1315=ORIENTED_EDGE('',*,*,#959,.T.);
#1316=ORIENTED_EDGE('',*,*,#960,.T.);
#1317=ORIENTED_EDGE('',*,*,#961,.F.);
#1318=ORIENTED_EDGE('',*,*,#962,.T.);
#1319=ORIENTED_EDGE('',*,*,#963,.F.);
#1320=ORIENTED_EDGE('',*,*,#964,.T.);
#1321=ORIENTED_EDGE('',*,*,#965,.T.);
#1322=ORIENTED_EDGE('',*,*,#957,.F.);
#1323=ORIENTED_EDGE('',*,*,#966,.T.);
#1324=ORIENTED_EDGE('',*,*,#967,.T.);
#1325=ORIENTED_EDGE('',*,*,#968,.T.);
#1326=ORIENTED_EDGE('',*,*,#967,.F.);
#1327=ORIENTED_EDGE('',*,*,#956,.F.);
#1328=ORIENTED_EDGE('',*,*,#968,.F.);
#1329=ORIENTED_EDGE('',*,*,#966,.F.);
#1330=ORIENTED_EDGE('',*,*,#969,.T.);
#1331=ORIENTED_EDGE('',*,*,#970,.F.);
#1332=ORIENTED_EDGE('',*,*,#969,.F.);
#1333=ORIENTED_EDGE('',*,*,#971,.F.);
#1334=ORIENTED_EDGE('',*,*,#972,.T.);
#1335=ORIENTED_EDGE('',*,*,#973,.T.);
#1336=ORIENTED_EDGE('',*,*,#963,.T.);
#1337=ORIENTED_EDGE('',*,*,#974,.T.);
#1338=ORIENTED_EDGE('',*,*,#975,.T.);
#1339=ORIENTED_EDGE('',*,*,#976,.T.);
#1340=ORIENTED_EDGE('',*,*,#973,.F.);
#1341=ORIENTED_EDGE('',*,*,#977,.T.);
#1342=ORIENTED_EDGE('',*,*,#977,.F.);
#1343=ORIENTED_EDGE('',*,*,#972,.F.);
#1344=ORIENTED_EDGE('',*,*,#978,.T.);
#1345=ORIENTED_EDGE('',*,*,#979,.T.);
#1346=ORIENTED_EDGE('',*,*,#980,.T.);
#1347=ORIENTED_EDGE('',*,*,#981,.T.);
#1348=ORIENTED_EDGE('',*,*,#982,.T.);
#1349=ORIENTED_EDGE('',*,*,#983,.T.);
#1350=ORIENTED_EDGE('',*,*,#984,.T.);
#1351=ORIENTED_EDGE('',*,*,#985,.F.);
#1352=ORIENTED_EDGE('',*,*,#961,.T.);
#1353=ORIENTED_EDGE('',*,*,#983,.F.);
#1354=ORIENTED_EDGE('',*,*,#986,.T.);
#1355=ORIENTED_EDGE('',*,*,#987,.T.);
#1356=ORIENTED_EDGE('',*,*,#986,.F.);
#1357=ORIENTED_EDGE('',*,*,#982,.F.);
#1358=ORIENTED_EDGE('',*,*,#988,.T.);
#1359=ORIENTED_EDGE('',*,*,#989,.F.);
#1360=ORIENTED_EDGE('',*,*,#990,.T.);
#1361=ORIENTED_EDGE('',*,*,#980,.F.);
#1362=ORIENTED_EDGE('',*,*,#991,.T.);
#1363=ORIENTED_EDGE('',*,*,#988,.F.);
#1364=ORIENTED_EDGE('',*,*,#992,.T.);
#1365=ORIENTED_EDGE('',*,*,#991,.F.);
#1366=ORIENTED_EDGE('',*,*,#979,.F.);
#1367=ORIENTED_EDGE('',*,*,#993,.F.);
#1368=ORIENTED_EDGE('',*,*,#989,.T.);
#1369=ORIENTED_EDGE('',*,*,#994,.T.);
#1370=ORIENTED_EDGE('',*,*,#987,.F.);
#1371=ORIENTED_EDGE('',*,*,#990,.F.);
#1372=ORIENTED_EDGE('',*,*,#993,.T.);
#1373=ORIENTED_EDGE('',*,*,#978,.F.);
#1374=ORIENTED_EDGE('',*,*,#971,.T.);
#1375=ORIENTED_EDGE('',*,*,#994,.F.);
#1376=ORIENTED_EDGE('',*,*,#974,.F.);
#1377=ORIENTED_EDGE('',*,*,#962,.F.);
#1378=ORIENTED_EDGE('',*,*,#985,.T.);
#1379=ORIENTED_EDGE('',*,*,#992,.F.);
#1380=ORIENTED_EDGE('',*,*,#981,.F.);
#1381=ORIENTED_EDGE('',*,*,#995,.F.);
#1382=ORIENTED_EDGE('',*,*,#975,.F.);
#1383=ORIENTED_EDGE('',*,*,#995,.T.);
#1384=ORIENTED_EDGE('',*,*,#984,.F.);
#1385=ORIENTED_EDGE('',*,*,#960,.F.);
#1386=ORIENTED_EDGE('',*,*,#996,.T.);
#1387=ORIENTED_EDGE('',*,*,#997,.F.);
#1388=ORIENTED_EDGE('',*,*,#998,.F.);
#1389=ORIENTED_EDGE('',*,*,#999,.F.);
#1390=ORIENTED_EDGE('',*,*,#1000,.F.);
#1391=ORIENTED_EDGE('',*,*,#964,.F.);
#1392=ORIENTED_EDGE('',*,*,#976,.F.);
#1393=ORIENTED_EDGE('',*,*,#950,.F.);
#1394=ORIENTED_EDGE('',*,*,#958,.F.);
#1395=ORIENTED_EDGE('',*,*,#965,.F.);
#1396=ORIENTED_EDGE('',*,*,#1001,.F.);
#1397=ORIENTED_EDGE('',*,*,#1002,.F.);
#1398=ORIENTED_EDGE('',*,*,#1003,.F.);
#1399=ORIENTED_EDGE('',*,*,#1004,.F.);
#1400=ORIENTED_EDGE('',*,*,#1005,.F.);
#1401=ORIENTED_EDGE('',*,*,#1006,.F.);
#1402=ORIENTED_EDGE('',*,*,#1007,.F.);
#1403=ORIENTED_EDGE('',*,*,#1008,.F.);
#1404=ORIENTED_EDGE('',*,*,#1009,.F.);
#1405=ORIENTED_EDGE('',*,*,#1010,.F.);
#1406=ORIENTED_EDGE('',*,*,#1011,.F.);
#1407=ORIENTED_EDGE('',*,*,#1012,.F.);
#1408=ORIENTED_EDGE('',*,*,#1013,.F.);
#1409=ORIENTED_EDGE('',*,*,#1014,.T.);
#1410=ORIENTED_EDGE('',*,*,#1015,.T.);
#1411=ORIENTED_EDGE('',*,*,#959,.F.);
#1412=ORIENTED_EDGE('',*,*,#947,.F.);
#1413=ORIENTED_EDGE('',*,*,#885,.F.);
#1414=ORIENTED_EDGE('',*,*,#943,.F.);
#1415=ORIENTED_EDGE('',*,*,#945,.F.);
#1416=ORIENTED_EDGE('',*,*,#946,.F.);
#1417=ORIENTED_EDGE('',*,*,#910,.F.);
#1418=ORIENTED_EDGE('',*,*,#1015,.F.);
#1419=ORIENTED_EDGE('',*,*,#1016,.T.);
#1420=ORIENTED_EDGE('',*,*,#1017,.T.);
#1421=ORIENTED_EDGE('',*,*,#996,.F.);
#1422=ORIENTED_EDGE('',*,*,#1014,.F.);
#1423=ORIENTED_EDGE('',*,*,#1018,.F.);
#1424=ORIENTED_EDGE('',*,*,#1019,.T.);
#1425=ORIENTED_EDGE('',*,*,#1016,.F.);
#1426=ORIENTED_EDGE('',*,*,#1001,.T.);
#1427=ORIENTED_EDGE('',*,*,#1000,.T.);
#1428=ORIENTED_EDGE('',*,*,#1020,.T.);
#1429=ORIENTED_EDGE('',*,*,#1021,.T.);
#1430=ORIENTED_EDGE('',*,*,#1022,.T.);
#1431=ORIENTED_EDGE('',*,*,#1023,.T.);
#1432=ORIENTED_EDGE('',*,*,#1024,.T.);
#1433=ORIENTED_EDGE('',*,*,#1003,.T.);
#1434=ORIENTED_EDGE('',*,*,#1024,.F.);
#1435=ORIENTED_EDGE('',*,*,#1025,.T.);
#1436=ORIENTED_EDGE('',*,*,#1026,.T.);
#1437=ORIENTED_EDGE('',*,*,#1004,.T.);
#1438=ORIENTED_EDGE('',*,*,#1026,.F.);
#1439=ORIENTED_EDGE('',*,*,#1027,.T.);
#1440=ORIENTED_EDGE('',*,*,#1028,.T.);
#1441=ORIENTED_EDGE('',*,*,#1005,.T.);
#1442=ORIENTED_EDGE('',*,*,#1002,.T.);
#1443=ORIENTED_EDGE('',*,*,#1021,.F.);
#1444=ORIENTED_EDGE('',*,*,#1029,.T.);
#1445=ORIENTED_EDGE('',*,*,#1022,.F.);
#1446=ORIENTED_EDGE('',*,*,#1030,.T.);
#1447=ORIENTED_EDGE('',*,*,#1031,.T.);
#1448=ORIENTED_EDGE('',*,*,#1032,.T.);
#1449=ORIENTED_EDGE('',*,*,#1033,.T.);
#1450=ORIENTED_EDGE('',*,*,#1030,.F.);
#1451=ORIENTED_EDGE('',*,*,#1006,.T.);
#1452=ORIENTED_EDGE('',*,*,#1028,.F.);
#1453=ORIENTED_EDGE('',*,*,#1034,.T.);
#1454=ORIENTED_EDGE('',*,*,#1035,.T.);
#1455=ORIENTED_EDGE('',*,*,#1036,.T.);
#1456=ORIENTED_EDGE('',*,*,#1037,.T.);
#1457=ORIENTED_EDGE('',*,*,#1038,.T.);
#1458=ORIENTED_EDGE('',*,*,#1035,.F.);
#1459=ORIENTED_EDGE('',*,*,#1039,.T.);
#1460=ORIENTED_EDGE('',*,*,#1032,.F.);
#1461=ORIENTED_EDGE('',*,*,#1040,.T.);
#1462=ORIENTED_EDGE('',*,*,#1041,.T.);
#1463=ORIENTED_EDGE('',*,*,#1042,.T.);
#1464=ORIENTED_EDGE('',*,*,#1043,.T.);
#1465=ORIENTED_EDGE('',*,*,#1044,.T.);
#1466=ORIENTED_EDGE('',*,*,#1041,.F.);
#1467=ORIENTED_EDGE('',*,*,#1045,.T.);
#1468=ORIENTED_EDGE('',*,*,#1037,.F.);
#1469=ORIENTED_EDGE('',*,*,#1046,.T.);
#1470=ORIENTED_EDGE('',*,*,#1047,.T.);
#1471=ORIENTED_EDGE('',*,*,#1048,.T.);
#1472=ORIENTED_EDGE('',*,*,#1049,.T.);
#1473=ORIENTED_EDGE('',*,*,#1008,.T.);
#1474=ORIENTED_EDGE('',*,*,#1047,.F.);
#1475=ORIENTED_EDGE('',*,*,#1050,.T.);
#1476=ORIENTED_EDGE('',*,*,#1043,.F.);
#1477=ORIENTED_EDGE('',*,*,#1051,.T.);
#1478=ORIENTED_EDGE('',*,*,#1052,.T.);
#1479=ORIENTED_EDGE('',*,*,#1053,.T.);
#1480=ORIENTED_EDGE('',*,*,#1054,.T.);
#1481=ORIENTED_EDGE('',*,*,#1055,.T.);
#1482=ORIENTED_EDGE('',*,*,#1054,.F.);
#1483=ORIENTED_EDGE('',*,*,#1056,.T.);
#1484=ORIENTED_EDGE('',*,*,#1049,.F.);
#1485=ORIENTED_EDGE('',*,*,#1057,.T.);
#1486=ORIENTED_EDGE('',*,*,#1058,.T.);
#1487=ORIENTED_EDGE('',*,*,#1059,.T.);
#1488=ORIENTED_EDGE('',*,*,#1060,.T.);
#1489=ORIENTED_EDGE('',*,*,#1061,.T.);
#1490=ORIENTED_EDGE('',*,*,#1060,.F.);
#1491=ORIENTED_EDGE('',*,*,#1062,.T.);
#1492=ORIENTED_EDGE('',*,*,#1052,.F.);
#1493=ORIENTED_EDGE('',*,*,#1063,.T.);
#1494=ORIENTED_EDGE('',*,*,#1064,.T.);
#1495=ORIENTED_EDGE('',*,*,#1065,.T.);
#1496=ORIENTED_EDGE('',*,*,#1066,.T.);
#1497=ORIENTED_EDGE('',*,*,#1067,.T.);
#1498=ORIENTED_EDGE('',*,*,#1066,.F.);
#1499=ORIENTED_EDGE('',*,*,#1068,.T.);
#1500=ORIENTED_EDGE('',*,*,#1058,.F.);
#1501=ORIENTED_EDGE('',*,*,#1069,.T.);
#1502=ORIENTED_EDGE('',*,*,#1070,.T.);
#1503=ORIENTED_EDGE('',*,*,#1011,.T.);
#1504=ORIENTED_EDGE('',*,*,#1071,.T.);
#1505=ORIENTED_EDGE('',*,*,#1072,.T.);
#1506=ORIENTED_EDGE('',*,*,#1070,.F.);
#1507=ORIENTED_EDGE('',*,*,#1073,.T.);
#1508=ORIENTED_EDGE('',*,*,#1074,.T.);
#1509=ORIENTED_EDGE('',*,*,#1012,.T.);
#1510=ORIENTED_EDGE('',*,*,#1018,.T.);
#1511=ORIENTED_EDGE('',*,*,#1013,.T.);
#1512=ORIENTED_EDGE('',*,*,#1074,.F.);
#1513=ORIENTED_EDGE('',*,*,#1075,.T.);
#1514=ORIENTED_EDGE('',*,*,#1071,.F.);
#1515=ORIENTED_EDGE('',*,*,#1010,.T.);
#1516=ORIENTED_EDGE('',*,*,#1064,.F.);
#1517=ORIENTED_EDGE('',*,*,#1076,.T.);
#1518=ORIENTED_EDGE('',*,*,#1033,.F.);
#1519=ORIENTED_EDGE('',*,*,#1039,.F.);
#1520=ORIENTED_EDGE('',*,*,#1038,.F.);
#1521=ORIENTED_EDGE('',*,*,#1045,.F.);
#1522=ORIENTED_EDGE('',*,*,#1044,.F.);
#1523=ORIENTED_EDGE('',*,*,#1050,.F.);
#1524=ORIENTED_EDGE('',*,*,#1007,.T.);
#1525=ORIENTED_EDGE('',*,*,#1056,.F.);
#1526=ORIENTED_EDGE('',*,*,#1053,.F.);
#1527=ORIENTED_EDGE('',*,*,#1062,.F.);
#1528=ORIENTED_EDGE('',*,*,#1059,.F.);
#1529=ORIENTED_EDGE('',*,*,#1068,.F.);
#1530=ORIENTED_EDGE('',*,*,#1065,.F.);
#1531=ORIENTED_EDGE('',*,*,#1009,.T.);
#1532=ORIENTED_EDGE('',*,*,#998,.T.);
#1533=ORIENTED_EDGE('',*,*,#1077,.F.);
#1534=ORIENTED_EDGE('',*,*,#1078,.F.);
#1535=ORIENTED_EDGE('',*,*,#1079,.F.);
#1536=ORIENTED_EDGE('',*,*,#1080,.F.);
#1537=ORIENTED_EDGE('',*,*,#1081,.T.);
#1538=ORIENTED_EDGE('',*,*,#1082,.F.);
#1539=ORIENTED_EDGE('',*,*,#1083,.F.);
#1540=ORIENTED_EDGE('',*,*,#1084,.F.);
#1541=ORIENTED_EDGE('',*,*,#1085,.F.);
#1542=ORIENTED_EDGE('',*,*,#1086,.F.);
#1543=ORIENTED_EDGE('',*,*,#1087,.F.);
#1544=ORIENTED_EDGE('',*,*,#970,.T.);
#1545=ORIENTED_EDGE('',*,*,#1075,.F.);
#1546=ORIENTED_EDGE('',*,*,#1088,.F.);
#1547=ORIENTED_EDGE('',*,*,#1077,.T.);
#1548=ORIENTED_EDGE('',*,*,#997,.T.);
#1549=ORIENTED_EDGE('',*,*,#1017,.F.);
#1550=ORIENTED_EDGE('',*,*,#1019,.F.);
#1551=ORIENTED_EDGE('',*,*,#1020,.F.);
#1552=ORIENTED_EDGE('',*,*,#999,.T.);
#1553=ORIENTED_EDGE('',*,*,#1087,.T.);
#1554=ORIENTED_EDGE('',*,*,#1089,.F.);
#1555=ORIENTED_EDGE('',*,*,#1023,.F.);
#1556=ORIENTED_EDGE('',*,*,#1029,.F.);
#1557=ORIENTED_EDGE('',*,*,#1025,.F.);
#1558=ORIENTED_EDGE('',*,*,#1089,.T.);
#1559=ORIENTED_EDGE('',*,*,#1086,.T.);
#1560=ORIENTED_EDGE('',*,*,#1090,.T.);
#1561=ORIENTED_EDGE('',*,*,#1073,.F.);
#1562=ORIENTED_EDGE('',*,*,#1091,.T.);
#1563=ORIENTED_EDGE('',*,*,#1078,.T.);
#1564=ORIENTED_EDGE('',*,*,#1088,.T.);
#1565=ORIENTED_EDGE('',*,*,#1036,.F.);
#1566=ORIENTED_EDGE('',*,*,#1092,.T.);
#1567=ORIENTED_EDGE('',*,*,#1084,.T.);
#1568=ORIENTED_EDGE('',*,*,#1093,.F.);
#1569=ORIENTED_EDGE('',*,*,#1094,.T.);
#1570=ORIENTED_EDGE('',*,*,#1046,.F.);
#1571=ORIENTED_EDGE('',*,*,#1042,.F.);
#1572=ORIENTED_EDGE('',*,*,#1094,.F.);
#1573=ORIENTED_EDGE('',*,*,#1095,.T.);
#1574=ORIENTED_EDGE('',*,*,#1096,.F.);
#1575=ORIENTED_EDGE('',*,*,#1055,.F.);
#1576=ORIENTED_EDGE('',*,*,#1057,.F.);
#1577=ORIENTED_EDGE('',*,*,#1048,.F.);
#1578=ORIENTED_EDGE('',*,*,#1051,.F.);
#1579=ORIENTED_EDGE('',*,*,#1063,.F.);
#1580=ORIENTED_EDGE('',*,*,#1096,.T.);
#1581=ORIENTED_EDGE('',*,*,#1097,.T.);
#1582=ORIENTED_EDGE('',*,*,#1080,.T.);
#1583=ORIENTED_EDGE('',*,*,#1098,.T.);
#1584=ORIENTED_EDGE('',*,*,#1061,.F.);
#1585=ORIENTED_EDGE('',*,*,#1069,.F.);
#1586=ORIENTED_EDGE('',*,*,#1098,.F.);
#1587=ORIENTED_EDGE('',*,*,#1079,.T.);
#1588=ORIENTED_EDGE('',*,*,#1091,.F.);
#1589=ORIENTED_EDGE('',*,*,#1072,.F.);
#1590=ORIENTED_EDGE('',*,*,#1076,.F.);
#1591=ORIENTED_EDGE('',*,*,#1067,.F.);
#1592=ORIENTED_EDGE('',*,*,#1027,.F.);
#1593=ORIENTED_EDGE('',*,*,#1090,.F.);
#1594=ORIENTED_EDGE('',*,*,#1085,.T.);
#1595=ORIENTED_EDGE('',*,*,#1092,.F.);
#1596=ORIENTED_EDGE('',*,*,#1040,.F.);
#1597=ORIENTED_EDGE('',*,*,#1031,.F.);
#1598=ORIENTED_EDGE('',*,*,#1034,.F.);
#1599=ORIENTED_EDGE('',*,*,#1099,.T.);
#1600=ORIENTED_EDGE('',*,*,#1100,.T.);
#1601=ORIENTED_EDGE('',*,*,#1101,.T.);
#1602=ORIENTED_EDGE('',*,*,#1102,.T.);
#1603=ORIENTED_EDGE('',*,*,#1102,.F.);
#1604=ORIENTED_EDGE('',*,*,#1103,.F.);
#1605=ORIENTED_EDGE('',*,*,#1095,.F.);
#1606=ORIENTED_EDGE('',*,*,#1104,.T.);
#1607=ORIENTED_EDGE('',*,*,#1101,.F.);
#1608=ORIENTED_EDGE('',*,*,#1105,.F.);
#1609=ORIENTED_EDGE('',*,*,#1081,.F.);
#1610=ORIENTED_EDGE('',*,*,#1097,.F.);
#1611=ORIENTED_EDGE('',*,*,#1103,.T.);
#1612=ORIENTED_EDGE('',*,*,#1100,.F.);
#1613=ORIENTED_EDGE('',*,*,#1106,.T.);
#1614=ORIENTED_EDGE('',*,*,#1082,.T.);
#1615=ORIENTED_EDGE('',*,*,#1105,.T.);
#1616=ORIENTED_EDGE('',*,*,#1099,.F.);
#1617=ORIENTED_EDGE('',*,*,#1104,.F.);
#1618=ORIENTED_EDGE('',*,*,#1093,.T.);
#1619=ORIENTED_EDGE('',*,*,#1083,.T.);
#1620=ORIENTED_EDGE('',*,*,#1106,.F.);
#1621=TOROIDAL_SURFACE('',#1750,3.3,0.3);
#1622=TOROIDAL_SURFACE('',#1759,3.3,0.3);
#1623=TOROIDAL_SURFACE('',#1774,3.3,0.3);
#1624=TOROIDAL_SURFACE('',#1783,3.3,0.3);
#1625=TOROIDAL_SURFACE('',#1822,4.,3.);
#1626=TOROIDAL_SURFACE('',#1827,4.,3.);
#1627=TOROIDAL_SURFACE('',#1830,4.,3.);
#1628=TOROIDAL_SURFACE('',#1833,4.,3.);
#1629=TOROIDAL_SURFACE('',#1836,4.,3.);
#1630=TOROIDAL_SURFACE('',#1838,4.,3.);
#1631=TOROIDAL_SURFACE('',#1841,3.325,0.6);
#1632=ADVANCED_FACE('',(#396),#1621,.T.);
#1633=ADVANCED_FACE('',(#397),#366,.F.);
#1634=ADVANCED_FACE('',(#398),#297,.T.);
#1635=ADVANCED_FACE('',(#399),#367,.F.);
#1636=ADVANCED_FACE('',(#400),#1622,.T.);
#1637=ADVANCED_FACE('',(#401),#368,.F.);
#1638=ADVANCED_FACE('',(#402),#298,.T.);
#1639=ADVANCED_FACE('',(#403),#369,.F.);
#1640=ADVANCED_FACE('',(#404),#299,.F.);
#1641=ADVANCED_FACE('',(#405),#40,.F.);
#1642=ADVANCED_FACE('',(#406),#300,.F.);
#1643=ADVANCED_FACE('',(#407),#41,.F.);
#1644=ADVANCED_FACE('',(#408,#36),#301,.F.);
#1645=ADVANCED_FACE('',(#409),#1623,.T.);
#1646=ADVANCED_FACE('',(#410),#370,.F.);
#1647=ADVANCED_FACE('',(#411),#302,.T.);
#1648=ADVANCED_FACE('',(#412),#371,.F.);
#1649=ADVANCED_FACE('',(#413),#1624,.T.);
#1650=ADVANCED_FACE('',(#414),#372,.F.);
#1651=ADVANCED_FACE('',(#415),#303,.T.);
#1652=ADVANCED_FACE('',(#416),#373,.F.);
#1653=ADVANCED_FACE('',(#417),#42,.F.);
#1654=ADVANCED_FACE('',(#418,#37),#304,.F.);
#1655=ADVANCED_FACE('',(#419),#305,.F.);
#1656=ADVANCED_FACE('',(#420),#43,.F.);
#1657=ADVANCED_FACE('',(#421),#306,.F.);
#1658=ADVANCED_FACE('',(#422),#307,.T.);
#1659=ADVANCED_FACE('',(#423),#30,.F.);
#1660=ADVANCED_FACE('',(#424),#308,.T.);
#1661=ADVANCED_FACE('',(#425),#31,.F.);
#1662=ADVANCED_FACE('',(#426),#309,.T.);
#1663=ADVANCED_FACE('',(#427),#32,.F.);
#1664=ADVANCED_FACE('',(#428),#33,.F.);
#1665=ADVANCED_FACE('',(#429),#310,.T.);
#1666=ADVANCED_FACE('',(#430),#34,.F.);
#1667=ADVANCED_FACE('',(#431),#35,.F.);
#1668=ADVANCED_FACE('',(#432),#1625,.F.);
#1669=ADVANCED_FACE('',(#433),#311,.F.);
#1670=ADVANCED_FACE('',(#434),#1626,.F.);
#1671=ADVANCED_FACE('',(#435),#44,.T.);
#1672=ADVANCED_FACE('',(#436),#1627,.F.);
#1673=ADVANCED_FACE('',(#437),#1628,.F.);
#1674=ADVANCED_FACE('',(#438),#1629,.F.);
#1675=ADVANCED_FACE('',(#439),#1630,.F.);
#1676=ADVANCED_FACE('',(#440),#312,.F.);
#1677=ADVANCED_FACE('',(#441),#1631,.T.);
#1678=ADVANCED_FACE('',(#442),#15,.F.);
#1679=ADVANCED_FACE('',(#443,#38),#45,.T.);
#1680=ADVANCED_FACE('',(#444),#313,.F.);
#1681=ADVANCED_FACE('',(#445),#374,.T.);
#1682=ADVANCED_FACE('',(#446),#46,.T.);
#1683=ADVANCED_FACE('',(#447),#47,.F.);
#1684=ADVANCED_FACE('',(#448),#48,.T.);
#1685=ADVANCED_FACE('',(#449),#375,.T.);
#1686=ADVANCED_FACE('',(#450),#49,.F.);
#1687=ADVANCED_FACE('',(#451),#16,.T.);
#1688=ADVANCED_FACE('',(#452),#314,.T.);
#1689=ADVANCED_FACE('',(#453),#17,.T.);
#1690=ADVANCED_FACE('',(#454),#50,.F.);
#1691=ADVANCED_FACE('',(#455),#51,.T.);
#1692=ADVANCED_FACE('',(#456),#315,.T.);
#1693=ADVANCED_FACE('',(#457),#52,.T.);
#1694=ADVANCED_FACE('',(#458),#376,.T.);
#1695=ADVANCED_FACE('',(#459),#377,.T.);
#1696=ADVANCED_FACE('',(#460),#378,.T.);
#1697=ADVANCED_FACE('',(#461),#53,.T.);
#1698=ADVANCED_FACE('',(#462),#18,.T.);
#1699=ADVANCED_FACE('',(#463),#54,.T.);
#1700=ADVANCED_FACE('',(#464),#379,.T.);
#1701=ADVANCED_FACE('',(#465),#380,.T.);
#1702=ADVANCED_FACE('',(#466),#381,.T.);
#1703=ADVANCED_FACE('',(#467),#382,.T.);
#1704=ADVANCED_FACE('',(#468),#383,.T.);
#1705=ADVANCED_FACE('',(#469),#384,.T.);
#1706=ADVANCED_FACE('',(#470),#385,.T.);
#1707=ADVANCED_FACE('',(#471),#55,.T.);
#1708=ADVANCED_FACE('',(#472),#386,.T.);
#1709=ADVANCED_FACE('',(#473),#387,.T.);
#1710=ADVANCED_FACE('',(#474),#388,.T.);
#1711=ADVANCED_FACE('',(#475),#389,.T.);
#1712=ADVANCED_FACE('',(#476),#390,.T.);
#1713=ADVANCED_FACE('',(#477),#391,.T.);
#1714=ADVANCED_FACE('',(#478),#392,.T.);
#1715=ADVANCED_FACE('',(#479),#56,.T.);
#1716=ADVANCED_FACE('',(#480),#19,.T.);
#1717=ADVANCED_FACE('',(#481),#57,.T.);
#1718=ADVANCED_FACE('',(#482),#393,.T.);
#1719=ADVANCED_FACE('',(#483),#394,.T.);
#1720=ADVANCED_FACE('',(#484),#395,.T.);
#1721=ADVANCED_FACE('',(#485,#39),#58,.T.);
#1722=ADVANCED_FACE('',(#486),#59,.T.);
#1723=ADVANCED_FACE('',(#487),#60,.T.);
#1724=ADVANCED_FACE('',(#488),#316,.T.);
#1725=ADVANCED_FACE('',(#489),#317,.T.);
#1726=ADVANCED_FACE('',(#490),#318,.T.);
#1727=ADVANCED_FACE('',(#491),#61,.T.);
#1728=ADVANCED_FACE('',(#492),#319,.T.);
#1729=ADVANCED_FACE('',(#493),#62,.T.);
#1730=ADVANCED_FACE('',(#494),#63,.T.);
#1731=ADVANCED_FACE('',(#495),#64,.T.);
#1732=ADVANCED_FACE('',(#496),#65,.T.);
#1733=ADVANCED_FACE('',(#497),#66,.T.);
#1734=ADVANCED_FACE('',(#498),#67,.T.);
#1735=ADVANCED_FACE('',(#499),#68,.T.);
#1736=CLOSED_SHELL('',(#1632,#1633,#1634,#1635,#1636,#1637,#1638,#1639,
#1640,#1641,#1642,#1643,#1644,#1645,#1646,#1647,#1648,#1649,#1650,#1651,
#1652,#1653,#1654,#1655,#1656,#1657,#1658,#1659,#1660,#1661,#1662,#1663,
#1664,#1665,#1666,#1667,#1668,#1669,#1670,#1671,#1672,#1673,#1674,#1675,
#1676,#1677,#1678,#1679,#1680,#1681,#1682,#1683,#1684,#1685,#1686,#1687,
#1688,#1689,#1690,#1691,#1692,#1693,#1694,#1695,#1696,#1697,#1698,#1699,
#1700,#1701,#1702,#1703,#1704,#1705,#1706,#1707,#1708,#1709,#1710,#1711,
#1712,#1713,#1714,#1715,#1716,#1717,#1718,#1719,#1720,#1721,#1722,#1723,
#1724,#1725,#1726,#1727,#1728,#1729,#1730,#1731,#1732,#1733,#1734,#1735));
#1737=DERIVED_UNIT_ELEMENT(#1739,1.);
#1738=DERIVED_UNIT_ELEMENT(#3820,-3.);
#1739=(
MASS_UNIT()
NAMED_UNIT(*)
SI_UNIT(.KILO.,.GRAM.)
);
#1740=DERIVED_UNIT((#1737,#1738));
#1741=MEASURE_REPRESENTATION_ITEM('density measure',
POSITIVE_RATIO_MEASURE(7850.),#1740);
#1742=PROPERTY_DEFINITION_REPRESENTATION(#1747,#1744);
#1743=PROPERTY_DEFINITION_REPRESENTATION(#1748,#1745);
#1744=REPRESENTATION('material name',(#1746),#3817);
#1745=REPRESENTATION('density',(#1741),#3817);
#1746=DESCRIPTIVE_REPRESENTATION_ITEM('Steel','Steel');
#1747=PROPERTY_DEFINITION('material property','material name',#3827);
#1748=PROPERTY_DEFINITION('material property','density of part',#3827);
#1749=AXIS2_PLACEMENT_3D('',#2361,#1915,#1916);
#1750=AXIS2_PLACEMENT_3D('',#2362,#1917,#1918);
#1751=AXIS2_PLACEMENT_3D('',#2365,#1919,#1920);
#1752=AXIS2_PLACEMENT_3D('',#2367,#1921,#1922);
#1753=AXIS2_PLACEMENT_3D('',#2369,#1923,#1924);
#1754=AXIS2_PLACEMENT_3D('',#2370,#1925,#1926);
#1755=AXIS2_PLACEMENT_3D('',#2398,#1927,#1928);
#1756=AXIS2_PLACEMENT_3D('',#2409,#1929,#1930);
#1757=AXIS2_PLACEMENT_3D('',#2412,#1931,#1932);
#1758=AXIS2_PLACEMENT_3D('',#2447,#1935,#1936);
#1759=AXIS2_PLACEMENT_3D('',#2460,#1937,#1938);
#1760=AXIS2_PLACEMENT_3D('',#2463,#1939,#1940);
#1761=AXIS2_PLACEMENT_3D('',#2464,#1941,#1942);
#1762=AXIS2_PLACEMENT_3D('',#2465,#1943,#1944);
#1763=AXIS2_PLACEMENT_3D('',#2498,#1945,#1946);
#1764=AXIS2_PLACEMENT_3D('',#2511,#1947,#1948);
#1765=AXIS2_PLACEMENT_3D('',#2514,#1949,#1950);
#1766=AXIS2_PLACEMENT_3D('',#2566,#1953,#1954);
#1767=AXIS2_PLACEMENT_3D('',#2576,#1957,#1958);
#1768=AXIS2_PLACEMENT_3D('',#2580,#1961,#1962);
#1769=AXIS2_PLACEMENT_3D('',#2588,#1964,#1965);
#1770=AXIS2_PLACEMENT_3D('',#2591,#1967,#1968);
#1771=AXIS2_PLACEMENT_3D('',#2592,#1969,#1970);
#1772=AXIS2_PLACEMENT_3D('',#2597,#1972,#1973);
#1773=AXIS2_PLACEMENT_3D('',#2600,#1975,#1976);
#1774=AXIS2_PLACEMENT_3D('',#2601,#1977,#1978);
#1775=AXIS2_PLACEMENT_3D('',#2604,#1979,#1980);
#1776=AXIS2_PLACEMENT_3D('',#2605,#1981,#1982);
#1777=AXIS2_PLACEMENT_3D('',#2607,#1983,#1984);
#1778=AXIS2_PLACEMENT_3D('',#2608,#1985,#1986);
#1779=AXIS2_PLACEMENT_3D('',#2635,#1987,#1988);
#1780=AXIS2_PLACEMENT_3D('',#2641,#1989,#1990);
#1781=AXIS2_PLACEMENT_3D('',#2643,#1991,#1992);
#1782=AXIS2_PLACEMENT_3D('',#2671,#1994,#1995);
#1783=AXIS2_PLACEMENT_3D('',#2677,#1996,#1997);
#1784=AXIS2_PLACEMENT_3D('',#2679,#1998,#1999);
#1785=AXIS2_PLACEMENT_3D('',#2680,#2000,#2001);
#1786=AXIS2_PLACEMENT_3D('',#2713,#2002,#2003);
#1787=AXIS2_PLACEMENT_3D('',#2726,#2004,#2005);
#1788=AXIS2_PLACEMENT_3D('',#2729,#2006,#2007);
#1789=AXIS2_PLACEMENT_3D('',#2781,#2010,#2011);
#1790=AXIS2_PLACEMENT_3D('',#2783,#2013,#2014);
#1791=AXIS2_PLACEMENT_3D('',#2788,#2016,#2017);
#1792=AXIS2_PLACEMENT_3D('',#2791,#2019,#2020);
#1793=AXIS2_PLACEMENT_3D('',#2792,#2021,#2022);
#1794=AXIS2_PLACEMENT_3D('',#2794,#2024,#2025);
#1795=AXIS2_PLACEMENT_3D('',#2796,#2027,#2028);
#1796=AXIS2_PLACEMENT_3D('',#2797,#2029,#2030);
#1797=AXIS2_PLACEMENT_3D('',#2799,#2031,#2032);
#1798=AXIS2_PLACEMENT_3D('',#2801,#2033,#2034);
#1799=AXIS2_PLACEMENT_3D('',#2814,#2036,#2037);
#1800=AXIS2_PLACEMENT_3D('',#2815,#2038,#2039);
#1801=AXIS2_PLACEMENT_3D('',#2816,#2040,#2041);
#1802=AXIS2_PLACEMENT_3D('',#2817,#2042,#2043);
#1803=AXIS2_PLACEMENT_3D('',#2820,#2044,#2045);
#1804=AXIS2_PLACEMENT_3D('',#2833,#2048,#2049);
#1805=AXIS2_PLACEMENT_3D('',#2834,#2050,#2051);
#1806=AXIS2_PLACEMENT_3D('',#2835,#2052,#2053);
#1807=AXIS2_PLACEMENT_3D('',#2836,#2054,#2055);
#1808=AXIS2_PLACEMENT_3D('',#2838,#2056,#2057);
#1809=AXIS2_PLACEMENT_3D('',#2851,#2059,#2060);
#1810=AXIS2_PLACEMENT_3D('',#2852,#2061,#2062);
#1811=AXIS2_PLACEMENT_3D('',#2853,#2063,#2064);
#1812=AXIS2_PLACEMENT_3D('',#2865,#2065,#2066);
#1813=AXIS2_PLACEMENT_3D('',#2866,#2067,#2068);
#1814=AXIS2_PLACEMENT_3D('',#2867,#2069,#2070);
#1815=AXIS2_PLACEMENT_3D('',#2868,#2071,#2072);
#1816=AXIS2_PLACEMENT_3D('',#2871,#2073,#2074);
#1817=AXIS2_PLACEMENT_3D('',#2885,#2077,#2078);
#1818=AXIS2_PLACEMENT_3D('',#2886,#2079,#2080);
#1819=AXIS2_PLACEMENT_3D('',#2887,#2081,#2082);
#1820=AXIS2_PLACEMENT_3D('',#2897,#2083,#2084);
#1821=AXIS2_PLACEMENT_3D('',#2898,#2085,#2086);
#1822=AXIS2_PLACEMENT_3D('',#2899,#2087,#2088);
#1823=AXIS2_PLACEMENT_3D('',#2901,#2089,#2090);
#1824=AXIS2_PLACEMENT_3D('',#2902,#2091,#2092);
#1825=AXIS2_PLACEMENT_3D('',#2903,#2093,#2094);
#1826=AXIS2_PLACEMENT_3D('',#2905,#2095,#2096);
#1827=AXIS2_PLACEMENT_3D('',#2907,#2098,#2099);
#1828=AXIS2_PLACEMENT_3D('',#2908,#2100,#2101);
#1829=AXIS2_PLACEMENT_3D('',#2909,#2102,#2103);
#1830=AXIS2_PLACEMENT_3D('',#2910,#2104,#2105);
#1831=AXIS2_PLACEMENT_3D('',#2912,#2106,#2107);
#1832=AXIS2_PLACEMENT_3D('',#2913,#2108,#2109);
#1833=AXIS2_PLACEMENT_3D('',#2914,#2110,#2111);
#1834=AXIS2_PLACEMENT_3D('',#2916,#2112,#2113);
#1835=AXIS2_PLACEMENT_3D('',#2917,#2114,#2115);
#1836=AXIS2_PLACEMENT_3D('',#2918,#2116,#2117);
#1837=AXIS2_PLACEMENT_3D('',#2920,#2118,#2119);
#1838=AXIS2_PLACEMENT_3D('',#2931,#2120,#2121);
#1839=AXIS2_PLACEMENT_3D('',#2943,#2122,#2123);
#1840=AXIS2_PLACEMENT_3D('',#2944,#2124,#2125);
#1841=AXIS2_PLACEMENT_3D('',#2955,#2126,#2127);
#1842=AXIS2_PLACEMENT_3D('',#2957,#2128,#2129);
#1843=AXIS2_PLACEMENT_3D('',#2959,#2130,#2131);
#1844=AXIS2_PLACEMENT_3D('',#2960,#2132,#2133);
#1845=AXIS2_PLACEMENT_3D('',#2962,#2134,#2135);
#1846=AXIS2_PLACEMENT_3D('',#2964,#2136,#2137);
#1847=AXIS2_PLACEMENT_3D('',#2966,#2138,#2139);
#1848=AXIS2_PLACEMENT_3D('',#2968,#2140,#2141);
#1849=AXIS2_PLACEMENT_3D('',#2970,#2142,#2143);
#1850=AXIS2_PLACEMENT_3D('',#2972,#2144,#2145);
#1851=AXIS2_PLACEMENT_3D('',#2973,#2146,#2147);
#1852=AXIS2_PLACEMENT_3D('',#2974,#2148,#2149);
#1853=AXIS2_PLACEMENT_3D('',#2976,#2150,#2151);
#1854=AXIS2_PLACEMENT_3D('',#2979,#2153,#2154);
#1855=AXIS2_PLACEMENT_3D('',#2980,#2155,#2156);
#1856=AXIS2_PLACEMENT_3D('',#2981,#2157,#2158);
#1857=AXIS2_PLACEMENT_3D('',#2984,#2160,#2161);
#1858=AXIS2_PLACEMENT_3D('',#3008,#2162,#2163);
#1859=AXIS2_PLACEMENT_3D('',#3016,#2165,#2166);
#1860=AXIS2_PLACEMENT_3D('',#3022,#2170,#2171);
#1861=AXIS2_PLACEMENT_3D('',#3028,#2175,#2176);
#1862=AXIS2_PLACEMENT_3D('',#3060,#2181,#2182);
#1863=AXIS2_PLACEMENT_3D('',#3065,#2183,#2184);
#1864=AXIS2_PLACEMENT_3D('',#3071,#2188,#2189);
#1865=AXIS2_PLACEMENT_3D('',#3072,#2190,#2191);
#1866=AXIS2_PLACEMENT_3D('',#3073,#2192,#2193);
#1867=AXIS2_PLACEMENT_3D('',#3074,#2194,#2195);
#1868=AXIS2_PLACEMENT_3D('',#3075,#2196,#2197);
#1869=AXIS2_PLACEMENT_3D('',#3076,#2198,#2199);
#1870=AXIS2_PLACEMENT_3D('',#3077,#2200,#2201);
#1871=AXIS2_PLACEMENT_3D('',#3078,#2202,#2203);
#1872=AXIS2_PLACEMENT_3D('',#3079,#2204,#2205);
#1873=AXIS2_PLACEMENT_3D('',#3080,#2206,#2207);
#1874=AXIS2_PLACEMENT_3D('',#3081,#2208,#2209);
#1875=AXIS2_PLACEMENT_3D('',#3092,#2211,#2212);
#1876=AXIS2_PLACEMENT_3D('',#3101,#2214,#2215);
#1877=AXIS2_PLACEMENT_3D('',#3122,#2217,#2218);
#1878=AXIS2_PLACEMENT_3D('',#3146,#2224,#2225);
#1879=AXIS2_PLACEMENT_3D('',#3230,#2231,#2232);
#1880=AXIS2_PLACEMENT_3D('',#3236,#2236,#2237);
#1881=AXIS2_PLACEMENT_3D('',#3238,#2238,#2239);
#1882=AXIS2_PLACEMENT_3D('',#3240,#2241,#2242);
#1883=AXIS2_PLACEMENT_3D('',#3324,#2248,#2249);
#1884=AXIS2_PLACEMENT_3D('',#3443,#2256,#2257);
#1885=AXIS2_PLACEMENT_3D('',#3460,#2258,#2259);
#1886=AXIS2_PLACEMENT_3D('',#3461,#2260,#2261);
#1887=AXIS2_PLACEMENT_3D('',#3462,#2262,#2263);
#1888=AXIS2_PLACEMENT_3D('',#3511,#2269,#2270);
#1889=AXIS2_PLACEMENT_3D('',#3619,#2275,#2276);
#1890=AXIS2_PLACEMENT_3D('',#3620,#2277,#2278);
#1891=AXIS2_PLACEMENT_3D('',#3685,#2282,#2283);
#1892=AXIS2_PLACEMENT_3D('',#3691,#2287,#2288);
#1893=AXIS2_PLACEMENT_3D('',#3693,#2289,#2290);
#1894=AXIS2_PLACEMENT_3D('',#3695,#2292,#2293);
#1895=AXIS2_PLACEMENT_3D('',#3713,#2295,#2296);
#1896=AXIS2_PLACEMENT_3D('',#3754,#2297,#2298);
#1897=AXIS2_PLACEMENT_3D('',#3758,#2300,#2301);
#1898=AXIS2_PLACEMENT_3D('',#3762,#2303,#2304);
#1899=AXIS2_PLACEMENT_3D('',#3770,#2308,#2309);
#1900=AXIS2_PLACEMENT_3D('',#3774,#2311,#2312);
#1901=AXIS2_PLACEMENT_3D('',#3776,#2314,#2315);
#1902=AXIS2_PLACEMENT_3D('',#3778,#2317,#2318);
#1903=AXIS2_PLACEMENT_3D('',#3780,#2320,#2321);
#1904=AXIS2_PLACEMENT_3D('',#3782,#2323,#2324);
#1905=AXIS2_PLACEMENT_3D('',#3784,#2326,#2327);
#1906=AXIS2_PLACEMENT_3D('',#3789,#2331,#2332);
#1907=AXIS2_PLACEMENT_3D('',#3793,#2335,#2336);
#1908=AXIS2_PLACEMENT_3D('',#3796,#2339,#2340);
#1909=AXIS2_PLACEMENT_3D('',#3797,#2341,#2342);
#1910=AXIS2_PLACEMENT_3D('',#3798,#2343,#2344);
#1911=AXIS2_PLACEMENT_3D('',#3807,#2349,#2350);
#1912=AXIS2_PLACEMENT_3D('',#3810,#2353,#2354);
#1913=AXIS2_PLACEMENT_3D('',#3812,#2356,#2357);
#1914=AXIS2_PLACEMENT_3D('',#3814,#2359,#2360);
#1915=DIRECTION('axis',(0.,0.,1.));
#1916=DIRECTION('refdir',(1.,0.,0.));
#1917=DIRECTION('center_axis',(0.,-1.,0.));
#1918=DIRECTION('ref_axis',(0.,0.,1.));
#1919=DIRECTION('center_axis',(0.469696969696971,-4.34556991961868E-16,
-0.882827704967103));
#1920=DIRECTION('ref_axis',(0.882827704967103,0.,0.469696969696971));
#1921=DIRECTION('center_axis',(0.,-1.,0.));
#1922=DIRECTION('ref_axis',(-0.810805827393867,0.,-0.585315222990267));
#1923=DIRECTION('center_axis',(-0.590909090909093,5.46700731822996E-16,
0.806738152240855));
#1924=DIRECTION('ref_axis',(-9.25185853854296E-16,-1.,-1.13302589453907E-31));
#1925=DIRECTION('center_axis',(0.,1.,0.));
#1926=DIRECTION('ref_axis',(-0.810805827393867,0.,-0.585315222990268));
#1927=DIRECTION('center_axis',(0.,1.,0.));
#1928=DIRECTION('ref_axis',(-1.22464679914735E-16,0.,1.));
#1929=DIRECTION('center_axis',(-4.52848116820971E-48,-1.,3.69778549322353E-32));
#1930=DIRECTION('ref_axis',(0.33709993123162,0.,0.941468871691272));
#1931=DIRECTION('center_axis',(0.,1.,0.));
#1932=DIRECTION('ref_axis',(-1.22464679914735E-16,0.,1.));
#1933=DIRECTION('',(4.52848116820971E-48,1.,-3.69778549322353E-32));
#1934=DIRECTION('',(0.,-1.,0.));
#1935=DIRECTION('center_axis',(0.590909090909093,5.97106180974234E-15,-0.806738152240855));
#1936=DIRECTION('ref_axis',(-9.0642071563126E-31,1.,7.40148683083437E-15));
#1937=DIRECTION('center_axis',(0.,1.,0.));
#1938=DIRECTION('ref_axis',(0.,0.,-1.));
#1939=DIRECTION('center_axis',(0.46969696969697,0.,-0.882827704967104));
#1940=DIRECTION('ref_axis',(0.,1.,0.));
#1941=DIRECTION('center_axis',(0.,-1.,0.));
#1942=DIRECTION('ref_axis',(-0.810805827393867,0.,-0.585315222990267));
#1943=DIRECTION('center_axis',(0.,1.,0.));
#1944=DIRECTION('ref_axis',(-0.810805827393867,0.,-0.585315222990267));
#1945=DIRECTION('center_axis',(0.,-1.,0.));
#1946=DIRECTION('ref_axis',(1.22464679914735E-16,0.,-1.));
#1947=DIRECTION('center_axis',(4.52848116820971E-48,1.,-3.69778549322353E-32));
#1948=DIRECTION('ref_axis',(0.802458344052445,0.,-0.596708141439857));
#1949=DIRECTION('center_axis',(0.,-1.,0.));
#1950=DIRECTION('ref_axis',(1.22464679914735E-16,0.,-1.));
#1951=DIRECTION('',(-4.52848116820971E-48,-1.,3.69778549322353E-32));
#1952=DIRECTION('',(0.,1.,0.));
#1953=DIRECTION('center_axis',(-1.,0.,-1.22464679914735E-16));
#1954=DIRECTION('ref_axis',(1.22464679914735E-16,0.,-1.));
#1955=DIRECTION('',(-1.,0.,-1.22464679914735E-16));
#1956=DIRECTION('',(-1.,0.,-1.22464679914735E-16));
#1957=DIRECTION('center_axis',(1.22464679914735E-16,0.,-1.));
#1958=DIRECTION('ref_axis',(0.,-1.,0.));
#1959=DIRECTION('',(-1.,0.,-1.22464679914735E-16));
#1960=DIRECTION('',(1.38777878078145E-16,1.,1.69953884180861E-32));
#1961=DIRECTION('center_axis',(-1.,0.,-1.22464679914735E-16));
#1962=DIRECTION('ref_axis',(0.,1.,0.));
#1963=DIRECTION('',(1.,0.,1.22464679914735E-16));
#1964=DIRECTION('center_axis',(0.,1.,0.));
#1965=DIRECTION('ref_axis',(1.22464679914735E-16,0.,-1.));
#1966=DIRECTION('',(-1.,0.,-1.22464679914735E-16));
#1967=DIRECTION('center_axis',(0.,-1.,0.));
#1968=DIRECTION('ref_axis',(0.810805827393867,0.,-0.585315222990268));
#1969=DIRECTION('center_axis',(-4.52848116820971E-48,-1.,3.69778549322353E-32));
#1970=DIRECTION('ref_axis',(-0.707106781186548,0.,-0.707106781186547));
#1971=DIRECTION('',(4.52848116820971E-48,1.,-3.69778549322353E-32));
#1972=DIRECTION('center_axis',(0.,-1.,0.));
#1973=DIRECTION('ref_axis',(-1.,0.,6.17684003168702E-16));
#1974=DIRECTION('',(4.52848116820971E-48,1.,-3.69778549322353E-32));
#1975=DIRECTION('center_axis',(0.,-1.,0.));
#1976=DIRECTION('ref_axis',(-1.,0.,-1.22464679914735E-16));
#1977=DIRECTION('center_axis',(0.,1.,0.));
#1978=DIRECTION('ref_axis',(0.,0.,-1.));
#1979=DIRECTION('center_axis',(-0.469696969696972,0.,-0.882827704967103));
#1980=DIRECTION('ref_axis',(-0.882827704967103,0.,0.469696969696972));
#1981=DIRECTION('center_axis',(0.,1.,0.));
#1982=DIRECTION('ref_axis',(0.810805827393867,0.,-0.585315222990268));
#1983=DIRECTION('center_axis',(0.590909090909093,-5.46700731822996E-16,
0.806738152240855));
#1984=DIRECTION('ref_axis',(9.25185853854296E-16,1.,1.13302589453907E-31));
#1985=DIRECTION('center_axis',(0.,-1.,0.));
#1986=DIRECTION('ref_axis',(0.810805827393867,0.,-0.585315222990268));
#1987=DIRECTION('center_axis',(0.,-1.,0.));
#1988=DIRECTION('ref_axis',(-1.22464679914735E-16,0.,1.));
#1989=DIRECTION('center_axis',(1.38777878078145E-16,1.,-6.62047851794428E-32));
#1990=DIRECTION('ref_axis',(-0.337099931231622,0.,0.941468871691271));
#1991=DIRECTION('center_axis',(0.,-1.,0.));
#1992=DIRECTION('ref_axis',(-1.22464679914735E-16,0.,1.));
#1993=DIRECTION('',(-1.38777878078145E-16,-1.,6.62047851794428E-32));
#1994=DIRECTION('center_axis',(-0.590909090909093,0.,-0.806738152240855));
#1995=DIRECTION('ref_axis',(0.,-1.,0.));
#1996=DIRECTION('center_axis',(0.,-1.,0.));
#1997=DIRECTION('ref_axis',(0.,0.,1.));
#1998=DIRECTION('center_axis',(-0.469696969696972,-4.34556991961868E-16,
-0.882827704967103));
#1999=DIRECTION('ref_axis',(9.25185853854296E-16,-1.,1.13302589453907E-31));
#2000=DIRECTION('center_axis',(0.,1.,0.));
#2001=DIRECTION('ref_axis',(0.810805827393867,0.,-0.585315222990268));
#2002=DIRECTION('center_axis',(2.22491887255351E-15,1.,7.40148683083437E-15));
#2003=DIRECTION('ref_axis',(1.22464679914735E-16,7.40148683083437E-15,-1.));
#2004=DIRECTION('center_axis',(-1.38777878078145E-16,-1.,6.62047851794428E-32));
#2005=DIRECTION('ref_axis',(-0.802458344052445,0.,-0.596708141439857));
#2006=DIRECTION('center_axis',(0.,1.,0.));
#2007=DIRECTION('ref_axis',(1.22464679914735E-16,0.,-1.));
#2008=DIRECTION('',(1.38777878078145E-16,1.,-6.62047851794428E-32));
#2009=DIRECTION('',(-1.38777878078145E-16,-1.,-1.69953884180861E-32));
#2010=DIRECTION('center_axis',(0.,-1.,0.));
#2011=DIRECTION('ref_axis',(-1.22464679914735E-16,0.,1.));
#2012=DIRECTION('',(-1.,0.,-1.22464679914735E-16));
#2013=DIRECTION('center_axis',(1.38777878078145E-16,1.,-6.62047851794428E-32));
#2014=DIRECTION('ref_axis',(0.707106781186548,0.,-0.707106781186547));
#2015=DIRECTION('',(-1.38777878078145E-16,-1.,6.62047851794428E-32));
#2016=DIRECTION('center_axis',(0.,1.,0.));
#2017=DIRECTION('ref_axis',(1.,0.,1.22464679914735E-16));
#2018=DIRECTION('',(-1.38777878078145E-16,-1.,6.62047851794428E-32));
#2019=DIRECTION('center_axis',(0.,1.,0.));
#2020=DIRECTION('ref_axis',(1.,0.,1.22464679914735E-16));
#2021=DIRECTION('center_axis',(-1.,0.,-1.22464679914735E-16));
#2022=DIRECTION('ref_axis',(0.,-1.,0.));
#2023=DIRECTION('',(-1.,0.,-1.22464679914735E-16));
#2024=DIRECTION('center_axis',(-1.22464679914735E-16,0.,1.));
#2025=DIRECTION('ref_axis',(0.,1.,0.));
#2026=DIRECTION('',(-1.,0.,-1.22464679914735E-16));
#2027=DIRECTION('center_axis',(-1.,0.,-1.22464679914735E-16));
#2028=DIRECTION('ref_axis',(-1.22464679914735E-16,-7.40148683083442E-15,
1.));
#2029=DIRECTION('center_axis',(-1.38777878078145E-16,-1.,6.62047851794428E-32));
#2030=DIRECTION('ref_axis',(-0.612372435695794,0.,0.790569415042095));
#2031=DIRECTION('center_axis',(0.,-1.,0.));
#2032=DIRECTION('ref_axis',(-1.22464679914735E-16,0.,1.));
#2033=DIRECTION('center_axis',(0.,1.,0.));
#2034=DIRECTION('ref_axis',(-0.968245836551854,0.,0.249999999999999));
#2035=DIRECTION('',(1.38777878078145E-16,1.,1.69953884180861E-32));
#2036=DIRECTION('center_axis',(-1.,4.29987528494924E-16,-1.22464679914735E-16));
#2037=DIRECTION('ref_axis',(-4.46949804213116E-16,-0.968245836551855,0.249999999999998));
#2038=DIRECTION('center_axis',(1.22464679914735E-16,0.,-1.));
#2039=DIRECTION('ref_axis',(-0.707106781186548,-0.707106781186547,-8.65956056235494E-17));
#2040=DIRECTION('center_axis',(4.40687737790382E-17,1.84889274661177E-32,
1.));
#2041=DIRECTION('ref_axis',(-0.707106781186549,-0.707106781186546,-8.65956056235495E-17));
#2042=DIRECTION('center_axis',(1.,0.,-2.10602227472812E-16));
#2043=DIRECTION('ref_axis',(7.87248430653249E-17,-0.612372435695793,0.790569415042096));
#2044=DIRECTION('center_axis',(-1.,0.,-1.22464679914735E-16));
#2045=DIRECTION('ref_axis',(-3.06161699786838E-17,-0.968245836551854,0.249999999999999));
#2046=DIRECTION('',(-1.,0.,-1.22464679914735E-16));
#2047=DIRECTION('',(1.,0.,-2.10602227472812E-16));
#2048=DIRECTION('center_axis',(0.,-1.,0.));
#2049=DIRECTION('ref_axis',(0.968245836551854,0.,0.250000000000001));
#2050=DIRECTION('center_axis',(1.22464679914735E-16,0.,-1.));
#2051=DIRECTION('ref_axis',(0.707106781186548,-0.707106781186547,8.65956056235494E-17));
#2052=DIRECTION('center_axis',(4.40687737790382E-17,1.84889274661177E-32,
1.));
#2053=DIRECTION('ref_axis',(0.707106781186547,-0.707106781186548,8.65956056235493E-17));
#2054=DIRECTION('center_axis',(4.52848116820971E-48,1.,-3.69778549322353E-32));
#2055=DIRECTION('ref_axis',(0.612372435695794,0.,0.790569415042095));
#2056=DIRECTION('center_axis',(0.,-1.,0.));
#2057=DIRECTION('ref_axis',(0.968245836551854,0.,0.250000000000001));
#2058=DIRECTION('',(0.,-1.,0.));
#2059=DIRECTION('center_axis',(0.940592131816661,-0.339538571541717,1.15189314353246E-16));
#2060=DIRECTION('ref_axis',(0.328756808244487,0.910724415526178,0.249999999994799));
#2061=DIRECTION('center_axis',(1.22464679914735E-16,0.,-1.));
#2062=DIRECTION('ref_axis',(0.818394333906863,0.574657040528646,1.00224400145937E-16));
#2063=DIRECTION('center_axis',(4.40687737790382E-17,1.84889274661177E-32,
1.));
#2064=DIRECTION('ref_axis',(0.818394333906863,0.574657040528646,1.00224400145937E-16));
#2065=DIRECTION('center_axis',(1.,1.43329176164975E-16,1.22464679914735E-16));
#2066=DIRECTION('ref_axis',(-1.69394048056829E-16,0.968245836551854,0.249999999999999));
#2067=DIRECTION('center_axis',(1.22464679914735E-16,0.,-1.));
#2068=DIRECTION('ref_axis',(0.172348292975793,0.985036073404589,2.11065785331315E-17));
#2069=DIRECTION('center_axis',(4.40687737790382E-17,1.84889274661177E-32,
1.));
#2070=DIRECTION('ref_axis',(0.172348292975793,0.985036073404589,2.11065785331315E-17));
#2071=DIRECTION('center_axis',(-1.,0.,2.10602227472812E-16));
#2072=DIRECTION('ref_axis',(7.87248430653254E-17,0.612372435695794,0.790569415042095));
#2073=DIRECTION('center_axis',(1.,1.43329176164975E-16,1.22464679914735E-16));
#2074=DIRECTION('ref_axis',(-1.69394048056829E-16,0.968245836551854,0.249999999999999));
#2075=DIRECTION('',(1.,0.,1.22464679914735E-16));
#2076=DIRECTION('',(-1.,0.,2.10602227472812E-16));
#2077=DIRECTION('center_axis',(0.94059213181666,0.339538571541718,1.15189314353246E-16));
#2078=DIRECTION('ref_axis',(-0.328756808244033,0.910724415524914,0.249999999999999));
#2079=DIRECTION('center_axis',(1.22464679914735E-16,0.,-1.));
#2080=DIRECTION('ref_axis',(-0.172348292975793,0.985036073404589,-2.11065785331315E-17));
#2081=DIRECTION('center_axis',(4.40687737790382E-17,1.84889274661177E-32,
1.));
#2082=DIRECTION('ref_axis',(-0.172348292975793,0.985036073404589,-2.11065785331315E-17));
#2083=DIRECTION('center_axis',(4.40687737790382E-17,1.84889274661177E-32,
1.));
#2084=DIRECTION('ref_axis',(-0.818394333906864,0.574657040528645,-1.00224400145937E-16));
#2085=DIRECTION('center_axis',(1.22464679914735E-16,0.,-1.));
#2086=DIRECTION('ref_axis',(-0.818394333906864,0.574657040528645,-1.00224400145937E-16));
#2087=DIRECTION('center_axis',(2.10602227472812E-16,3.69778549322353E-32,
1.));
#2088=DIRECTION('ref_axis',(1.,0.,0.));
#2089=DIRECTION('center_axis',(-1.,-1.8503717077086E-16,2.47609661626983E-16));
#2090=DIRECTION('ref_axis',(-1.8503717077086E-16,1.,-2.26605178907815E-32));
#2091=DIRECTION('center_axis',(2.10602227472812E-16,3.69778549322353E-32,
1.));
#2092=DIRECTION('ref_axis',(0.707106781186549,-0.707106781186546,-1.48918263179017E-16));
#2093=DIRECTION('center_axis',(-1.,0.,2.10602227472812E-16));
#2094=DIRECTION('ref_axis',(-1.75086470823746E-16,0.707106781186548,-0.707106781186547));
#2095=DIRECTION('center_axis',(-1.,0.,2.01350368934269E-16));
#2096=DIRECTION('ref_axis',(0.,1.,0.));
#2097=DIRECTION('',(1.,0.,-2.10602227472812E-16));
#2098=DIRECTION('center_axis',(2.10602227472812E-16,3.69778549322353E-32,
1.));
#2099=DIRECTION('ref_axis',(1.,0.,0.));
#2100=DIRECTION('center_axis',(2.10602227472812E-16,3.69778549322353E-32,
1.));
#2101=DIRECTION('ref_axis',(-0.707106781186548,-0.707106781186547,1.48918263179017E-16));
#2102=DIRECTION('center_axis',(-1.22464679914735E-16,0.,1.));
#2103=DIRECTION('ref_axis',(1.,0.,1.22464679914735E-16));
#2104=DIRECTION('center_axis',(2.10602227472812E-16,3.69778549322353E-32,
1.));
#2105=DIRECTION('ref_axis',(1.,0.,0.));
#2106=DIRECTION('center_axis',(2.10602227472812E-16,3.69778549322353E-32,
1.));
#2107=DIRECTION('ref_axis',(0.707106781186548,0.707106781186547,-1.48918263179017E-16));
#2108=DIRECTION('center_axis',(-0.940592131816661,0.339538571541717,2.3289969949054E-16));
#2109=DIRECTION('ref_axis',(-2.47609661629549E-16,0.,-1.));
#2110=DIRECTION('center_axis',(2.10602227472812E-16,3.69778549322353E-32,
1.));
#2111=DIRECTION('ref_axis',(1.,0.,0.));
#2112=DIRECTION('center_axis',(0.94059213181666,0.339538571541719,1.84093270938376E-17));
#2113=DIRECTION('ref_axis',(0.339538571541719,-0.94059213181666,4.15814824825631E-17));
#2114=DIRECTION('center_axis',(2.10602227472812E-16,3.69778549322353E-32,
1.));
#2115=DIRECTION('ref_axis',(-0.707106781186547,0.707106781186548,1.48918263179017E-16));
#2116=DIRECTION('center_axis',(-2.10602227472812E-16,-3.69778549322353E-32,
-1.));
#2117=DIRECTION('ref_axis',(-1.,0.,0.));
#2118=DIRECTION('center_axis',(1.,-1.38777878078145E-16,-2.01350368934269E-16));
#2119=DIRECTION('ref_axis',(-1.38777878078145E-16,-1.,-1.69953884180861E-32));
#2120=DIRECTION('center_axis',(-2.10602227472812E-16,-3.69778549322353E-32,
-1.));
#2121=DIRECTION('ref_axis',(-1.,0.,0.));
#2122=DIRECTION('center_axis',(-1.,0.,2.01350368934269E-16));
#2123=DIRECTION('ref_axis',(-2.01350368934269E-16,0.,-1.));
#2124=DIRECTION('center_axis',(1.,0.,-2.10602227472812E-16));
#2125=DIRECTION('ref_axis',(-1.75086470823747E-16,-0.707106781186548,-0.707106781186547));
#2126=DIRECTION('center_axis',(-1.22464679914735E-16,0.,1.));
#2127=DIRECTION('ref_axis',(1.,0.,0.));
#2128=DIRECTION('center_axis',(1.22464679914735E-16,0.,-1.));
#2129=DIRECTION('ref_axis',(-1.,0.,-1.22464679914735E-16));
#2130=DIRECTION('center_axis',(0.,-1.,0.));
#2131=DIRECTION('ref_axis',(-1.,0.,0.));
#2132=DIRECTION('center_axis',(-1.22464679914735E-16,0.,1.));
#2133=DIRECTION('ref_axis',(1.,0.,1.22464679914735E-16));
#2134=DIRECTION('center_axis',(-1.22464679914735E-16,0.,1.));
#2135=DIRECTION('ref_axis',(1.,0.,1.22464679914735E-16));
#2136=DIRECTION('center_axis',(1.22464679914735E-16,0.,-1.));
#2137=DIRECTION('ref_axis',(-1.,0.,-1.22464679914735E-16));
#2138=DIRECTION('center_axis',(-0.819480744050384,0.573106717838479,9.95167726207432E-6));
#2139=DIRECTION('ref_axis',(0.221297528475632,0.316447595941467,-0.922436080665454));
#2140=DIRECTION('center_axis',(-1.22464679914735E-16,0.,1.));
#2141=DIRECTION('ref_axis',(1.,0.,1.22464679914735E-16));
#2142=DIRECTION('center_axis',(0.819480744049723,0.573106717839423,9.9516763095511E-6));
#2143=DIRECTION('ref_axis',(-0.221297501955133,0.316447558018043,-0.92243610003774));
#2144=DIRECTION('center_axis',(1.22464679914735E-16,0.,-1.));
#2145=DIRECTION('ref_axis',(-1.,0.,-1.22464679914735E-16));
#2146=DIRECTION('center_axis',(-1.22464679914735E-16,0.,1.));
#2147=DIRECTION('ref_axis',(1.,0.,1.22464679914735E-16));
#2148=DIRECTION('center_axis',(-1.22464679914735E-16,0.,1.));
#2149=DIRECTION('ref_axis',(-1.,0.,-1.22464679914735E-16));
#2150=DIRECTION('center_axis',(1.22464679914735E-16,0.,-1.));
#2151=DIRECTION('ref_axis',(-1.,0.,-1.22464679914735E-16));
#2152=DIRECTION('',(0.707106781186547,8.65956056235493E-17,0.707106781186548));
#2153=DIRECTION('center_axis',(-1.22464679914735E-16,0.,1.));
#2154=DIRECTION('ref_axis',(-1.,0.,-1.22464679914735E-16));
#2155=DIRECTION('center_axis',(-1.22464679914735E-16,0.,1.));
#2156=DIRECTION('ref_axis',(-1.,0.,-1.22464679914735E-16));
#2157=DIRECTION('center_axis',(1.22464679914735E-16,0.,-1.));
#2158=DIRECTION('ref_axis',(-1.,0.,-1.22464679914735E-16));
#2159=DIRECTION('',(1.22464679914735E-16,0.,-1.));
#2160=DIRECTION('center_axis',(1.22464679914735E-16,0.,-1.));
#2161=DIRECTION('ref_axis',(-1.,0.,-1.22464679914735E-16));
#2162=DIRECTION('center_axis',(-0.819152044288915,-0.573576436351156,-3.66630230019313E-14));
#2163=DIRECTION('ref_axis',(0.220443069633715,-0.314825330497471,0.923195463771147));
#2164=DIRECTION('',(-0.987946605447885,0.15479504121257,-1.20988564809025E-16));
#2165=DIRECTION('center_axis',(0.154795041212571,0.987946605447885,1.89569251744858E-17));
#2166=DIRECTION('ref_axis',(1.22464679914735E-16,0.,-1.));
#2167=DIRECTION('',(0.987946605447885,-0.154795041212571,1.20988564809025E-16));
#2168=DIRECTION('',(-1.22464679914735E-16,0.,1.));
#2169=DIRECTION('',(1.22464679914735E-16,0.,-1.));
#2170=DIRECTION('center_axis',(-0.819152044288992,-0.573576436351046,-1.00317192905352E-16));
#2171=DIRECTION('ref_axis',(-0.573576436351046,0.819152044288992,-7.02428546843654E-17));
#2172=DIRECTION('',(0.405579787672638,-0.579227965339569,-0.707106781186548));
#2173=DIRECTION('',(1.22464679914735E-16,0.,-1.));
#2174=DIRECTION('',(-0.405579787672638,0.579227965339569,-0.707106781186548));
#2175=DIRECTION('center_axis',(-0.154795041212571,0.987946605447885,-1.89569251744858E-17));
#2176=DIRECTION('ref_axis',(1.22464679914735E-16,0.,-1.));
#2177=DIRECTION('',(0.987946605447885,0.154795041212571,1.20988564809025E-16));
#2178=DIRECTION('',(-1.22464679914735E-16,0.,1.));
#2179=DIRECTION('',(0.987946605447885,0.154795041212568,1.20988564809025E-16));
#2180=DIRECTION('',(1.22464679914735E-16,0.,-1.));
#2181=DIRECTION('center_axis',(0.819152044288986,-0.573576436351055,3.56415250063111E-15));
#2182=DIRECTION('ref_axis',(-0.220443092841734,-0.314825363641976,0.923195446926634));
#2183=DIRECTION('center_axis',(0.819152044288992,-0.573576436351046,1.00317192905352E-16));
#2184=DIRECTION('ref_axis',(-0.573576436351046,-0.819152044288992,-7.02428546843654E-17));
#2185=DIRECTION('',(-0.405579787672638,-0.579227965339569,0.707106781186548));
#2186=DIRECTION('',(1.22464679914735E-16,0.,-1.));
#2187=DIRECTION('',(0.405579787672638,0.579227965339569,0.707106781186548));
#2188=DIRECTION('center_axis',(1.22464679914735E-16,0.,-1.));
#2189=DIRECTION('ref_axis',(-1.,0.,-1.22464679914735E-16));
#2190=DIRECTION('center_axis',(1.22464679914735E-16,0.,-1.));
#2191=DIRECTION('ref_axis',(-1.,0.,-1.22464679914735E-16));
#2192=DIRECTION('center_axis',(-1.22464679914735E-16,0.,1.));
#2193=DIRECTION('ref_axis',(-1.,0.,-1.22464679914735E-16));
#2194=DIRECTION('center_axis',(1.22464679914735E-16,0.,-1.));
#2195=DIRECTION('ref_axis',(-1.,0.,-1.22464679914735E-16));
#2196=DIRECTION('center_axis',(-1.22464679914735E-16,0.,1.));
#2197=DIRECTION('ref_axis',(-1.,0.,-1.22464679914735E-16));
#2198=DIRECTION('center_axis',(-1.22464679914735E-16,0.,1.));
#2199=DIRECTION('ref_axis',(-1.,0.,-1.22464679914735E-16));
#2200=DIRECTION('center_axis',(-1.22464679914735E-16,0.,1.));
#2201=DIRECTION('ref_axis',(-1.,0.,-1.22464679914735E-16));
#2202=DIRECTION('center_axis',(-1.22464679914735E-16,0.,1.));
#2203=DIRECTION('ref_axis',(-1.,0.,-1.22464679914735E-16));
#2204=DIRECTION('center_axis',(-1.22464679914735E-16,0.,1.));
#2205=DIRECTION('ref_axis',(-1.,0.,-1.22464679914735E-16));
#2206=DIRECTION('center_axis',(1.22464679914735E-16,0.,-1.));
#2207=DIRECTION('ref_axis',(-1.,0.,-1.22464679914735E-16));
#2208=DIRECTION('center_axis',(1.22464679914735E-16,0.,-1.));
#2209=DIRECTION('ref_axis',(-1.,0.,-1.22464679914735E-16));
#2210=DIRECTION('',(-1.22464679914735E-16,0.,1.));
#2211=DIRECTION('center_axis',(1.22464679914735E-16,0.,-1.));
#2212=DIRECTION('ref_axis',(-1.,0.,-1.22464679914735E-16));
#2213=DIRECTION('',(1.22464679914735E-16,0.,-1.));
#2214=DIRECTION('center_axis',(2.10602227472812E-16,3.69778549322353E-32,
1.));
#2215=DIRECTION('ref_axis',(-1.,-3.94430452610506E-31,2.10602227472812E-16));
#2216=DIRECTION('',(1.,0.,-2.10602227472812E-16));
#2217=DIRECTION('center_axis',(-2.10602227472812E-16,-3.69778549322353E-32,
-1.));
#2218=DIRECTION('ref_axis',(-0.707106781186548,0.707106781186547,1.48918263179017E-16));
#2219=DIRECTION('',(4.52848116820971E-48,1.,-3.69778549322353E-32));
#2220=DIRECTION('',(1.61156465207999E-5,0.999999999870143,1.97359749278878E-21));
#2221=DIRECTION('',(-1.,0.,2.10602227472812E-16));
#2222=DIRECTION('',(1.61156461903001E-5,-0.999999999870143,1.97359745231422E-21));
#2223=DIRECTION('',(-2.22044604925031E-15,-1.,5.04608738887556E-31));
#2224=DIRECTION('center_axis',(-2.10602227472812E-16,-3.69778549322353E-32,
-1.));
#2225=DIRECTION('ref_axis',(0.707106781186548,0.707106781186547,-1.48918263179017E-16));
#2226=DIRECTION('',(1.,0.,-2.10602227472812E-16));
#2227=DIRECTION('',(8.6978208532705E-17,0.703968726428926,-0.710230971029873));
#2228=DIRECTION('',(-2.04921117897828E-15,-0.707106781186551,0.707106781186544));
#2229=DIRECTION('',(-1.,0.,-1.22464679914735E-16));
#2230=DIRECTION('',(-2.04096055707643E-15,-0.703968726428926,0.710230971029873));
#2231=DIRECTION('center_axis',(1.48918263179016E-16,0.707106781186548,0.707106781186548));
#2232=DIRECTION('ref_axis',(1.,2.95822839457879E-31,-2.10602227472811E-16));
#2233=DIRECTION('',(-1.87601996773116E-15,0.707106781186544,-0.707106781186551));
#2234=DIRECTION('',(-1.,0.,2.10602227472812E-16));
#2235=DIRECTION('',(-8.65956056235489E-17,-0.707106781186551,0.707106781186544));
#2236=DIRECTION('center_axis',(1.22464679914735E-16,0.,-1.));
#2237=DIRECTION('ref_axis',(-0.707106781186548,0.707106781186547,-8.65956056235494E-17));
#2238=DIRECTION('center_axis',(2.10602227472812E-16,3.69778549322353E-32,
1.));
#2239=DIRECTION('ref_axis',(-0.707106781186548,0.707106781186547,1.48918263179017E-16));
#2240=DIRECTION('',(0.707106781186516,0.,0.707106781186579));
#2241=DIRECTION('center_axis',(-0.707106781186548,2.6147291976316E-32,0.707106781186547));
#2242=DIRECTION('ref_axis',(0.707106781186547,0.,0.707106781186548));
#2243=DIRECTION('',(-4.52848116820971E-48,-1.,3.69778549322353E-32));
#2244=DIRECTION('',(0.707106781186547,0.,0.707106781186548));
#2245=DIRECTION('',(-1.,0.,-1.22464679914735E-16));
#2246=DIRECTION('',(-0.709542890371528,-0.00653699153346634,-0.704631928360409));
#2247=DIRECTION('',(0.863219069896572,-0.0163031845712342,0.504566193417408));
#2248=DIRECTION('center_axis',(-1.,0.,-1.22464679914735E-16));
#2249=DIRECTION('ref_axis',(1.22459375046567E-16,-0.00930769549257731,-0.999956682464104));
#2250=DIRECTION('',(-0.863214755881417,0.0150854240707076,-0.504611449740484));
#2251=DIRECTION('',(0.120988319521817,0.698087852937897,0.705716073304161));
#2252=DIRECTION('',(-0.00188004683781243,0.999496810257225,0.0316637286105181));
#2253=DIRECTION('',(4.04232673297786E-18,-0.999455084111079,-0.0330081027100408));
#2254=DIRECTION('',(-0.11858178988225,-0.698603675580932,-0.705614103864948));
#2255=DIRECTION('',(-9.92287974945173E-11,0.707042762547421,0.707170794030205));
#2256=DIRECTION('center_axis',(-6.07975518472896E-6,0.999999835448923,0.000573642016022966));
#2257=DIRECTION('ref_axis',(-0.958738025092718,-0.000168910180662523,0.284290996534654));
#2258=DIRECTION('center_axis',(-1.53463383757887E-5,0.999999825453727,0.00059064118106881));
#2259=DIRECTION('ref_axis',(-0.963610360018048,-0.000172672665816305,0.267310763438434));
#2260=DIRECTION('center_axis',(0.158854462259212,-0.285002185837059,0.945271925896689));
#2261=DIRECTION('ref_axis',(0.0288066495610961,0.958359685943734,0.2841071792456));
#2262=DIRECTION('center_axis',(1.48918263179016E-16,-0.707106781186555,
0.70710678118654));
#2263=DIRECTION('ref_axis',(1.,1.4791141972894E-31,-2.10602227472812E-16));
#2264=DIRECTION('',(-7.76386668779532E-15,-0.707106781186532,-0.707106781186563));
#2265=DIRECTION('',(1.,0.,-2.10602227472812E-16));
#2266=DIRECTION('',(-8.65956069896333E-17,0.707106770031625,0.70710679234147));
#2267=DIRECTION('',(1.,0.,1.22464679914735E-16));
#2268=DIRECTION('',(-0.118581789882247,0.698603675580917,0.705614103864964));
#2269=DIRECTION('center_axis',(5.99578954808168E-6,0.999999833410539,0.000577185364183211));
#2270=DIRECTION('ref_axis',(-0.958334593096581,0.000170617844514341,-0.285647997654388));
#2271=DIRECTION('',(-3.92400980172372E-13,-0.70704276254071,-0.707170794036916));
#2272=DIRECTION('',(1.,0.,1.22464679914735E-16));
#2273=DIRECTION('',(-0.863214756205722,-0.0150854248985406,0.504611449160962));
#2274=DIRECTION('',(0.120988319521813,-0.698087852937921,-0.705716073304138));
#2275=DIRECTION('center_axis',(1.51360859801918E-5,0.999999822689604,0.000595308037112797));
#2276=DIRECTION('ref_axis',(-0.963366745213013,0.00017423575005022,-0.268187404364168));
#2277=DIRECTION('center_axis',(-0.158854462301643,-0.285002185109824,0.945271926108822));
#2278=DIRECTION('ref_axis',(-0.0288052712571939,0.95835966115935,0.284107402596862));
#2279=DIRECTION('',(-0.709542890371572,0.00653699153342662,0.704631928360366));
#2280=DIRECTION('',(0.863219069837025,0.0163031848898439,-0.504566193508987));
#2281=DIRECTION('',(-4.04232708987959E-18,0.99945508401483,0.0330081056243646));
#2282=DIRECTION('center_axis',(0.707106781186547,-1.57009245868377E-15,
0.707106781186548));
#2283=DIRECTION('ref_axis',(0.707106781186548,0.,-0.707106781186547));
#2284=DIRECTION('',(-0.707106781186548,0.,0.707106781186547));
#2285=DIRECTION('',(0.707106781186548,0.,-0.707106781186547));
#2286=DIRECTION('',(2.22044604925031E-15,1.,-5.04608738887556E-31));
#2287=DIRECTION('center_axis',(1.22464679914735E-16,0.,-1.));
#2288=DIRECTION('ref_axis',(0.707106781186548,0.707106781186547,8.65956056235494E-17));
#2289=DIRECTION('center_axis',(2.10602227472812E-16,3.69778549322353E-32,
1.));
#2290=DIRECTION('ref_axis',(0.707106781186548,0.707106781186547,-1.48918263179017E-16));
#2291=DIRECTION('',(7.7638666877956E-15,-0.707106781186569,0.707106781186526));
#2292=DIRECTION('center_axis',(1.48918263179018E-16,0.707106781186544,0.707106781186551));
#2293=DIRECTION('ref_axis',(1.,-4.19082355898663E-31,-2.10602227472812E-16));
#2294=DIRECTION('',(-1.,0.,2.10602227472812E-16));
#2295=DIRECTION('center_axis',(1.,0.,1.22464679914735E-16));
#2296=DIRECTION('ref_axis',(1.22464679856022E-16,-3.09655002571207E-5,-0.999999999520569));
#2297=DIRECTION('center_axis',(1.22464679914735E-16,0.,-1.));
#2298=DIRECTION('ref_axis',(-1.,0.,-1.22464679914735E-16));
#2299=DIRECTION('',(-1.,0.,-1.22464679914735E-16));
#2300=DIRECTION('center_axis',(-1.22464679914735E-16,0.,1.));
#2301=DIRECTION('ref_axis',(0.707106781186548,0.707106781186547,8.65956056235494E-17));
#2302=DIRECTION('',(2.22044604925031E-15,1.,2.71926214689378E-31));
#2303=DIRECTION('center_axis',(-1.22464679914735E-16,0.,1.));
#2304=DIRECTION('ref_axis',(0.707106781186547,-0.707106781186548,8.65956056235493E-17));
#2305=DIRECTION('',(0.,1.,0.));
#2306=DIRECTION('',(-1.,0.,-1.22464679914735E-16));
#2307=DIRECTION('',(0.,-1.,0.));
#2308=DIRECTION('center_axis',(-1.22464679914735E-16,0.,1.));
#2309=DIRECTION('ref_axis',(-0.707106781186547,-0.707106781186547,-8.65956056235493E-17));
#2310=DIRECTION('',(0.,-1.,0.));
#2311=DIRECTION('center_axis',(-1.22464679914735E-16,0.,1.));
#2312=DIRECTION('ref_axis',(-0.707106781186548,0.707106781186547,-8.65956056235494E-17));
#2313=DIRECTION('',(-1.,0.,-1.22464679914735E-16));
#2314=DIRECTION('center_axis',(0.,1.,0.));
#2315=DIRECTION('ref_axis',(1.,0.,1.22464679914735E-16));
#2316=DIRECTION('',(-1.22464679914735E-16,0.,1.));
#2317=DIRECTION('center_axis',(0.,1.,0.));
#2318=DIRECTION('ref_axis',(1.,0.,1.22464679914735E-16));
#2319=DIRECTION('',(1.22464679914735E-16,0.,-1.));
#2320=DIRECTION('center_axis',(-1.22464679914735E-16,0.,1.));
#2321=DIRECTION('ref_axis',(-0.707106781186548,0.707106781186547,-8.65956056235494E-17));
#2322=DIRECTION('',(-1.22464679914735E-16,0.,1.));
#2323=DIRECTION('center_axis',(-1.22464679914735E-16,0.,1.));
#2324=DIRECTION('ref_axis',(0.707106781186548,0.707106781186547,8.65956056235494E-17));
#2325=DIRECTION('',(1.22464679914735E-16,0.,-1.));
#2326=DIRECTION('center_axis',(1.22464679914735E-16,0.,-1.));
#2327=DIRECTION('ref_axis',(-0.707106781186547,-0.707106781186547,-8.65956056235493E-17));
#2328=DIRECTION('',(1.22464679914735E-16,0.,-1.));
#2329=DIRECTION('',(1.13271874735312E-12,0.,1.));
#2330=DIRECTION('',(-1.22464679914735E-16,0.,1.));
#2331=DIRECTION('center_axis',(0.,-1.,0.));
#2332=DIRECTION('ref_axis',(-1.,0.,-1.22464679914735E-16));
#2333=DIRECTION('',(1.,0.,1.22464679914735E-16));
#2334=DIRECTION('',(1.22464679914735E-16,0.,-1.));
#2335=DIRECTION('center_axis',(-1.22464679914735E-16,0.,1.));
#2336=DIRECTION('ref_axis',(0.707106781186547,-0.707106781186548,8.65956056235493E-17));
#2337=DIRECTION('',(1.17382024501553E-12,0.,-1.));
#2338=DIRECTION('',(-1.22464679914735E-16,0.,1.));
#2339=DIRECTION('center_axis',(1.,-2.22044604925031E-15,1.22464679914735E-16));
#2340=DIRECTION('ref_axis',(-2.22044604925031E-15,-1.,-2.71926214689378E-31));
#2341=DIRECTION('center_axis',(-1.,0.,-1.22464679914735E-16));
#2342=DIRECTION('ref_axis',(0.,1.,0.));
#2343=DIRECTION('center_axis',(-8.65956056235495E-17,-0.707106781186546,
0.707106781186549));
#2344=DIRECTION('ref_axis',(1.,0.,1.22464679914735E-16));
#2345=DIRECTION('',(8.00953107430516E-13,0.707106781186549,0.707106781186546));
#2346=DIRECTION('',(1.,0.,1.22464679914735E-16));
#2347=DIRECTION('',(8.30016255144539E-13,-0.707106781186549,-0.707106781186546));
#2348=DIRECTION('',(-1.,0.,-1.22464679914735E-16));
#2349=DIRECTION('center_axis',(-1.22464679914735E-16,0.,1.));
#2350=DIRECTION('ref_axis',(-1.,0.,-1.22464679914735E-16));
#2351=DIRECTION('',(0.,-1.,0.));
#2352=DIRECTION('',(0.,1.,0.));
#2353=DIRECTION('center_axis',(1.,0.,1.17382024501553E-12));
#2354=DIRECTION('ref_axis',(-1.17382024501553E-12,0.,1.));
#2355=DIRECTION('',(1.17382024501553E-12,0.,-1.));
#2356=DIRECTION('center_axis',(0.,-1.,0.));
#2357=DIRECTION('ref_axis',(-1.22464679914735E-16,0.,1.));
#2358=DIRECTION('',(1.13271874735312E-12,0.,1.));
#2359=DIRECTION('center_axis',(-1.,0.,1.13271874735312E-12));
#2360=DIRECTION('ref_axis',(-1.13271874735312E-12,0.,-1.));
#2361=CARTESIAN_POINT('',(0.,0.,0.));
#2362=CARTESIAN_POINT('Origin',(-46.2147705903258,-15.7000002607703,-16.5000000000416));
#2363=CARTESIAN_POINT('',(-48.8632537052271,-15.7000002607703,-17.9090909091325));
#2364=CARTESIAN_POINT('',(-49.1281020167172,-16.0000002607703,-18.0500000000416));
#2365=CARTESIAN_POINT('Origin',(-49.1281020167172,-15.7000002607703,-18.0500000000416));
#2366=CARTESIAN_POINT('',(-48.8770064927206,-16.0000002607703,-18.4500000000416));
#2367=CARTESIAN_POINT('Origin',(-46.2147705903258,-16.0000002607703,-16.5000000000416));
#2368=CARTESIAN_POINT('',(-48.6349850470483,-15.7000002607703,-18.2727272727689));
#2369=CARTESIAN_POINT('Origin',(-48.8770064927206,-15.7000002607703,-18.4500000000416));
#2370=CARTESIAN_POINT('Origin',(-46.2147705903258,-15.7000002607703,-16.5000000000416));
#2371=CARTESIAN_POINT('Ctrl Pts',(-48.8770064927206,-16.0000002607703,-18.4500000000416));
#2372=CARTESIAN_POINT('Ctrl Pts',(-48.751040703257,-16.0000002607703,-18.5359873454732));
#2373=CARTESIAN_POINT('Ctrl Pts',(-48.498296002591,-16.0589970220184,-18.6739677389134));
#2374=CARTESIAN_POINT('Ctrl Pts',(-48.3094065968911,-16.2200604328415,-18.7500000000416));
#2375=CARTESIAN_POINT('Ctrl Pts',(-48.3094065968911,-16.3000002607703,-18.7500000000416));
#2376=CARTESIAN_POINT('Ctrl Pts',(-48.8136454264093,-16.0000002607703,-18.4035901085681));
#2377=CARTESIAN_POINT('Ctrl Pts',(-48.6975820533413,-15.9863974264335,-18.4903492735469));
#2378=CARTESIAN_POINT('Ctrl Pts',(-48.4579802247547,-16.027909238566,-18.6517603323983));
#2379=CARTESIAN_POINT('Ctrl Pts',(-48.2750231142955,-16.2089119461572,-18.7500000000416));
#2380=CARTESIAN_POINT('Ctrl Pts',(-48.2750231142955,-16.3000002607703,-18.7500000000416));
#2381=CARTESIAN_POINT('Ctrl Pts',(-48.687485143877,-15.9349232631314,-18.3111818622828));
#2382=CARTESIAN_POINT('Ctrl Pts',(-48.5905532982894,-15.9100377452021,-18.4183686245154));
#2383=CARTESIAN_POINT('Ctrl Pts',(-48.3771975656874,-15.9524424578979,-18.6312573526171));
#2384=CARTESIAN_POINT('Ctrl Pts',(-48.2062660024942,-16.1834175490123,-18.7619439963584));
#2385=CARTESIAN_POINT('Ctrl Pts',(-48.2062660024942,-16.3000002607703,-18.7619439963584));
#2386=CARTESIAN_POINT('Ctrl Pts',(-48.6349850470483,-15.7785400771101,-18.2727272727689));
#2387=CARTESIAN_POINT('Ctrl Pts',(-48.5314687058126,-15.7699884676533,-18.4145201105502));
#2388=CARTESIAN_POINT('Ctrl Pts',(-48.3142395390269,-15.8627244008803,-18.6573967856697));
#2389=CARTESIAN_POINT('Ctrl Pts',(-48.1455541964817,-16.1545557929341,-18.7963573089277));
#2390=CARTESIAN_POINT('Ctrl Pts',(-48.1455541964817,-16.3000002607703,-18.7963573089277));
#2391=CARTESIAN_POINT('Ctrl Pts',(-48.6349850470483,-15.7000002607703,-18.2727272727689));
#2392=CARTESIAN_POINT('Ctrl Pts',(-48.5204706929905,-15.7000002607703,-18.4290679008264));
#2393=CARTESIAN_POINT('Ctrl Pts',(-48.2907027832942,-15.8179937832664,-18.6799413434449));
#2394=CARTESIAN_POINT('Ctrl Pts',(-48.1189851417488,-16.1401206049127,-18.8181818182234));
#2395=CARTESIAN_POINT('Ctrl Pts',(-48.1189851417488,-16.3000002607703,-18.8181818182234));
#2396=CARTESIAN_POINT('',(-48.3094065968911,-16.3000002607703,-18.7500000000416));
#2397=CARTESIAN_POINT('',(-48.1189851417488,-16.3000002607703,-18.8181818182234));
#2398=CARTESIAN_POINT('Origin',(-48.3094065968911,-16.3000002607703,-19.0500000000416));
#2399=CARTESIAN_POINT('Ctrl Pts',(-48.1189851417488,-16.3000002607703,-18.8181818182234));
#2400=CARTESIAN_POINT('Ctrl Pts',(-48.1189851417488,-16.1401206049127,-18.8181818182234));
#2401=CARTESIAN_POINT('Ctrl Pts',(-48.2907027832942,-15.8179937832664,-18.6799413434449));
#2402=CARTESIAN_POINT('Ctrl Pts',(-48.5204706929905,-15.7000002607703,-18.4290679008264));
#2403=CARTESIAN_POINT('Ctrl Pts',(-48.6349850470483,-15.7000002607703,-18.2727272727689));
#2404=CARTESIAN_POINT('Ctrl Pts',(-48.8770064927206,-16.0000002607703,-18.4500000000416));
#2405=CARTESIAN_POINT('Ctrl Pts',(-48.751040703257,-16.0000002607703,-18.5359873454732));
#2406=CARTESIAN_POINT('Ctrl Pts',(-48.498296002591,-16.0589970220184,-18.6739677389134));
#2407=CARTESIAN_POINT('Ctrl Pts',(-48.3094065968911,-16.2200604328415,-18.7500000000416));
#2408=CARTESIAN_POINT('Ctrl Pts',(-48.3094065968911,-16.3000002607703,-18.7500000000416));
#2409=CARTESIAN_POINT('Origin',(-48.3094065968911,-20.9328842106377,-19.0500000000416));
#2410=CARTESIAN_POINT('',(-48.3094065968911,-18.7000002607703,-18.7500000000416));
#2411=CARTESIAN_POINT('',(-48.1189851417488,-18.7000002607703,-18.8181818182234));
#2412=CARTESIAN_POINT('Origin',(-48.3094065968911,-18.7000002607703,-19.0500000000416));
#2413=CARTESIAN_POINT('',(-48.1189851417488,-20.9328842106377,-18.8181818182234));
#2414=CARTESIAN_POINT('',(-48.3094065968911,-20.9328842106377,-18.7500000000416));
#2415=CARTESIAN_POINT('Ctrl Pts',(-48.3094065968911,-18.7000002607703,-18.7500000000416));
#2416=CARTESIAN_POINT('Ctrl Pts',(-48.3094065968911,-18.7532921065965,-18.7500000000416));
#2417=CARTESIAN_POINT('Ctrl Pts',(-48.3850635722999,-18.8544251966143,-18.7194836423532));
#2418=CARTESIAN_POINT('Ctrl Pts',(-48.6102422375746,-18.965544562847,-18.6149111774328));
#2419=CARTESIAN_POINT('Ctrl Pts',(-48.7825345842105,-19.0000002607703,-18.5144888478886));
#2420=CARTESIAN_POINT('Ctrl Pts',(-48.8770064927206,-19.0000002607703,-18.4500000000416));
#2421=CARTESIAN_POINT('Ctrl Pts',(-48.2750231142955,-18.7000002607703,-18.7500000000416));
#2422=CARTESIAN_POINT('Ctrl Pts',(-48.2750231142955,-18.7607242396017,-18.7500000000416));
#2423=CARTESIAN_POINT('Ctrl Pts',(-48.348268454791,-18.8754036868085,-18.710737602683));
#2424=CARTESIAN_POINT('Ctrl Pts',(-48.5644120978859,-18.9891691886825,-18.5816877723994));
#2425=CARTESIAN_POINT('Ctrl Pts',(-48.7266001388868,-19.0102021237239,-18.4686578061644));
#2426=CARTESIAN_POINT('Ctrl Pts',(-48.8136454264093,-19.0000002607703,-18.4035901085681));
#2427=CARTESIAN_POINT('Ctrl Pts',(-48.2062660332221,-18.7000002607703,-18.7619440821769));
#2428=CARTESIAN_POINT('Ctrl Pts',(-48.2062660332221,-18.777720066554,-18.7619440821769));
#2429=CARTESIAN_POINT('Ctrl Pts',(-48.2745443118427,-18.9239819039733,-18.7096506049821));
#2430=CARTESIAN_POINT('Ctrl Pts',(-48.4727891529871,-19.0656044136567,-18.5387319426433));
#2431=CARTESIAN_POINT('Ctrl Pts',(-48.6147894333129,-19.0837425286976,-18.3915708160789));
#2432=CARTESIAN_POINT('Ctrl Pts',(-48.6874864448353,-19.0650788710246,-18.3111828151919));
#2433=CARTESIAN_POINT('Ctrl Pts',(-48.1455541964817,-18.7000002607703,-18.7963573089277));
#2434=CARTESIAN_POINT('Ctrl Pts',(-48.1455541964817,-18.7969607416348,-18.7963573089277));
#2435=CARTESIAN_POINT('Ctrl Pts',(-48.2131202430342,-18.9806204653639,-18.7407045848322));
#2436=CARTESIAN_POINT('Ctrl Pts',(-48.4108186184246,-19.1759213765978,-18.5527621607376));
#2437=CARTESIAN_POINT('Ctrl Pts',(-48.5573497909986,-19.2278739863109,-18.3790691617477));
#2438=CARTESIAN_POINT('Ctrl Pts',(-48.6349850470483,-19.2214604444306,-18.2727272727689));
#2439=CARTESIAN_POINT('Ctrl Pts',(-48.1189851417488,-18.7000002607703,-18.8181818182234));
#2440=CARTESIAN_POINT('Ctrl Pts',(-48.1189851417488,-18.8065839524227,-18.8181818182234));
#2441=CARTESIAN_POINT('Ctrl Pts',(-48.1877642103023,-19.0088501324583,-18.7626975315172));
#2442=CARTESIAN_POINT('Ctrl Pts',(-48.3924720878247,-19.2310888649237,-18.5725657771165));
#2443=CARTESIAN_POINT('Ctrl Pts',(-48.5491014938573,-19.3000002607703,-18.3899797233998));
#2444=CARTESIAN_POINT('Ctrl Pts',(-48.6349850470483,-19.3000002607703,-18.2727272727689));
#2445=CARTESIAN_POINT('',(-48.8770064927206,-19.0000002607703,-18.4500000000416));
#2446=CARTESIAN_POINT('',(-48.6349850470483,-19.3000002607703,-18.2727272727689));
#2447=CARTESIAN_POINT('Origin',(-48.8770064927206,-19.3000002607703,-18.4500000000416));
#2448=CARTESIAN_POINT('Ctrl Pts',(-48.6349850470483,-19.3000002607703,-18.2727272727689));
#2449=CARTESIAN_POINT('Ctrl Pts',(-48.5491014938573,-19.3000002607703,-18.3899797233998));
#2450=CARTESIAN_POINT('Ctrl Pts',(-48.3924720878247,-19.2310888649237,-18.5725657771165));
#2451=CARTESIAN_POINT('Ctrl Pts',(-48.1877642103023,-19.0088501324583,-18.7626975315172));
#2452=CARTESIAN_POINT('Ctrl Pts',(-48.1189851417488,-18.8065839524227,-18.8181818182234));
#2453=CARTESIAN_POINT('Ctrl Pts',(-48.1189851417488,-18.7000002607703,-18.8181818182234));
#2454=CARTESIAN_POINT('Ctrl Pts',(-48.3094065968911,-18.7000002607703,-18.7500000000416));
#2455=CARTESIAN_POINT('Ctrl Pts',(-48.3094065968911,-18.7532921065965,-18.7500000000416));
#2456=CARTESIAN_POINT('Ctrl Pts',(-48.3850635722999,-18.8544251966143,-18.7194836423532));
#2457=CARTESIAN_POINT('Ctrl Pts',(-48.6102422375746,-18.965544562847,-18.6149111774328));
#2458=CARTESIAN_POINT('Ctrl Pts',(-48.7825345842105,-19.0000002607703,-18.5144888478886));
#2459=CARTESIAN_POINT('Ctrl Pts',(-48.8770064927206,-19.0000002607703,-18.4500000000416));
#2460=CARTESIAN_POINT('Origin',(-46.2147705903258,-19.3000002607703,-16.5000000000416));
#2461=CARTESIAN_POINT('',(-49.1281020167172,-19.0000002607703,-18.0500000000416));
#2462=CARTESIAN_POINT('',(-48.8632537052271,-19.3000002607703,-17.9090909091325));
#2463=CARTESIAN_POINT('Origin',(-49.1281020167172,-19.3000002607703,-18.0500000000416));
#2464=CARTESIAN_POINT('Origin',(-46.2147705903258,-19.3000002607703,-16.5000000000416));
#2465=CARTESIAN_POINT('Origin',(-46.2147705903258,-19.0000002607703,-16.5000000000416));
#2466=CARTESIAN_POINT('Ctrl Pts',(-49.1281020167172,-19.0000002607703,-18.0500000000416));
#2467=CARTESIAN_POINT('Ctrl Pts',(-49.1941893696492,-19.0000002607703,-17.9878921412726));
#2468=CARTESIAN_POINT('Ctrl Pts',(-49.2900939569392,-18.9664760412856,-17.8794433370329));
#2469=CARTESIAN_POINT('Ctrl Pts',(-49.3619764152562,-18.84053387084,-17.7724414909519));
#2470=CARTESIAN_POINT('Ctrl Pts',(-49.3750712089379,-18.7469009628511,-17.7500000000416));
#2471=CARTESIAN_POINT('Ctrl Pts',(-49.3750712089379,-18.7000002607703,-17.7500000000416));
#2472=CARTESIAN_POINT('Ctrl Pts',(-49.0587648909094,-19.0000002607703,-18.0131100863063));
#2473=CARTESIAN_POINT('Ctrl Pts',(-49.1189420290879,-18.9921904859721,-17.9517885640762));
#2474=CARTESIAN_POINT('Ctrl Pts',(-49.2047018743287,-18.9464105985767,-17.8550081861244));
#2475=CARTESIAN_POINT('Ctrl Pts',(-49.2696442472131,-18.8269377190885,-17.7688448587767));
#2476=CARTESIAN_POINT('Ctrl Pts',(-49.2819308366539,-18.7423098356031,-17.7500000000416));
#2477=CARTESIAN_POINT('Ctrl Pts',(-49.2819308366539,-18.7000002607703,-17.7500000000416));
#2478=CARTESIAN_POINT('Ctrl Pts',(-48.920706835883,-19.065078792326,-17.9396580981965));
#2479=CARTESIAN_POINT('Ctrl Pts',(-48.9694811093417,-19.0507913073833,-17.8661486511748));
#2480=CARTESIAN_POINT('Ctrl Pts',(-49.035281597952,-18.9871592515483,-17.7601060962434));
#2481=CARTESIAN_POINT('Ctrl Pts',(-49.0870013603668,-18.8452180165837,-17.6746525583881));
#2482=CARTESIAN_POINT('Ctrl Pts',(-49.0973749860722,-18.7485561551609,-17.6564949517848));
#2483=CARTESIAN_POINT('Ctrl Pts',(-49.0973749860722,-18.7000002607703,-17.6564949517848));
#2484=CARTESIAN_POINT('Ctrl Pts',(-48.8632537052271,-19.2214604444306,-17.9090909091325));
#2485=CARTESIAN_POINT('Ctrl Pts',(-48.9164257940905,-19.2165507217679,-17.8088128357492));
#2486=CARTESIAN_POINT('Ctrl Pts',(-48.9919198580759,-19.1502547332609,-17.6421017982187));
#2487=CARTESIAN_POINT('Ctrl Pts',(-49.0496405093936,-18.9353173614865,-17.4857821769859));
#2488=CARTESIAN_POINT('Ctrl Pts',(-49.0609580152247,-18.7785378473873,-17.4528338109952));
#2489=CARTESIAN_POINT('Ctrl Pts',(-49.0609580152247,-18.7000002607703,-17.4528338109952));
#2490=CARTESIAN_POINT('Ctrl Pts',(-48.8632537052271,-19.3000002607703,-17.9090909091325));
#2491=CARTESIAN_POINT('Ctrl Pts',(-48.9233331169834,-19.3000002607703,-17.7961675295525));
#2492=CARTESIAN_POINT('Ctrl Pts',(-49.0105191054289,-19.2329518218009,-17.5989878854804));
#2493=CARTESIAN_POINT('Ctrl Pts',(-49.075866794808,-18.9810674809096,-17.404439074424));
#2494=CARTESIAN_POINT('Ctrl Pts',(-49.0877711527004,-18.7938016649319,-17.363636363678));
#2495=CARTESIAN_POINT('Ctrl Pts',(-49.0877711527004,-18.7000002607703,-17.363636363678));
#2496=CARTESIAN_POINT('',(-49.3750712089379,-18.7000002607703,-17.7500000000416));
#2497=CARTESIAN_POINT('',(-49.0877711527004,-18.7000002607703,-17.363636363678));
#2498=CARTESIAN_POINT('Origin',(-49.3750712089379,-18.7000002607703,-17.4500000000416));
#2499=CARTESIAN_POINT('Ctrl Pts',(-49.0877711527004,-18.7000002607703,-17.363636363678));
#2500=CARTESIAN_POINT('Ctrl Pts',(-49.0877711527004,-18.7938016649319,-17.363636363678));
#2501=CARTESIAN_POINT('Ctrl Pts',(-49.075866794808,-18.9810674809096,-17.404439074424));
#2502=CARTESIAN_POINT('Ctrl Pts',(-49.0105191054289,-19.2329518218009,-17.5989878854804));
#2503=CARTESIAN_POINT('Ctrl Pts',(-48.9233331169834,-19.3000002607703,-17.7961675295525));
#2504=CARTESIAN_POINT('Ctrl Pts',(-48.8632537052271,-19.3000002607703,-17.9090909091325));
#2505=CARTESIAN_POINT('Ctrl Pts',(-49.1281020167172,-19.0000002607703,-18.0500000000416));
#2506=CARTESIAN_POINT('Ctrl Pts',(-49.1941893696492,-19.0000002607703,-17.9878921412726));
#2507=CARTESIAN_POINT('Ctrl Pts',(-49.2900939569392,-18.9664760412856,-17.8794433370329));
#2508=CARTESIAN_POINT('Ctrl Pts',(-49.3619764152562,-18.84053387084,-17.7724414909519));
#2509=CARTESIAN_POINT('Ctrl Pts',(-49.3750712089379,-18.7469009628511,-17.7500000000416));
#2510=CARTESIAN_POINT('Ctrl Pts',(-49.3750712089379,-18.7000002607703,-17.7500000000416));
#2511=CARTESIAN_POINT('Origin',(-49.3750712089379,-20.9328842106377,-17.4500000000416));
#2512=CARTESIAN_POINT('',(-49.3750712089379,-16.3000002607703,-17.7500000000416));
#2513=CARTESIAN_POINT('',(-49.0877711527004,-16.3000002607703,-17.363636363678));
#2514=CARTESIAN_POINT('Origin',(-49.3750712089379,-16.3000002607703,-17.4500000000416));
#2515=CARTESIAN_POINT('',(-49.0877711527004,-20.9328842106377,-17.363636363678));
#2516=CARTESIAN_POINT('',(-49.3750712089379,-20.9328842106377,-17.7500000000416));
#2517=CARTESIAN_POINT('Ctrl Pts',(-49.3750712089379,-16.3000002607703,-17.7500000000416));
#2518=CARTESIAN_POINT('Ctrl Pts',(-49.3750712089379,-16.2765501218033,-17.7500000000416));
#2519=CARTESIAN_POINT('Ctrl Pts',(-49.3701112700837,-16.206157387098,-17.7581645607469));
#2520=CARTESIAN_POINT('Ctrl Pts',(-49.3367158093871,-16.099569219185,-17.8124634788237));
#2521=CARTESIAN_POINT('Ctrl Pts',(-49.2531109436691,-16.0172522395557,-17.9235490190219));
#2522=CARTESIAN_POINT('Ctrl Pts',(-49.1721598535644,-16.0000002607703,-18.0085951353107));
#2523=CARTESIAN_POINT('Ctrl Pts',(-49.1281020167172,-16.0000002607703,-18.0500000000416));
#2524=CARTESIAN_POINT('Ctrl Pts',(-49.2819308366539,-16.3000002607703,-17.7500000000416));
#2525=CARTESIAN_POINT('Ctrl Pts',(-49.2819308366539,-16.2788456646674,-17.7500000000416));
#2526=CARTESIAN_POINT('Ctrl Pts',(-49.2773129284303,-16.2151795944177,-17.7569039918833));
#2527=CARTESIAN_POINT('Ctrl Pts',(-49.2466282934783,-16.1177060649827,-17.8008254072002));
#2528=CARTESIAN_POINT('Ctrl Pts',(-49.1717442453095,-16.0330147957573,-17.8931301770597));
#2529=CARTESIAN_POINT('Ctrl Pts',(-49.0988826202202,-16.0052067302173,-17.9722294411938));
#2530=CARTESIAN_POINT('Ctrl Pts',(-49.0587648909095,-16.0000002607703,-18.0131100863063));
#2531=CARTESIAN_POINT('Ctrl Pts',(-49.0973717702439,-16.3000002607703,-17.6564973430752));
#2532=CARTESIAN_POINT('Ctrl Pts',(-49.0973717702439,-16.2757225331327,-17.6564973430752));
#2533=CARTESIAN_POINT('Ctrl Pts',(-49.093586395202,-16.2027987927148,-17.6630718723711));
#2534=CARTESIAN_POINT('Ctrl Pts',(-49.0683152380927,-16.0902208308841,-17.7057609621684));
#2535=CARTESIAN_POINT('Ctrl Pts',(-49.0102329506462,-15.9849273654009,-17.800591650156));
#2536=CARTESIAN_POINT('Ctrl Pts',(-48.953221402359,-15.944448130237,-17.8906515401405));
#2537=CARTESIAN_POINT('Ctrl Pts',(-48.9207055141135,-15.9349232264145,-17.9396573949663));
#2538=CARTESIAN_POINT('Ctrl Pts',(-49.0609580152247,-16.3000002607703,-17.4528338109952));
#2539=CARTESIAN_POINT('Ctrl Pts',(-49.0609580152247,-16.2607318225894,-17.4528338109952));
#2540=CARTESIAN_POINT('Ctrl Pts',(-49.0567045207421,-16.1427974296802,-17.4648411559285));
#2541=CARTESIAN_POINT('Ctrl Pts',(-49.0290338432147,-15.9634731877803,-17.5438915340312));
#2542=CARTESIAN_POINT('Ctrl Pts',(-48.962910863297,-15.8185966317404,-17.7088711588195));
#2543=CARTESIAN_POINT('Ctrl Pts',(-48.8987014438947,-15.7818131959511,-17.8422394647871));
#2544=CARTESIAN_POINT('Ctrl Pts',(-48.8632537052271,-15.7785400771101,-17.9090909091325));
#2545=CARTESIAN_POINT('Ctrl Pts',(-49.0877711527004,-16.3000002607703,-17.363636363678));
#2546=CARTESIAN_POINT('Ctrl Pts',(-49.0877711527004,-16.2530999828363,-17.363636363678));
#2547=CARTESIAN_POINT('Ctrl Pts',(-49.0832621173784,-16.1123145134257,-17.3784810195057));
#2548=CARTESIAN_POINT('Ctrl Pts',(-49.0529026076542,-15.8991381775997,-17.4772063250999));
#2549=CARTESIAN_POINT('Ctrl Pts',(-48.9768981842743,-15.7345042183411,-17.6791800345512));
#2550=CARTESIAN_POINT('Ctrl Pts',(-48.903306284179,-15.7000002607703,-17.8338093368946));
#2551=CARTESIAN_POINT('Ctrl Pts',(-48.8632537052271,-15.7000002607703,-17.9090909091325));
#2552=CARTESIAN_POINT('Ctrl Pts',(-48.8632537052271,-15.7000002607703,-17.9090909091325));
#2553=CARTESIAN_POINT('Ctrl Pts',(-48.903306284179,-15.7000002607703,-17.8338093368946));
#2554=CARTESIAN_POINT('Ctrl Pts',(-48.9768981842743,-15.7345042183411,-17.6791800345512));
#2555=CARTESIAN_POINT('Ctrl Pts',(-49.0529026076542,-15.8991381775997,-17.4772063250999));
#2556=CARTESIAN_POINT('Ctrl Pts',(-49.0832621173784,-16.1123145134257,-17.3784810195057));
#2557=CARTESIAN_POINT('Ctrl Pts',(-49.0877711527004,-16.2530999828363,-17.363636363678));
#2558=CARTESIAN_POINT('Ctrl Pts',(-49.0877711527004,-16.3000002607703,-17.363636363678));
#2559=CARTESIAN_POINT('Ctrl Pts',(-49.3750712089379,-16.3000002607703,-17.7500000000416));
#2560=CARTESIAN_POINT('Ctrl Pts',(-49.3750712089379,-16.2765501218033,-17.7500000000416));
#2561=CARTESIAN_POINT('Ctrl Pts',(-49.3701112700837,-16.206157387098,-17.7581645607469));
#2562=CARTESIAN_POINT('Ctrl Pts',(-49.3367158093871,-16.099569219185,-17.8124634788237));
#2563=CARTESIAN_POINT('Ctrl Pts',(-49.2531109436691,-16.0172522395557,-17.9235490190219));
#2564=CARTESIAN_POINT('Ctrl Pts',(-49.1721598535644,-16.0000002607703,-18.0085951353107));
#2565=CARTESIAN_POINT('Ctrl Pts',(-49.1281020167172,-16.0000002607703,-18.0500000000416));
#2566=CARTESIAN_POINT('Origin',(-51.2147705903258,-18.7000002607703,-18.4500000000416));
#2567=CARTESIAN_POINT('',(-54.1201345837604,-18.7000002607703,-18.7500000000416));
#2568=CARTESIAN_POINT('',(-51.2147705903258,-18.7000002607703,-18.7500000000416));
#2569=CARTESIAN_POINT('',(-53.5525346879309,-19.0000002607703,-18.4500000000416));
#2570=CARTESIAN_POINT('Ctrl Pts',(-53.5525346879309,-19.0000002607703,-18.4500000000416));
#2571=CARTESIAN_POINT('Ctrl Pts',(-53.678500476283,-19.0000002607703,-18.5359873447145));
#2572=CARTESIAN_POINT('Ctrl Pts',(-53.9312454539535,-18.9410029985149,-18.6739678186221));
#2573=CARTESIAN_POINT('Ctrl Pts',(-54.1201345837604,-18.7799400879937,-18.7500000000416));
#2574=CARTESIAN_POINT('Ctrl Pts',(-54.1201345837604,-18.7000002607703,-18.7500000000416));
#2575=CARTESIAN_POINT('',(-51.2147705903258,-19.0000002607703,-18.4500000000416));
#2576=CARTESIAN_POINT('Origin',(-51.2147705903258,-16.3000002607703,-18.7500000000416));
#2577=CARTESIAN_POINT('',(-54.1201345837604,-16.3000002607703,-18.7500000000416));
#2578=CARTESIAN_POINT('',(-51.2147705903258,-16.3000002607703,-18.7500000000416));
#2579=CARTESIAN_POINT('',(-54.1201345837604,-16.9328842106377,-18.7500000000416));
#2580=CARTESIAN_POINT('Origin',(-51.2147705903258,-16.3000002607703,-18.4500000000416));
#2581=CARTESIAN_POINT('',(-53.5525346879309,-16.0000002607703,-18.4500000000416));
#2582=CARTESIAN_POINT('',(-51.2147705903258,-16.0000002607703,-18.4500000000416));
#2583=CARTESIAN_POINT('Ctrl Pts',(-54.1201345837604,-16.3000002607703,-18.7500000000416));
#2584=CARTESIAN_POINT('Ctrl Pts',(-54.1201345837604,-16.2200624916781,-18.7500000000416));
#2585=CARTESIAN_POINT('Ctrl Pts',(-53.9312340979027,-16.0589913122864,-18.6739628189798));
#2586=CARTESIAN_POINT('Ctrl Pts',(-53.6784972331671,-16.0000002607703,-18.5359851308838));
#2587=CARTESIAN_POINT('Ctrl Pts',(-53.5525346879309,-16.0000002607703,-18.4500000000416));
#2588=CARTESIAN_POINT('Origin',(-51.2147705903258,-16.0000002607703,-18.0500000000416));
#2589=CARTESIAN_POINT('',(-53.3014391639343,-16.0000002607703,-18.0500000000416));
#2590=CARTESIAN_POINT('',(-51.2147705903258,-16.0000002607703,-18.0500000000416));
#2591=CARTESIAN_POINT('Origin',(-56.2147705903258,-16.0000002607703,-16.5000000000416));
#2592=CARTESIAN_POINT('Origin',(-46.2147705903258,-20.9328842106377,-16.5000000000416));
#2593=CARTESIAN_POINT('',(-49.1195080999813,-20.5000002607703,-17.2500000000416));
#2594=CARTESIAN_POINT('',(-49.1195080999813,-14.5000002607703,-17.2500000000416));
#2595=CARTESIAN_POINT('',(-49.1195080999813,-20.9328842106377,-17.2500000000416));
#2596=CARTESIAN_POINT('',(-46.2147705903258,-20.5000002607703,-19.5000000000416));
#2597=CARTESIAN_POINT('Origin',(-46.2147705903258,-20.5000002607703,-16.5000000000416));
#2598=CARTESIAN_POINT('',(-46.2147705903258,-14.5000002607703,-19.5000000000416));
#2599=CARTESIAN_POINT('',(-46.2147705903258,-20.9328842106377,-19.5000000000416));
#2600=CARTESIAN_POINT('Origin',(-46.2147705903258,-14.5000002607703,-16.5000000000416));
#2601=CARTESIAN_POINT('Origin',(-56.2147705903258,-19.3000002607703,-16.5000000000416));
#2602=CARTESIAN_POINT('',(-53.5662874754244,-19.3000002607703,-17.9090909091325));
#2603=CARTESIAN_POINT('',(-53.3014391639343,-19.0000002607703,-18.0500000000416));
#2604=CARTESIAN_POINT('Origin',(-53.3014391639343,-19.3000002607703,-18.0500000000416));
#2605=CARTESIAN_POINT('Origin',(-56.2147705903258,-19.0000002607703,-16.5000000000416));
#2606=CARTESIAN_POINT('',(-53.7945561336032,-19.3000002607703,-18.2727272727689));
#2607=CARTESIAN_POINT('Origin',(-53.5525346879309,-19.3000002607703,-18.4500000000416));
#2608=CARTESIAN_POINT('Origin',(-56.2147705903258,-19.3000002607703,-16.5000000000416));
#2609=CARTESIAN_POINT('Ctrl Pts',(-53.5525346879309,-19.0000002607703,-18.4500000000416));
#2610=CARTESIAN_POINT('Ctrl Pts',(-53.678500476283,-19.0000002607703,-18.5359873447145));
#2611=CARTESIAN_POINT('Ctrl Pts',(-53.9312454539535,-18.9410029985149,-18.6739678186221));
#2612=CARTESIAN_POINT('Ctrl Pts',(-54.1201345837604,-18.7799400879937,-18.7500000000416));
#2613=CARTESIAN_POINT('Ctrl Pts',(-54.1201345837604,-18.7000002607703,-18.7500000000416));
#2614=CARTESIAN_POINT('Ctrl Pts',(-53.6158957542422,-19.0000002607703,-18.4035901085681));
#2615=CARTESIAN_POINT('Ctrl Pts',(-53.7319591262861,-19.0136030949871,-18.4903492727814));
#2616=CARTESIAN_POINT('Ctrl Pts',(-53.9715612055483,-18.9720906993758,-18.6517604012608));
#2617=CARTESIAN_POINT('Ctrl Pts',(-54.154518066356,-18.7910885745797,-18.7500000000416));
#2618=CARTESIAN_POINT('Ctrl Pts',(-54.154518066356,-18.7000002607703,-18.7500000000416));
#2619=CARTESIAN_POINT('Ctrl Pts',(-53.7420524576818,-19.065081694908,-18.3111844838502));
#2620=CARTESIAN_POINT('Ctrl Pts',(-53.8389843024141,-19.0899672126177,-18.4183712451371));
#2621=CARTESIAN_POINT('Ctrl Pts',(-54.0523426063309,-19.047558648995,-18.6312585254968));
#2622=CARTESIAN_POINT('Ctrl Pts',(-54.2232750936211,-18.8165829714996,-18.7619442324554));
#2623=CARTESIAN_POINT('Ctrl Pts',(-54.2232750936211,-18.7000002607703,-18.7619442324554));
#2624=CARTESIAN_POINT('Ctrl Pts',(-53.7945561336032,-19.2214604444306,-18.2727272727689));
#2625=CARTESIAN_POINT('Ctrl Pts',(-53.8980724739255,-19.2300120538119,-18.4145201092991));
#2626=CARTESIAN_POINT('Ctrl Pts',(-54.1153018136999,-19.1372751725689,-18.6573969611658));
#2627=CARTESIAN_POINT('Ctrl Pts',(-54.2839869841698,-18.8454447273232,-18.7963573089277));
#2628=CARTESIAN_POINT('Ctrl Pts',(-54.2839869841698,-18.7000002607703,-18.7963573089277));
#2629=CARTESIAN_POINT('Ctrl Pts',(-53.7945561336032,-19.3000002607703,-18.2727272727689));
#2630=CARTESIAN_POINT('Ctrl Pts',(-53.9090704866506,-19.3000002607703,-18.429067899447));
#2631=CARTESIAN_POINT('Ctrl Pts',(-54.1388386481692,-19.1820057362595,-18.6799414883697));
#2632=CARTESIAN_POINT('Ctrl Pts',(-54.3105560389027,-18.8598799152171,-18.8181818182234));
#2633=CARTESIAN_POINT('Ctrl Pts',(-54.3105560389027,-18.7000002607703,-18.8181818182234));
#2634=CARTESIAN_POINT('',(-54.3105560389027,-18.7000002607703,-18.8181818182234));
#2635=CARTESIAN_POINT('Origin',(-54.1201345837604,-18.7000002607703,-19.0500000000416));
#2636=CARTESIAN_POINT('Ctrl Pts',(-54.3105560389027,-18.7000002607703,-18.8181818182234));
#2637=CARTESIAN_POINT('Ctrl Pts',(-54.3105560389027,-18.8598799152171,-18.8181818182234));
#2638=CARTESIAN_POINT('Ctrl Pts',(-54.1388386481692,-19.1820057362595,-18.6799414883697));
#2639=CARTESIAN_POINT('Ctrl Pts',(-53.9090704866506,-19.3000002607703,-18.429067899447));
#2640=CARTESIAN_POINT('Ctrl Pts',(-53.7945561336032,-19.3000002607703,-18.2727272727689));
#2641=CARTESIAN_POINT('Origin',(-54.1201345837604,-16.9328842106377,-19.0500000000416));
#2642=CARTESIAN_POINT('',(-54.3105560389027,-16.3000002607703,-18.8181818182234));
#2643=CARTESIAN_POINT('Origin',(-54.1201345837604,-16.3000002607703,-19.0500000000416));
#2644=CARTESIAN_POINT('',(-54.3105560389027,-16.9328842106377,-18.8181818182234));
#2645=CARTESIAN_POINT('Ctrl Pts',(-54.1201345837604,-16.3000002607703,-18.7500000000416));
#2646=CARTESIAN_POINT('Ctrl Pts',(-54.1201345837604,-16.2200624916781,-18.7500000000416));
#2647=CARTESIAN_POINT('Ctrl Pts',(-53.9312340979027,-16.0589913122864,-18.6739628189798));
#2648=CARTESIAN_POINT('Ctrl Pts',(-53.6784972331671,-16.0000002607703,-18.5359851308838));
#2649=CARTESIAN_POINT('Ctrl Pts',(-53.5525346879309,-16.0000002607703,-18.4500000000416));
#2650=CARTESIAN_POINT('Ctrl Pts',(-54.154518066356,-16.3000002607703,-18.7500000000416));
#2651=CARTESIAN_POINT('Ctrl Pts',(-54.154518066356,-16.2089142921212,-18.7500000000416));
#2652=CARTESIAN_POINT('Ctrl Pts',(-53.9715502624915,-16.0279033370337,-18.6517540361085));
#2653=CARTESIAN_POINT('Ctrl Pts',(-53.7319561381178,-15.9863977767722,-18.4903470390794));
#2654=CARTESIAN_POINT('Ctrl Pts',(-53.6158957542422,-16.0000002607703,-18.4035901085681));
#2655=CARTESIAN_POINT('Ctrl Pts',(-54.2232751171494,-16.3000002607703,-18.7619441667443));
#2656=CARTESIAN_POINT('Ctrl Pts',(-54.2232751171494,-16.1834205515801,-18.7619441667443));
#2657=CARTESIAN_POINT('Ctrl Pts',(-54.0523328240841,-15.9524341053523,-18.6312496976462));
#2658=CARTESIAN_POINT('Ctrl Pts',(-53.8389828029476,-15.9100351844023,-18.4183677558653));
#2659=CARTESIAN_POINT('Ctrl Pts',(-53.7420534538233,-15.9349200614093,-18.3111837542095));
#2660=CARTESIAN_POINT('Ctrl Pts',(-54.2839869841698,-16.3000002607703,-18.7963573089277));
#2661=CARTESIAN_POINT('Ctrl Pts',(-54.2839869841698,-16.1545595388315,-18.7963573089277));
#2662=CARTESIAN_POINT('Ctrl Pts',(-54.115291796015,-15.8627143474462,-18.6573878275191));
#2663=CARTESIAN_POINT('Ctrl Pts',(-53.8980698087932,-15.7699886878985,-18.4145164586998));
#2664=CARTESIAN_POINT('Ctrl Pts',(-53.7945561336032,-15.7785400771101,-18.2727272727689));
#2665=CARTESIAN_POINT('Ctrl Pts',(-54.3105560389027,-16.3000002607703,-18.8181818182234));
#2666=CARTESIAN_POINT('Ctrl Pts',(-54.3105560389027,-16.1401247225859,-18.8181818182234));
#2667=CARTESIAN_POINT('Ctrl Pts',(-54.1388283244867,-15.8179823638025,-18.679932398111));
#2668=CARTESIAN_POINT('Ctrl Pts',(-53.9090675383633,-15.7000002607703,-18.4290638743002));
#2669=CARTESIAN_POINT('Ctrl Pts',(-53.7945561336032,-15.7000002607703,-18.2727272727689));
#2670=CARTESIAN_POINT('',(-53.7945561336032,-15.7000002607703,-18.2727272727689));
#2671=CARTESIAN_POINT('Origin',(-53.5525346879309,-15.7000002607703,-18.4500000000416));
#2672=CARTESIAN_POINT('Ctrl Pts',(-53.7945561336032,-15.7000002607703,-18.2727272727689));
#2673=CARTESIAN_POINT('Ctrl Pts',(-53.9090675383633,-15.7000002607703,-18.4290638743002));
#2674=CARTESIAN_POINT('Ctrl Pts',(-54.1388283244867,-15.8179823638025,-18.679932398111));
#2675=CARTESIAN_POINT('Ctrl Pts',(-54.3105560389027,-16.1401247225859,-18.8181818182234));
#2676=CARTESIAN_POINT('Ctrl Pts',(-54.3105560389027,-16.3000002607703,-18.8181818182234));
#2677=CARTESIAN_POINT('Origin',(-56.2147705903258,-15.7000002607703,-16.5000000000416));
#2678=CARTESIAN_POINT('',(-53.5662874754244,-15.7000002607703,-17.9090909091325));
#2679=CARTESIAN_POINT('Origin',(-53.3014391639343,-15.7000002607703,-18.0500000000416));
#2680=CARTESIAN_POINT('Origin',(-56.2147705903258,-15.7000002607703,-16.5000000000416));
#2681=CARTESIAN_POINT('Ctrl Pts',(-53.3014391639343,-16.0000002607703,-18.0500000000416));
#2682=CARTESIAN_POINT('Ctrl Pts',(-53.2353518110993,-16.0000002607703,-17.9878921413637));
#2683=CARTESIAN_POINT('Ctrl Pts',(-53.1394472238611,-16.033524484406,-17.8794433314495));
#2684=CARTESIAN_POINT('Ctrl Pts',(-53.0675647663139,-16.159466653647,-17.7724414897164));
#2685=CARTESIAN_POINT('Ctrl Pts',(-53.0544699717137,-16.2530995587584,-17.7500000000416));
#2686=CARTESIAN_POINT('Ctrl Pts',(-53.0544699717137,-16.3000002607703,-17.7500000000416));
#2687=CARTESIAN_POINT('Ctrl Pts',(-53.3707762897421,-16.0000002607703,-18.0131100863063));
#2688=CARTESIAN_POINT('Ctrl Pts',(-53.3105991516519,-16.0078100355571,-17.9517885641661));
#2689=CARTESIAN_POINT('Ctrl Pts',(-53.2248393087307,-16.0535899471676,-17.8550081882645));
#2690=CARTESIAN_POINT('Ctrl Pts',(-53.1598969360637,-16.1730628188192,-17.7688448643422));
#2691=CARTESIAN_POINT('Ctrl Pts',(-53.1476103439976,-16.2576906859996,-17.7500000000416));
#2692=CARTESIAN_POINT('Ctrl Pts',(-53.1476103439976,-16.3000002607703,-17.7500000000416));
#2693=CARTESIAN_POINT('Ctrl Pts',(-53.5088337916855,-15.9349211027243,-17.9396583924572));
#2694=CARTESIAN_POINT('Ctrl Pts',(-53.4600595182983,-15.949208587646,-17.8661489455433));
#2695=CARTESIAN_POINT('Ctrl Pts',(-53.39425856273,-16.0128410026502,-17.7601056367854));
#2696=CARTESIAN_POINT('Ctrl Pts',(-53.3425387655773,-16.1547822694671,-17.6746520378993));
#2697=CARTESIAN_POINT('Ctrl Pts',(-53.3321648489437,-16.2514443664509,-17.6564939511699));
#2698=CARTESIAN_POINT('Ctrl Pts',(-53.3321648489437,-16.3000002607703,-17.6564939511699));
#2699=CARTESIAN_POINT('Ctrl Pts',(-53.5662874754245,-15.7785400771101,-17.9090909091325));
#2700=CARTESIAN_POINT('Ctrl Pts',(-53.5131153866391,-15.7834497997655,-17.8088128358963));
#2701=CARTESIAN_POINT('Ctrl Pts',(-53.4376213290741,-15.8497458006138,-17.6421017922896));
#2702=CARTESIAN_POINT('Ctrl Pts',(-53.3799006769684,-16.0646831687577,-17.4857821771873));
#2703=CARTESIAN_POINT('Ctrl Pts',(-53.3685831654268,-16.2214626742686,-17.4528338109952));
#2704=CARTESIAN_POINT('Ctrl Pts',(-53.3685831654268,-16.3000002607703,-17.4528338109952));
#2705=CARTESIAN_POINT('Ctrl Pts',(-53.5662874754245,-15.7000002607703,-17.9090909091325));
#2706=CARTESIAN_POINT('Ctrl Pts',(-53.5062080637562,-15.7000002607703,-17.7961675297182));
#2707=CARTESIAN_POINT('Ctrl Pts',(-53.4190220753579,-15.7670487080417,-17.5989878753287));
#2708=CARTESIAN_POINT('Ctrl Pts',(-53.3536743866787,-16.0189330465237,-17.4044390721776));
#2709=CARTESIAN_POINT('Ctrl Pts',(-53.3417700279511,-16.2061988567464,-17.363636363678));
#2710=CARTESIAN_POINT('Ctrl Pts',(-53.3417700279511,-16.3000002607703,-17.363636363678));
#2711=CARTESIAN_POINT('',(-53.0544699717137,-16.3000002607703,-17.7500000000416));
#2712=CARTESIAN_POINT('',(-53.3417700279511,-16.3000002607703,-17.363636363678));
#2713=CARTESIAN_POINT('Origin',(-53.0544699717137,-16.3000002607703,-17.4500000000416));
#2714=CARTESIAN_POINT('Ctrl Pts',(-53.3417700279511,-16.3000002607703,-17.363636363678));
#2715=CARTESIAN_POINT('Ctrl Pts',(-53.3417700279511,-16.2061988567464,-17.363636363678));
#2716=CARTESIAN_POINT('Ctrl Pts',(-53.3536743866787,-16.0189330465237,-17.4044390721776));
#2717=CARTESIAN_POINT('Ctrl Pts',(-53.4190220753579,-15.7670487080417,-17.5989878753287));
#2718=CARTESIAN_POINT('Ctrl Pts',(-53.5062080637562,-15.7000002607703,-17.7961675297182));
#2719=CARTESIAN_POINT('Ctrl Pts',(-53.5662874754245,-15.7000002607703,-17.9090909091325));
#2720=CARTESIAN_POINT('Ctrl Pts',(-53.3014391639343,-16.0000002607703,-18.0500000000416));
#2721=CARTESIAN_POINT('Ctrl Pts',(-53.2353518110993,-16.0000002607703,-17.9878921413637));
#2722=CARTESIAN_POINT('Ctrl Pts',(-53.1394472238611,-16.033524484406,-17.8794433314495));
#2723=CARTESIAN_POINT('Ctrl Pts',(-53.0675647663139,-16.159466653647,-17.7724414897164));
#2724=CARTESIAN_POINT('Ctrl Pts',(-53.0544699717137,-16.2530995587584,-17.7500000000416));
#2725=CARTESIAN_POINT('Ctrl Pts',(-53.0544699717137,-16.3000002607703,-17.7500000000416));
#2726=CARTESIAN_POINT('Origin',(-53.0544699717137,-16.9328842106377,-17.4500000000416));
#2727=CARTESIAN_POINT('',(-53.0544699717137,-18.7000002607703,-17.7500000000416));
#2728=CARTESIAN_POINT('',(-53.3417700279511,-18.7000002607703,-17.363636363678));
#2729=CARTESIAN_POINT('Origin',(-53.0544699717137,-18.7000002607703,-17.4500000000416));
#2730=CARTESIAN_POINT('',(-53.3417700279511,-16.9328842106377,-17.363636363678));
#2731=CARTESIAN_POINT('',(-53.0544699717137,-16.9328842106377,-17.7500000000416));
#2732=CARTESIAN_POINT('Ctrl Pts',(-53.0544699717137,-18.7000002607703,-17.7500000000416));
#2733=CARTESIAN_POINT('Ctrl Pts',(-53.0544699717137,-18.7469005388828,-17.7500000000416));
#2734=CARTESIAN_POINT('Ctrl Pts',(-53.0643135264509,-18.8170798680273,-17.767000974889));
#2735=CARTESIAN_POINT('Ctrl Pts',(-53.1067521722362,-18.9140924967849,-17.8311142349457));
#2736=CARTESIAN_POINT('Ctrl Pts',(-53.1764408466295,-18.9827484152394,-17.9235096419335));
#2737=CARTESIAN_POINT('Ctrl Pts',(-53.2573813269196,-19.0000002607703,-18.0085951351533));
#2738=CARTESIAN_POINT('Ctrl Pts',(-53.3014391639343,-19.0000002607703,-18.0500000000416));
#2739=CARTESIAN_POINT('Ctrl Pts',(-53.1476103439976,-18.7000002607703,-17.7500000000416));
#2740=CARTESIAN_POINT('Ctrl Pts',(-53.1476103439976,-18.7423094531372,-17.7500000000416));
#2741=CARTESIAN_POINT('Ctrl Pts',(-53.1568088092612,-18.8057837049912,-17.764114092961));
#2742=CARTESIAN_POINT('Ctrl Pts',(-53.195379535882,-18.8963026451471,-17.8162073865227));
#2743=CARTESIAN_POINT('Ctrl Pts',(-53.2578069290213,-18.9670247804956,-17.8931434269245));
#2744=CARTESIAN_POINT('Ctrl Pts',(-53.3306585602787,-18.9947937913035,-17.9722294410384));
#2745=CARTESIAN_POINT('Ctrl Pts',(-53.3707762897421,-19.0000002607703,-18.0131100863063));
#2746=CARTESIAN_POINT('Ctrl Pts',(-53.3321611917644,-18.7000002607703,-17.6564912316909));
#2747=CARTESIAN_POINT('Ctrl Pts',(-53.3321611917644,-18.7485557162302,-17.6564912316909));
#2748=CARTESIAN_POINT('Ctrl Pts',(-53.339813793477,-18.8210607956787,-17.6697831065212));
#2749=CARTESIAN_POINT('Ctrl Pts',(-53.3709248206873,-18.9272428073677,-17.7215993883682));
#2750=CARTESIAN_POINT('Ctrl Pts',(-53.4192942293054,-19.0151252895142,-17.8006006247058));
#2751=CARTESIAN_POINT('Ctrl Pts',(-53.4763164001427,-19.0555562176382,-17.8906533371889));
#2752=CARTESIAN_POINT('Ctrl Pts',(-53.5088322885119,-19.0650811214969,-17.939659192201));
#2753=CARTESIAN_POINT('Ctrl Pts',(-53.3685831654268,-18.7000002607703,-17.4528338109952));
#2754=CARTESIAN_POINT('Ctrl Pts',(-53.3685831654268,-18.7785371374309,-17.4528338109952));
#2755=CARTESIAN_POINT('Ctrl Pts',(-53.3770651612609,-18.8960776134154,-17.4776423608026));
#2756=CARTESIAN_POINT('Ctrl Pts',(-53.4114919791286,-19.0605547179116,-17.5715327623501));
#2757=CARTESIAN_POINT('Ctrl Pts',(-53.4666460923607,-19.1814254404838,-17.7088389396797));
#2758=CARTESIAN_POINT('Ctrl Pts',(-53.5308397366221,-19.2181873255771,-17.8422394645328));
#2759=CARTESIAN_POINT('Ctrl Pts',(-53.5662874754245,-19.2214604444306,-17.9090909091325));
#2760=CARTESIAN_POINT('Ctrl Pts',(-53.3417700279511,-18.7000002607703,-17.363636363678));
#2761=CARTESIAN_POINT('Ctrl Pts',(-53.3417700279511,-18.7938008169952,-17.363636363678));
#2762=CARTESIAN_POINT('Ctrl Pts',(-53.3507187140759,-18.9341594752843,-17.3945472270368));
#2763=CARTESIAN_POINT('Ctrl Pts',(-53.3892993011534,-19.1281847327994,-17.5111167907763));
#2764=CARTESIAN_POINT('Ctrl Pts',(-53.452652641511,-19.2654965697084,-17.679108439845));
#2765=CARTESIAN_POINT('Ctrl Pts',(-53.5262348963202,-19.3000002607703,-17.8338093366083));
#2766=CARTESIAN_POINT('Ctrl Pts',(-53.5662874754245,-19.3000002607703,-17.9090909091325));
#2767=CARTESIAN_POINT('Ctrl Pts',(-53.5662874754245,-19.3000002607703,-17.9090909091325));
#2768=CARTESIAN_POINT('Ctrl Pts',(-53.5262348963202,-19.3000002607703,-17.8338093366083));
#2769=CARTESIAN_POINT('Ctrl Pts',(-53.452652641511,-19.2654965697084,-17.679108439845));
#2770=CARTESIAN_POINT('Ctrl Pts',(-53.3892993011534,-19.1281847327994,-17.5111167907763));
#2771=CARTESIAN_POINT('Ctrl Pts',(-53.3507187140759,-18.9341594752843,-17.3945472270368));
#2772=CARTESIAN_POINT('Ctrl Pts',(-53.3417700279511,-18.7938008169952,-17.363636363678));
#2773=CARTESIAN_POINT('Ctrl Pts',(-53.3417700279511,-18.7000002607703,-17.363636363678));
#2774=CARTESIAN_POINT('Ctrl Pts',(-53.0544699717137,-18.7000002607703,-17.7500000000416));
#2775=CARTESIAN_POINT('Ctrl Pts',(-53.0544699717137,-18.7469005388828,-17.7500000000416));
#2776=CARTESIAN_POINT('Ctrl Pts',(-53.0643135264509,-18.8170798680273,-17.767000974889));
#2777=CARTESIAN_POINT('Ctrl Pts',(-53.1067521722362,-18.9140924967849,-17.8311142349457));
#2778=CARTESIAN_POINT('Ctrl Pts',(-53.1764408466295,-18.9827484152394,-17.9235096419335));
#2779=CARTESIAN_POINT('Ctrl Pts',(-53.2573813269196,-19.0000002607703,-18.0085951351533));
#2780=CARTESIAN_POINT('Ctrl Pts',(-53.3014391639343,-19.0000002607703,-18.0500000000416));
#2781=CARTESIAN_POINT('Origin',(-51.2147705903258,-19.0000002607703,-18.4500000000416));
#2782=CARTESIAN_POINT('',(-51.2147705903258,-19.0000002607703,-18.0500000000416));
#2783=CARTESIAN_POINT('Origin',(-56.2147705903258,-16.9328842106377,-16.5000000000416));
#2784=CARTESIAN_POINT('',(-53.3100330806702,-14.5000002607703,-17.2500000000416));
#2785=CARTESIAN_POINT('',(-53.3100330806702,-20.5000002607703,-17.2500000000416));
#2786=CARTESIAN_POINT('',(-53.3100330806702,-16.9328842106377,-17.2500000000416));
#2787=CARTESIAN_POINT('',(-56.2147705903258,-14.5000002607703,-19.5000000000416));
#2788=CARTESIAN_POINT('Origin',(-56.2147705903258,-14.5000002607703,-16.5000000000416));
#2789=CARTESIAN_POINT('',(-56.2147705903258,-20.5000002607703,-19.5000000000416));
#2790=CARTESIAN_POINT('',(-56.2147705903258,-16.9328842106377,-19.5000000000416));
#2791=CARTESIAN_POINT('Origin',(-56.2147705903258,-20.5000002607703,-16.5000000000416));
#2792=CARTESIAN_POINT('Origin',(-51.2147705903258,-18.7000002607703,-18.0500000000416));
#2793=CARTESIAN_POINT('',(-51.2147705903258,-18.7000002607703,-17.7500000000416));
#2794=CARTESIAN_POINT('Origin',(-51.2147705903258,-18.7000002607703,-17.7500000000416));
#2795=CARTESIAN_POINT('',(-51.2147705903258,-16.3000002607703,-17.7500000000416));
#2796=CARTESIAN_POINT('Origin',(-51.2147705903258,-16.3000002607703,-18.0500000000416));
#2797=CARTESIAN_POINT('Origin',(-52.3417872441183,-16.9328842106377,-17.5000000000416));
#2798=CARTESIAN_POINT('',(-52.3417872441183,-14.5000002607703,-16.5000000000416));
#2799=CARTESIAN_POINT('Origin',(-52.3417872441183,-14.5000002607703,-17.5000000000416));
#2800=CARTESIAN_POINT('',(-52.3417872441183,-20.5000002607703,-16.5000000000416));
#2801=CARTESIAN_POINT('Origin',(-52.3417872441183,-20.5000002607703,-17.5000000000416));
#2802=CARTESIAN_POINT('',(-52.3417872441183,-16.9328842106377,-16.5000000000416));
#2803=CARTESIAN_POINT('Ctrl Pts',(-52.2147705903258,-20.6270169145629,-16.5000000000416));
#2804=CARTESIAN_POINT('Ctrl Pts',(-52.3417872441183,-20.6270169145629,-16.5000000000416));
#2805=CARTESIAN_POINT('Ctrl Pts',(-52.3417872441183,-20.5000002607703,-16.5000000000416));
#2806=CARTESIAN_POINT('Ctrl Pts',(-52.2147705903258,-21.4016135838044,-16.5000000000416));
#2807=CARTESIAN_POINT('Ctrl Pts',(-53.1163839133598,-21.4016135838044,-16.5000000000416));
#2808=CARTESIAN_POINT('Ctrl Pts',(-53.1163839133598,-20.5000002607703,-16.5000000000416));
#2809=CARTESIAN_POINT('Ctrl Pts',(-52.2147705903258,-21.5952627511148,-17.2500000000416));
#2810=CARTESIAN_POINT('Ctrl Pts',(-53.3100330806702,-21.5952627511148,-17.2500000000416));
#2811=CARTESIAN_POINT('Ctrl Pts',(-53.3100330806702,-20.5000002607703,-17.2500000000416));
#2812=CARTESIAN_POINT('',(-52.2147705903258,-21.5952627511148,-17.2500000000416));
#2813=CARTESIAN_POINT('',(-52.2147705903258,-20.6270169145629,-16.5000000000416));
#2814=CARTESIAN_POINT('Origin',(-52.2147705903258,-20.6270169145629,-17.5000000000416));
#2815=CARTESIAN_POINT('Origin',(-52.2147705903258,-20.5000002607703,-16.5000000000416));
#2816=CARTESIAN_POINT('Origin',(-52.2147705903258,-20.5000002607703,-17.2500000000416));
#2817=CARTESIAN_POINT('Origin',(-52.2147705903258,-20.6270169145629,-17.5000000000416));
#2818=CARTESIAN_POINT('',(-50.2147705903258,-21.5952627511148,-17.2500000000416));
#2819=CARTESIAN_POINT('',(-50.2147705903258,-20.6270169145629,-16.5000000000416));
#2820=CARTESIAN_POINT('Origin',(-50.2147705903258,-20.6270169145629,-17.5000000000416));
#2821=CARTESIAN_POINT('',(-52.2147705903258,-20.6270169145629,-16.5000000000416));
#2822=CARTESIAN_POINT('',(-52.2147705903258,-21.5952627511148,-17.2500000000416));
#2823=CARTESIAN_POINT('Ctrl Pts',(-50.0877539365332,-20.5000002607703,-16.5000000000416));
#2824=CARTESIAN_POINT('Ctrl Pts',(-50.0877539365332,-20.6270169145629,-16.5000000000416));
#2825=CARTESIAN_POINT('Ctrl Pts',(-50.2147705903258,-20.6270169145629,-16.5000000000416));
#2826=CARTESIAN_POINT('Ctrl Pts',(-49.3131572672917,-20.5000002607703,-16.5000000000416));
#2827=CARTESIAN_POINT('Ctrl Pts',(-49.3131572672917,-21.4016135838044,-16.5000000000416));
#2828=CARTESIAN_POINT('Ctrl Pts',(-50.2147705903258,-21.4016135838044,-16.5000000000416));
#2829=CARTESIAN_POINT('Ctrl Pts',(-49.1195080999813,-20.5000002607703,-17.2500000000416));
#2830=CARTESIAN_POINT('Ctrl Pts',(-49.1195080999813,-21.5952627511148,-17.2500000000416));
#2831=CARTESIAN_POINT('Ctrl Pts',(-50.2147705903258,-21.5952627511148,-17.2500000000416));
#2832=CARTESIAN_POINT('',(-50.0877539365332,-20.5000002607703,-16.5000000000416));
#2833=CARTESIAN_POINT('Origin',(-50.0877539365332,-20.5000002607703,-17.5000000000416));
#2834=CARTESIAN_POINT('Origin',(-50.2147705903258,-20.5000002607703,-16.5000000000416));
#2835=CARTESIAN_POINT('Origin',(-50.2147705903258,-20.5000002607703,-17.2500000000416));
#2836=CARTESIAN_POINT('Origin',(-50.0877539365332,-20.9328842106377,-17.5000000000416));
#2837=CARTESIAN_POINT('',(-50.0877539365332,-14.5000002607703,-16.5000000000416));
#2838=CARTESIAN_POINT('Origin',(-50.0877539365332,-14.5000002607703,-17.5000000000416));
#2839=CARTESIAN_POINT('',(-50.0877539365332,-20.9328842106377,-16.5000000000416));
#2840=CARTESIAN_POINT('Ctrl Pts',(-50.171643537135,-14.3805293956033,-16.5000000000416));
#2841=CARTESIAN_POINT('Ctrl Pts',(-50.0877539365332,-14.4108121868282,-16.5000000000416));
#2842=CARTESIAN_POINT('Ctrl Pts',(-50.0877539365332,-14.5000002607703,-16.5000000000416));
#2843=CARTESIAN_POINT('Ctrl Pts',(-49.9086380905384,-13.6519498631794,-16.5000000000416));
#2844=CARTESIAN_POINT('Ctrl Pts',(-49.3131572672874,-13.8669088249523,-16.5000000000416));
#2845=CARTESIAN_POINT('Ctrl Pts',(-49.3131572672874,-14.5000002607703,-16.5000000000416));
#2846=CARTESIAN_POINT('Ctrl Pts',(-49.8428867288906,-13.4698049800772,-17.2500000000468));
#2847=CARTESIAN_POINT('Ctrl Pts',(-49.11950809998,-13.7309329844861,-17.2500000000468));
#2848=CARTESIAN_POINT('Ctrl Pts',(-49.11950809998,-14.5000002607703,-17.2500000000468));
#2849=CARTESIAN_POINT('',(-49.8428867288837,-13.4698049800582,-17.2500000000416));
#2850=CARTESIAN_POINT('',(-50.171643537135,-14.3805293956033,-16.5000000000416));
#2851=CARTESIAN_POINT('Origin',(-50.171643537135,-14.3805293956033,-17.5000000000416));
#2852=CARTESIAN_POINT('Origin',(-50.2147705903258,-14.5000002607703,-16.5000000000416));
#2853=CARTESIAN_POINT('Origin',(-50.2147705903258,-14.5000002607703,-17.2500000000416));
#2854=CARTESIAN_POINT('Ctrl Pts',(-50.2147705903258,-14.3729836069777,-16.5000000000416));
#2855=CARTESIAN_POINT('Ctrl Pts',(-50.1925469336987,-14.3729836069777,-16.5000000000416));
#2856=CARTESIAN_POINT('Ctrl Pts',(-50.171643537135,-14.3805293956033,-16.5000000000416));
#2857=CARTESIAN_POINT('Ctrl Pts',(-50.2147705903258,-13.598386937732,-16.5000000000416));
#2858=CARTESIAN_POINT('Ctrl Pts',(-50.0570184822097,-13.598386937732,-16.5000000000416));
#2859=CARTESIAN_POINT('Ctrl Pts',(-49.9086380905383,-13.6519498631794,-16.5000000000416));
#2860=CARTESIAN_POINT('Ctrl Pts',(-50.2147705903258,-13.4047377704245,-17.2500000000468));
#2861=CARTESIAN_POINT('Ctrl Pts',(-50.0231363693382,-13.4047377704245,-17.2500000000468));
#2862=CARTESIAN_POINT('Ctrl Pts',(-49.8428867288905,-13.4698049800772,-17.2500000000468));
#2863=CARTESIAN_POINT('',(-50.2147705903258,-13.4047377704259,-17.2500000000416));
#2864=CARTESIAN_POINT('',(-50.2147705903258,-14.3729836069777,-16.5000000000416));
#2865=CARTESIAN_POINT('Origin',(-50.2147705903258,-14.3729836069777,-17.5000000000416));
#2866=CARTESIAN_POINT('Origin',(-50.2147705903258,-14.5000002607703,-16.5000000000416));
#2867=CARTESIAN_POINT('Origin',(-50.2147705903258,-14.5000002607703,-17.2500000000416));
#2868=CARTESIAN_POINT('Origin',(-50.2147705903258,-14.3729836069777,-17.5000000000416));
#2869=CARTESIAN_POINT('',(-52.2147705903258,-13.4047377704259,-17.2500000000416));
#2870=CARTESIAN_POINT('',(-52.2147705903258,-14.3729836069777,-16.5000000000416));
#2871=CARTESIAN_POINT('Origin',(-52.2147705903258,-14.3729836069777,-17.5000000000416));
#2872=CARTESIAN_POINT('',(-50.2147705903258,-14.3729836069777,-16.5000000000416));
#2873=CARTESIAN_POINT('',(-50.2147705903258,-13.4047377704259,-17.2500000000416));
#2874=CARTESIAN_POINT('Ctrl Pts',(-52.2578976435165,-14.3805293956033,-16.5000000000416));
#2875=CARTESIAN_POINT('Ctrl Pts',(-52.2369942469529,-14.3729836069777,-16.5000000000416));
#2876=CARTESIAN_POINT('Ctrl Pts',(-52.2147705903258,-14.3729836069777,-16.5000000000416));
#2877=CARTESIAN_POINT('Ctrl Pts',(-52.5209030901117,-13.6519498631834,-16.5000000000416));
#2878=CARTESIAN_POINT('Ctrl Pts',(-52.372522698441,-13.5983869377363,-16.5000000000416));
#2879=CARTESIAN_POINT('Ctrl Pts',(-52.2147705903258,-13.5983869377363,-16.5000000000416));
#2880=CARTESIAN_POINT('Ctrl Pts',(-52.5866544517605,-13.4698049800784,-17.2500000000416));
#2881=CARTESIAN_POINT('Ctrl Pts',(-52.4064048113131,-13.4047377704259,-17.2500000000416));
#2882=CARTESIAN_POINT('Ctrl Pts',(-52.2147705903258,-13.4047377704259,-17.2500000000416));
#2883=CARTESIAN_POINT('',(-52.5866544517605,-13.4698049800784,-17.2500000000416));
#2884=CARTESIAN_POINT('',(-52.2578976435165,-14.3805293956033,-16.5000000000416));
#2885=CARTESIAN_POINT('Origin',(-52.2578976435165,-14.3805293956033,-17.5000000000416));
#2886=CARTESIAN_POINT('Origin',(-52.2147705903258,-14.5000002607703,-16.5000000000416));
#2887=CARTESIAN_POINT('Origin',(-52.2147705903258,-14.5000002607703,-17.2500000000416));
#2888=CARTESIAN_POINT('Ctrl Pts',(-52.3417872441183,-14.5000002607703,-16.5000000000416));
#2889=CARTESIAN_POINT('Ctrl Pts',(-52.3417872441183,-14.4108121868282,-16.5000000000416));
#2890=CARTESIAN_POINT('Ctrl Pts',(-52.2578976435165,-14.3805293956033,-16.5000000000416));
#2891=CARTESIAN_POINT('Ctrl Pts',(-53.1163839133598,-14.5000002607703,-16.5000000000416));
#2892=CARTESIAN_POINT('Ctrl Pts',(-53.1163839133598,-13.8669088249553,-16.5000000000416));
#2893=CARTESIAN_POINT('Ctrl Pts',(-52.5209030901117,-13.6519498631834,-16.5000000000416));
#2894=CARTESIAN_POINT('Ctrl Pts',(-53.3100330806702,-14.5000002607703,-17.2500000000416));
#2895=CARTESIAN_POINT('Ctrl Pts',(-53.3100330806702,-13.7309329844871,-17.2500000000416));
#2896=CARTESIAN_POINT('Ctrl Pts',(-52.5866544517605,-13.4698049800784,-17.2500000000416));
#2897=CARTESIAN_POINT('Origin',(-52.2147705903258,-14.5000002607703,-17.2500000000416));
#2898=CARTESIAN_POINT('Origin',(-52.2147705903258,-14.5000002607703,-16.5000000000416));
#2899=CARTESIAN_POINT('Origin',(-50.2147705903258,-20.5000002607703,-16.5000000000416));
#2900=CARTESIAN_POINT('',(-50.2147705903258,-24.5000002607703,-19.5000000000416));
#2901=CARTESIAN_POINT('Origin',(-50.2147705903258,-24.5000002607703,-16.5000000000416));
#2902=CARTESIAN_POINT('Origin',(-50.2147705903258,-20.5000002607703,-19.5000000000416));
#2903=CARTESIAN_POINT('Origin',(-52.2147705903258,-24.5000002607703,-16.5000000000416));
#2904=CARTESIAN_POINT('',(-52.2147705903258,-24.5000002607703,-19.5000000000416));
#2905=CARTESIAN_POINT('Origin',(-52.2147705903258,-24.5000002607703,-16.5000000000416));
#2906=CARTESIAN_POINT('',(-52.2147705903258,-24.5000002607703,-19.5000000000416));
#2907=CARTESIAN_POINT('Origin',(-52.2147705903258,-20.5000002607703,-16.5000000000416));
#2908=CARTESIAN_POINT('Origin',(-52.2147705903258,-20.5000002607703,-19.5000000000416));
#2909=CARTESIAN_POINT('Origin',(-51.2147705903258,-17.5000002607703,-16.5000000000416));
#2910=CARTESIAN_POINT('Origin',(-50.2147705903258,-14.5000002607703,-16.5000000000416));
#2911=CARTESIAN_POINT('',(-48.8566163041589,-10.7376317335037,-19.5000000000208));
#2912=CARTESIAN_POINT('Origin',(-50.2147705903258,-14.5000002607703,-19.5000000000416));
#2913=CARTESIAN_POINT('Origin',(-48.8566163041589,-10.7376317335037,-16.5000000000416));
#2914=CARTESIAN_POINT('Origin',(-52.2147705903258,-14.5000002607703,-16.5000000000416));
#2915=CARTESIAN_POINT('',(-53.5729248764926,-10.7376317335037,-19.5000000000208));
#2916=CARTESIAN_POINT('Origin',(-53.5729248764926,-10.7376317335037,-16.5000000000416));
#2917=CARTESIAN_POINT('Origin',(-52.2147705903258,-14.5000002607703,-19.5000000000416));
#2918=CARTESIAN_POINT('Origin',(-52.2147705903258,-14.5000002607703,-16.5000000000416));
#2919=CARTESIAN_POINT('',(-52.2147705903258,-11.3802591079374,-19.3679512482298));
#2920=CARTESIAN_POINT('Origin',(-52.2147705903258,-10.5000002607703,-16.5000000000416));
#2921=CARTESIAN_POINT('Ctrl Pts',(-53.5729248764926,-10.7376317335037,-19.5000000000416));
#2922=CARTESIAN_POINT('Ctrl Pts',(-53.5351405144189,-10.7660293788701,-19.5000000000416));
#2923=CARTESIAN_POINT('Ctrl Pts',(-53.4967700553951,-10.7938006428931,-19.4992171602562));
#2924=CARTESIAN_POINT('Ctrl Pts',(-53.3883730963682,-10.8692707572701,-19.4950875814081));
#2925=CARTESIAN_POINT('Ctrl Pts',(-53.3173071631205,-10.9153891042701,-19.4902116003106));
#2926=CARTESIAN_POINT('Ctrl Pts',(-52.991714536009,-11.1112150012966,-19.4610070877392));
#2927=CARTESIAN_POINT('Ctrl Pts',(-52.7299827048099,-11.2279502418741,-19.4195452679943));
#2928=CARTESIAN_POINT('Ctrl Pts',(-52.3695726388486,-11.3397312852231,-19.3810855388858));
#2929=CARTESIAN_POINT('Ctrl Pts',(-52.2925674138268,-11.3610549281788,-19.3738455775514));
#2930=CARTESIAN_POINT('Ctrl Pts',(-52.2147705903258,-11.3802591079374,-19.3679512482298));
#2931=CARTESIAN_POINT('Origin',(-50.2147705903258,-14.5000002607703,-16.5000000000416));
#2932=CARTESIAN_POINT('',(-50.2147705903258,-11.3802591079374,-19.3679512482298));
#2933=CARTESIAN_POINT('Ctrl Pts',(-50.2147705903258,-11.3802591079374,-19.3679512482298));
#2934=CARTESIAN_POINT('Ctrl Pts',(-49.9721360289874,-11.3203646608133,-19.3863346210331));
#2935=CARTESIAN_POINT('Ctrl Pts',(-49.7415010366995,-11.2412053775829,-19.4179843636028));
#2936=CARTESIAN_POINT('Ctrl Pts',(-49.4065193862067,-11.0844548515866,-19.4603880224095));
#2937=CARTESIAN_POINT('Ctrl Pts',(-49.2999752282518,-11.0278066122394,-19.4731550690554));
#2938=CARTESIAN_POINT('Ctrl Pts',(-49.1209656674956,-10.9209551774397,-19.4895651245828));
#2939=CARTESIAN_POINT('Ctrl Pts',(-49.0477590379049,-10.8737133120226,-19.4947429579749));
#2940=CARTESIAN_POINT('Ctrl Pts',(-48.9357284663504,-10.7959350389597,-19.4991526760289));
#2941=CARTESIAN_POINT('Ctrl Pts',(-48.8959335454106,-10.7671814469982,-19.5000000000416));
#2942=CARTESIAN_POINT('Ctrl Pts',(-48.8566163041589,-10.7376317335037,-19.5000000000416));
#2943=CARTESIAN_POINT('Origin',(-50.2147705903258,-10.5000002607703,-16.5000000000416));
#2944=CARTESIAN_POINT('Origin',(-50.2147705903258,-10.5000002607703,-16.5000000000416));
#2945=CARTESIAN_POINT('Ctrl Pts',(-52.2147705903258,-11.3802591079374,-19.3679512482298));
#2946=CARTESIAN_POINT('Ctrl Pts',(-52.0069974898863,-11.4315479882579,-19.3522091777563));
#2947=CARTESIAN_POINT('Ctrl Pts',(-51.794666145136,-11.4660644437277,-19.3402634832209));
#2948=CARTESIAN_POINT('Ctrl Pts',(-51.4532053797085,-11.495254123831,-19.3301239963098));
#2949=CARTESIAN_POINT('Ctrl Pts',(-51.3253783472739,-11.5004315320379,-19.3282746632325));
#2950=CARTESIAN_POINT('Ctrl Pts',(-51.0670292224352,-11.4993908214815,-19.3286425751039));
#2951=CARTESIAN_POINT('Ctrl Pts',(-50.936388357424,-11.492957271383,-19.3309380818209));
#2952=CARTESIAN_POINT('Ctrl Pts',(-50.6069235628039,-11.4614024200686,-19.3418504104404));
#2953=CARTESIAN_POINT('Ctrl Pts',(-50.4091562322469,-11.428243288293,-19.3532234876694));
#2954=CARTESIAN_POINT('Ctrl Pts',(-50.2147705903258,-11.3802591079374,-19.3679512482298));
#2955=CARTESIAN_POINT('Origin',(-51.2147705903258,-7.5999999254942,-19.5000000000416));
#2956=CARTESIAN_POINT('',(-54.5397705903258,-7.5999999254942,-18.9000000000416));
#2957=CARTESIAN_POINT('Origin',(-51.2147705903258,-7.5999999254942,-18.9000000000416));
#2958=CARTESIAN_POINT('',(-55.1397705903258,-7.5999999254942,-19.5000000000208));
#2959=CARTESIAN_POINT('Origin',(-54.5397705903258,-7.5999999254942,-19.5000000000416));
#2960=CARTESIAN_POINT('Origin',(-51.2147705903258,-7.5999999254942,-19.5000000000208));
#2961=CARTESIAN_POINT('',(-47.4316491971591,-6.55423822961654,-19.5000000000208));
#2962=CARTESIAN_POINT('Origin',(-51.2147705903258,-7.5999999254942,-19.5000000000208));
#2963=CARTESIAN_POINT('',(-48.7244930219189,-4.56616693202047,-19.5000000000416));
#2964=CARTESIAN_POINT('Origin',(-51.2147705903258,-7.5999999254942,-19.5000000000416));
#2965=CARTESIAN_POINT('',(-48.7709004042613,-4.63252968528222,-19.2002015684152));
#2966=CARTESIAN_POINT('Origin',(-48.9955973604706,-4.95381778651819,-19.4473639645982));
#2967=CARTESIAN_POINT('',(-53.6586407758414,-4.63252968606638,-19.2002015661759));
#2968=CARTESIAN_POINT('Origin',(-51.2147705903258,-7.5999999254942,-19.2000000000416));
#2969=CARTESIAN_POINT('',(-53.7050481587326,-4.56616693202047,-19.5000000000416));
#2970=CARTESIAN_POINT('Origin',(-53.4339438241184,-4.9538177808868,-19.4473639692665));
#2971=CARTESIAN_POINT('',(-54.9978919834926,-6.55423822961729,-19.5000000000199));
#2972=CARTESIAN_POINT('Origin',(-51.2147705903258,-7.5999999254942,-19.5000000000416));
#2973=CARTESIAN_POINT('Origin',(-51.2147705903258,-7.5999999254942,-19.5000000000208));
#2974=CARTESIAN_POINT('Origin',(-51.2147705903258,-7.5999999254942,-19.5500000000416));
#2975=CARTESIAN_POINT('',(-49.6897705903258,-7.5999999254942,-20.2000000000416));
#2976=CARTESIAN_POINT('Origin',(-51.2147705903258,-7.5999999254942,-20.2000000000416));
#2977=CARTESIAN_POINT('',(-48.3897705903258,-7.5999999254942,-18.9000000000416));
#2978=CARTESIAN_POINT('',(-49.0397705903258,-7.5999999254942,-19.5500000000416));
#2979=CARTESIAN_POINT('Origin',(-51.2147705903258,-7.5999999254942,-18.9000000000416));
#2980=CARTESIAN_POINT('Origin',(-51.2147705903258,-7.5999999254942,-18.9000000000416));
#2981=CARTESIAN_POINT('Origin',(-51.2147705903258,-7.5999999254942,-19.5000000000416));
#2982=CARTESIAN_POINT('',(-49.6897705903258,-7.5999999254942,-21.5000000000416));
#2983=CARTESIAN_POINT('',(-49.6897705903258,-7.5999999254942,-19.5000000000416));
#2984=CARTESIAN_POINT('Origin',(-51.2147705903258,-7.5999999254942,-21.5000000000416));
#2985=CARTESIAN_POINT('Ctrl Pts',(-53.6065700886843,-4.70697966261181,-19.0802197410942));
#2986=CARTESIAN_POINT('Ctrl Pts',(-53.669064528047,-4.61763155434387,-19.1912114245871));
#2987=CARTESIAN_POINT('Ctrl Pts',(-53.7050481587326,-4.56616693202047,-19.3452002598498));
#2988=CARTESIAN_POINT('Ctrl Pts',(-53.7050481587326,-4.56616693202047,-19.5000000000416));
#2989=CARTESIAN_POINT('Ctrl Pts',(-53.4854259877037,-4.70571689454739,-19.1491761903467));
#2990=CARTESIAN_POINT('Ctrl Pts',(-53.5377958997265,-4.63086037623904,-19.2417008199583));
#2991=CARTESIAN_POINT('Ctrl Pts',(-53.5680271631878,-4.58763587632918,-19.3704976199893));
#2992=CARTESIAN_POINT('Ctrl Pts',(-53.5680271631878,-4.58763587632918,-19.5000000000416));
#2993=CARTESIAN_POINT('Ctrl Pts',(-53.3642818867232,-4.70445412648297,-19.2181326395992));
#2994=CARTESIAN_POINT('Ctrl Pts',(-53.406527271406,-4.64408919813421,-19.2921902153296));
#2995=CARTESIAN_POINT('Ctrl Pts',(-53.4310061676431,-4.60910482063789,-19.3957949801289));
#2996=CARTESIAN_POINT('Ctrl Pts',(-53.4310061676431,-4.60910482063789,-19.5000000000416));
#2997=CARTESIAN_POINT('Ctrl Pts',(-53.2431377857426,-4.70319135841855,-19.2870890888518));
#2998=CARTESIAN_POINT('Ctrl Pts',(-53.2752586430855,-4.65731802002938,-19.3426796107009));
#2999=CARTESIAN_POINT('Ctrl Pts',(-53.2939851720983,-4.6305737649466,-19.4210923402685));
#3000=CARTESIAN_POINT('Ctrl Pts',(-53.2939851720983,-4.6305737649466,-19.5000000000416));
#3001=CARTESIAN_POINT('',(-53.2435861575547,-4.70255101710888,-19.287868000442));
#3002=CARTESIAN_POINT('',(-53.3961376789165,-4.70478618125625,-19.2000000000411));
#3003=CARTESIAN_POINT('Ctrl Pts',(-53.2435861774948,-4.70255098863143,-19.2878679656856));
#3004=CARTESIAN_POINT('Ctrl Pts',(-53.2946406058571,-4.70299739578745,-19.2589500239401));
#3005=CARTESIAN_POINT('Ctrl Pts',(-53.3455016872747,-4.70375048584424,-19.2296433451639));
#3006=CARTESIAN_POINT('Ctrl Pts',(-53.3961376789162,-4.70478618125667,-19.2000000000406));
#3007=CARTESIAN_POINT('',(-53.2939851720983,-4.6305737649466,-19.5000000000416));
#3008=CARTESIAN_POINT('Origin',(-53.1608574708311,-4.82069982615343,-19.4717336324495));
#3009=CARTESIAN_POINT('',(-53.2939851720983,-4.6305737649466,-19.5000000000416));
#3010=CARTESIAN_POINT('Ctrl Pts',(-53.3961376789164,-4.70478618125597,-19.2000000000416));
#3011=CARTESIAN_POINT('Ctrl Pts',(-53.4384532604082,-4.69032389450523,-19.2000000000416));
#3012=CARTESIAN_POINT('Ctrl Pts',(-53.4833120101611,-4.67720041213376,-19.199999999518));
#3013=CARTESIAN_POINT('Ctrl Pts',(-53.5697743007265,-4.65389697185495,-19.199999999518));
#3014=CARTESIAN_POINT('Ctrl Pts',(-53.6148081022095,-4.64282178261368,-19.2000000000416));
#3015=CARTESIAN_POINT('Ctrl Pts',(-53.6585742861598,-4.63262475859408,-19.2000000000416));
#3016=CARTESIAN_POINT('Origin',(-53.4995166654155,-4.59837034848354,-19.5000000000416));
#3017=CARTESIAN_POINT('',(-53.2939851720983,-4.6305737649466,-19.9000000000416));
#3018=CARTESIAN_POINT('',(-53.7050481587326,-4.56616693202047,-19.9000000000416));
#3019=CARTESIAN_POINT('',(-52.4091925549367,-4.76920626682763,-19.9000000000416));
#3020=CARTESIAN_POINT('',(-53.7050481587326,-4.56616693202047,-19.5000000000416));
#3021=CARTESIAN_POINT('',(-53.2939851720983,-4.6305737649466,-19.5000000000416));
#3022=CARTESIAN_POINT('Origin',(-53.121912241193,-4.8763193782333,-18.9000000000416));
#3023=CARTESIAN_POINT('',(-53.121912241193,-4.8763193782333,-19.5000000000416));
#3024=CARTESIAN_POINT('',(-53.2079487066456,-4.75344657158995,-19.3500000000416));
#3025=CARTESIAN_POINT('',(-53.121912241193,-4.8763193782333,-19.6000000000416));
#3026=CARTESIAN_POINT('',(-53.121912241193,-4.8763193782333,-18.9000000000416));
#3027=CARTESIAN_POINT('',(-53.2079487066456,-4.75344657158995,-19.7500000000416));
#3028=CARTESIAN_POINT('Origin',(-48.9300245152361,-4.59837034848354,-19.5000000000416));
#3029=CARTESIAN_POINT('',(-48.7244930219189,-4.56616693202047,-19.9000000000416));
#3030=CARTESIAN_POINT('',(-49.1355560085532,-4.6305737649466,-19.9000000000416));
#3031=CARTESIAN_POINT('',(-50.0203486257148,-4.76920626682763,-19.9000000000416));
#3032=CARTESIAN_POINT('',(-49.1355560085532,-4.6305737649466,-19.5000000000416));
#3033=CARTESIAN_POINT('',(-49.1355560085532,-4.6305737649466,-19.5000000000416));
#3034=CARTESIAN_POINT('',(-49.1355560085532,-4.6305737649466,-19.5000000000416));
#3035=CARTESIAN_POINT('',(-48.7244930219189,-4.56616693202047,-19.5000000000416));
#3036=CARTESIAN_POINT('Ctrl Pts',(-48.7244930219189,-4.56616693202047,-19.5000000000416));
#3037=CARTESIAN_POINT('Ctrl Pts',(-48.7244930219189,-4.56616693202047,-19.3452002421182));
#3038=CARTESIAN_POINT('Ctrl Pts',(-48.7604766611845,-4.61763156661635,-19.1912113895834));
#3039=CARTESIAN_POINT('Ctrl Pts',(-48.8229711134425,-4.70697969331494,-19.0802197029535));
#3040=CARTESIAN_POINT('Ctrl Pts',(-48.8615140174637,-4.58763587632918,-19.5000000000416));
#3041=CARTESIAN_POINT('Ctrl Pts',(-48.8615140174637,-4.58763587632918,-19.3704976051555));
#3042=CARTESIAN_POINT('Ctrl Pts',(-48.8917452881372,-4.63086038655178,-19.2417007906903));
#3043=CARTESIAN_POINT('Ctrl Pts',(-48.944115210944,-4.7057169202707,-19.149176158552));
#3044=CARTESIAN_POINT('Ctrl Pts',(-48.9985350130085,-4.60910482063789,-19.5000000000416));
#3045=CARTESIAN_POINT('Ctrl Pts',(-48.9985350130085,-4.60910482063789,-19.3957949681928));
#3046=CARTESIAN_POINT('Ctrl Pts',(-49.0230139150899,-4.64408920648721,-19.2921901917971));
#3047=CARTESIAN_POINT('Ctrl Pts',(-49.0652593084454,-4.70445414722647,-19.2181326141505));
#3048=CARTESIAN_POINT('Ctrl Pts',(-49.1355560085532,-4.6305737649466,-19.5000000000416));
#3049=CARTESIAN_POINT('Ctrl Pts',(-49.1355560085532,-4.6305737649466,-19.42109233123));
#3050=CARTESIAN_POINT('Ctrl Pts',(-49.1542825420426,-4.65731802642264,-19.342679592904));
#3051=CARTESIAN_POINT('Ctrl Pts',(-49.1864034059468,-4.70319137418223,-19.2870890697489));
#3052=CARTESIAN_POINT('',(-49.0334035504082,-4.70478617697833,-19.2000000121183));
#3053=CARTESIAN_POINT('Ctrl Pts',(-48.7709668946812,-4.63262475886568,-19.2000000000416));
#3054=CARTESIAN_POINT('Ctrl Pts',(-48.8154788725215,-4.64299554438726,-19.2000000000416));
#3055=CARTESIAN_POINT('Ctrl Pts',(-48.8613373455606,-4.65428290511228,-19.1999999999988));
#3056=CARTESIAN_POINT('Ctrl Pts',(-48.9477996111975,-4.67766127216645,-19.1999999999988));
#3057=CARTESIAN_POINT('Ctrl Pts',(-48.9918157939338,-4.69057266010728,-19.2000000000416));
#3058=CARTESIAN_POINT('Ctrl Pts',(-49.0334035440083,-4.70478619570376,-19.2000000000416));
#3059=CARTESIAN_POINT('',(-49.1859550230979,-4.70255101711028,-19.2878680004437));
#3060=CARTESIAN_POINT('Origin',(-49.2686837103182,-4.82069982686443,-19.4717336293264));
#3061=CARTESIAN_POINT('Ctrl Pts',(-49.0334035636245,-4.7047861799908,-19.2000000362717));
#3062=CARTESIAN_POINT('Ctrl Pts',(-49.0840395351861,-4.70375048522368,-19.2296433692587));
#3063=CARTESIAN_POINT('Ctrl Pts',(-49.1349005959135,-4.70299739560279,-19.2589500359022));
#3064=CARTESIAN_POINT('Ctrl Pts',(-49.1859550031567,-4.70255098863143,-19.2878679656856));
#3065=CARTESIAN_POINT('Origin',(-48.9634830776479,-4.3848281516599,-18.9000000000416));
#3066=CARTESIAN_POINT('',(-49.3076289394585,-4.8763193782333,-19.6000000000416));
#3067=CARTESIAN_POINT('',(-49.2215924740059,-4.75344657158995,-19.7500000000416));
#3068=CARTESIAN_POINT('',(-49.3076289394585,-4.8763193782333,-19.5000000000416));
#3069=CARTESIAN_POINT('',(-49.3076289394585,-4.8763193782333,-18.9000000000416));
#3070=CARTESIAN_POINT('',(-49.2215924740059,-4.75344657158995,-19.3500000000416));
#3071=CARTESIAN_POINT('Origin',(-51.2147705903258,-7.5999999254942,-19.7500000000416));
#3072=CARTESIAN_POINT('Origin',(-51.2147705903258,-7.5999999254942,-19.6000000000416));
#3073=CARTESIAN_POINT('Origin',(-51.2147705903258,-7.5999999254942,-19.9000000000416));
#3074=CARTESIAN_POINT('Origin',(-51.2147705903258,-7.5999999254942,-18.9000000000416));
#3075=CARTESIAN_POINT('Origin',(-51.2147705903258,-7.5999999254942,-19.5000000000416));
#3076=CARTESIAN_POINT('Origin',(-51.2147705903258,-7.5999999254942,-19.3500000000416));
#3077=CARTESIAN_POINT('Origin',(-51.2147705903258,-7.5999999254942,-19.2000000000416));
#3078=CARTESIAN_POINT('Origin',(-51.2147705903258,-4.27565965186375,-19.2000000000416));
#3079=CARTESIAN_POINT('Origin',(-51.2147705903258,-4.27565965186375,-19.9000000000416));
#3080=CARTESIAN_POINT('Origin',(-51.2147705903258,-7.5999999254942,-19.9000000000416));
#3081=CARTESIAN_POINT('Origin',(-51.2147705903258,-7.5999999254942,-19.5000000000416));
#3082=CARTESIAN_POINT('',(-47.4470624006513,-6.4999999254942,-19.5657783231494));
#3083=CARTESIAN_POINT('Ctrl Pts',(-47.4316491971591,-6.55423822961656,-19.5000000000208));
#3084=CARTESIAN_POINT('Ctrl Pts',(-47.4341240087097,-6.54528541315964,-19.511079060369));
#3085=CARTESIAN_POINT('Ctrl Pts',(-47.4366514536314,-6.53626622766144,-19.5221173570382));
#3086=CARTESIAN_POINT('Ctrl Pts',(-47.441788104464,-6.518188404313,-19.544031079194));
#3087=CARTESIAN_POINT('Ctrl Pts',(-47.444402979855,-6.50910894620604,-19.5549324334451));
#3088=CARTESIAN_POINT('Ctrl Pts',(-47.4470624009884,-6.4999999254942,-19.5657783225313));
#3089=CARTESIAN_POINT('',(-47.4470624009884,-6.49999992549419,-21.5000000000416));
#3090=CARTESIAN_POINT('',(-47.4470624009884,-6.4999999254942,-19.5000000000416));
#3091=CARTESIAN_POINT('',(-54.9824787796631,-6.49999992549419,-21.5000000000416));
#3092=CARTESIAN_POINT('Origin',(-51.2147705903258,-7.5999999254942,-21.5000000000416));
#3093=CARTESIAN_POINT('',(-54.9824787799974,-6.4999999254942,-19.5657783231468));
#3094=CARTESIAN_POINT('',(-54.9824787796631,-6.4999999254942,-19.5000000000416));
#3095=CARTESIAN_POINT('Ctrl Pts',(-54.9824787796631,-6.4999999254942,-19.5657783225313));
#3096=CARTESIAN_POINT('Ctrl Pts',(-54.9851382250236,-6.50910902918857,-19.5549323346398));
#3097=CARTESIAN_POINT('Ctrl Pts',(-54.9877531238555,-6.51818856983021,-19.5440308804661));
#3098=CARTESIAN_POINT('Ctrl Pts',(-54.9928897729337,-6.53626639150051,-19.522117156518));
#3099=CARTESIAN_POINT('Ctrl Pts',(-54.9954171944072,-6.5452854944296,-19.5110789597979));
#3100=CARTESIAN_POINT('Ctrl Pts',(-54.9978919834926,-6.55423822961731,-19.5000000000199));
#3101=CARTESIAN_POINT('Origin',(-51.2147705903257,-20.3657681605051,-19.5000000000416));
#3102=CARTESIAN_POINT('',(-55.4380995761141,-6.69823648659717,-19.5000000000416));
#3103=CARTESIAN_POINT('Ctrl Pts',(-55.4380995761141,-6.69823648659717,-19.5000000000416));
#3104=CARTESIAN_POINT('Ctrl Pts',(-55.4075754091895,-6.69596420791467,-19.5000000000416));
#3105=CARTESIAN_POINT('Ctrl Pts',(-55.377098173224,-6.69130271172551,-19.5000000000416));
#3106=CARTESIAN_POINT('Ctrl Pts',(-55.309374596265,-6.67713441447146,-19.5000000000416));
#3107=CARTESIAN_POINT('Ctrl Pts',(-55.2715960688712,-6.66649160789139,-19.5000000000416));
#3108=CARTESIAN_POINT('Ctrl Pts',(-55.1546436979897,-6.62780467493421,-19.5000000000416));
#3109=CARTESIAN_POINT('Ctrl Pts',(-55.073778977449,-6.59216564391062,-19.5000000000416));
#3110=CARTESIAN_POINT('Ctrl Pts',(-54.9978919834986,-6.55423822960522,-19.5000000000416));
#3111=CARTESIAN_POINT('',(-55.4851930193367,-6.6999999254942,-19.5000000000416));
#3112=CARTESIAN_POINT('Ctrl Pts',(-55.4851930193367,-6.6999999254942,-19.5000000000416));
#3113=CARTESIAN_POINT('Ctrl Pts',(-55.4771997580896,-6.6999997504251,-19.5000000000416));
#3114=CARTESIAN_POINT('Ctrl Pts',(-55.4692099952461,-6.69984761772958,-19.5000000000416));
#3115=CARTESIAN_POINT('Ctrl Pts',(-55.4612045736887,-6.69954173835921,-19.5000000000416));
#3116=CARTESIAN_POINT('Ctrl Pts',(-55.4534902809064,-6.69924698273613,-19.5000000000416));
#3117=CARTESIAN_POINT('Ctrl Pts',(-55.4457881236757,-6.69881028506124,-19.5000000000416));
#3118=CARTESIAN_POINT('Ctrl Pts',(-55.4380995761141,-6.69823648659717,-19.5000000000416));
#3119=CARTESIAN_POINT('',(-70.4547705903258,-6.6999999254942,-19.5000000000416));
#3120=CARTESIAN_POINT('',(-60.9597705903257,-6.6999999254942,-19.5000000000416));
#3121=CARTESIAN_POINT('',(-73.2547705903258,-9.4999999254942,-19.5000000000416));
#3122=CARTESIAN_POINT('Origin',(-70.4547705903258,-9.4999999254942,-19.5000000000416));
#3123=CARTESIAN_POINT('',(-73.2547705903258,-18.5925159302647,-19.5000000000416));
#3124=CARTESIAN_POINT('',(-73.2547705903258,-28.6828840429997,-19.5000000000416));
#3125=CARTESIAN_POINT('',(-73.2547753544557,-18.8881373248332,-19.5000000000416));
#3126=CARTESIAN_POINT('',(-73.2547753544557,-18.8881373248332,-19.5000000000416));
#3127=CARTESIAN_POINT('',(-68.7031366699986,-39.79999888088,-19.4999998508291));
#3128=CARTESIAN_POINT('Ctrl Pts',(-68.7031339113635,-39.7999963438872,-19.5000000000415));
#3129=CARTESIAN_POINT('Ctrl Pts',(-68.2993657159579,-36.7575708581137,-19.5000000000414));
#3130=CARTESIAN_POINT('Ctrl Pts',(-68.326076136297,-29.3977101765489,-19.5000000000415));
#3131=CARTESIAN_POINT('Ctrl Pts',(-70.9130423202,-22.3994058498047,-19.5000000000417));
#3132=CARTESIAN_POINT('Ctrl Pts',(-73.2547753544557,-18.8881373248332,-19.5000000000416));
#3133=CARTESIAN_POINT('',(-33.7263974325794,-39.7999964563648,-19.4999999975469));
#3134=CARTESIAN_POINT('',(-41.4697705903258,-39.7999999254942,-19.5000000000416));
#3135=CARTESIAN_POINT('',(-29.174765826196,-18.8881373248333,-19.5000000000416));
#3136=CARTESIAN_POINT('Ctrl Pts',(-29.1747658262,-18.8881373248305,-19.5000000000416));
#3137=CARTESIAN_POINT('Ctrl Pts',(-30.9320340448204,-21.523040832495,-19.5000000000416));
#3138=CARTESIAN_POINT('Ctrl Pts',(-33.8928618532872,-28.2969237086515,-19.5000000000416));
#3139=CARTESIAN_POINT('Ctrl Pts',(-34.2684495076866,-35.7131327059402,-19.5000000000416));
#3140=CARTESIAN_POINT('Ctrl Pts',(-33.7263967477253,-39.7999860526419,-19.5000000000416));
#3141=CARTESIAN_POINT('',(-29.1747705903258,-18.5925159302646,-19.5000000000416));
#3142=CARTESIAN_POINT('',(-29.1747705903258,-18.5925159302646,-19.5000000000416));
#3143=CARTESIAN_POINT('',(-29.1747705903258,-9.4999999254942,-19.5000000000416));
#3144=CARTESIAN_POINT('',(-29.1747705903258,-14.6828840429997,-19.5000000000416));
#3145=CARTESIAN_POINT('',(-31.9747705903258,-6.69999992549419,-19.5000000000416));
#3146=CARTESIAN_POINT('Origin',(-31.9747705903258,-9.49999992549419,-19.5000000000416));
#3147=CARTESIAN_POINT('',(-46.9443481613148,-6.6999999254942,-19.5000000000416));
#3148=CARTESIAN_POINT('',(-60.9597705903257,-6.6999999254942,-19.5000000000416));
#3149=CARTESIAN_POINT('',(-46.9914416045374,-6.69823648659716,-19.5000000000416));
#3150=CARTESIAN_POINT('Ctrl Pts',(-46.9443481613148,-6.69999992549419,-19.5000000000416));
#3151=CARTESIAN_POINT('Ctrl Pts',(-46.9560494822973,-6.69999947465646,-19.5000004508793));
#3152=CARTESIAN_POINT('Ctrl Pts',(-46.967733801666,-6.69967291268279,-19.5000001881726));
#3153=CARTESIAN_POINT('Ctrl Pts',(-46.979434891744,-6.69901991211358,-19.500000081934));
#3154=CARTESIAN_POINT('Ctrl Pts',(-46.9834405669622,-6.69879636813775,-19.500000045565));
#3155=CARTESIAN_POINT('Ctrl Pts',(-46.9874447441125,-6.69853491152968,-19.4999999334368));
#3156=CARTESIAN_POINT('Ctrl Pts',(-46.9914416045374,-6.69823648659716,-19.5000000000416));
#3157=CARTESIAN_POINT('Ctrl Pts',(-46.9914416045374,-6.69823648659717,-19.5000000000416));
#3158=CARTESIAN_POINT('Ctrl Pts',(-47.0204947244961,-6.69607371552777,-19.5000000000416));
#3159=CARTESIAN_POINT('Ctrl Pts',(-47.0494954962102,-6.69174761989709,-19.5000000000416));
#3160=CARTESIAN_POINT('Ctrl Pts',(-47.1136172377866,-6.67869165914693,-19.5000000000416));
#3161=CARTESIAN_POINT('Ctrl Pts',(-47.1491783620628,-6.66898728005717,-19.5000000000415));
#3162=CARTESIAN_POINT('Ctrl Pts',(-47.2677276735441,-6.63097176241581,-19.5000000000415));
#3163=CARTESIAN_POINT('Ctrl Pts',(-47.3525240957251,-6.59378401139982,-19.5000000000416));
#3164=CARTESIAN_POINT('Ctrl Pts',(-47.4316491971533,-6.55423822960497,-19.5000000000416));
#3165=CARTESIAN_POINT('Ctrl Pts',(-47.4675936883276,-6.4999999254942,-19.5520841919268));
#3166=CARTESIAN_POINT('Ctrl Pts',(-47.3244784033946,-6.4999999254942,-19.650851320821));
#3167=CARTESIAN_POINT('Ctrl Pts',(-47.150153624337,-6.4999999254942,-19.7000000000416));
#3168=CARTESIAN_POINT('Ctrl Pts',(-46.9914416045374,-6.4999999254942,-19.7000000000416));
#3169=CARTESIAN_POINT('Ctrl Pts',(-47.4243163399988,-6.5653031167195,-19.4893745626548));
#3170=CARTESIAN_POINT('Ctrl Pts',(-47.2960982656513,-6.5657695774143,-19.5815209399469));
#3171=CARTESIAN_POINT('Ctrl Pts',(-47.137567965813,-6.56605219880994,-19.630332074394));
#3172=CARTESIAN_POINT('Ctrl Pts',(-46.9914416045374,-6.56607877919519,-19.6333333333749));
#3173=CARTESIAN_POINT('Ctrl Pts',(-47.3810389916701,-6.6306063079448,-19.4266649333828));
#3174=CARTESIAN_POINT('Ctrl Pts',(-47.2677181279081,-6.6315392293344,-19.5121905590728));
#3175=CARTESIAN_POINT('Ctrl Pts',(-47.124982307289,-6.63210447212569,-19.5606641487464));
#3176=CARTESIAN_POINT('Ctrl Pts',(-46.9914416045374,-6.63215763289618,-19.5666666667082));
#3177=CARTESIAN_POINT('Ctrl Pts',(-47.3377616433413,-6.69590949917009,-19.3639553041109));
#3178=CARTESIAN_POINT('Ctrl Pts',(-47.2393379901648,-6.6973088812545,-19.4428601781987));
#3179=CARTESIAN_POINT('Ctrl Pts',(-47.1123966487649,-6.69815674544143,-19.4909962230988));
#3180=CARTESIAN_POINT('Ctrl Pts',(-46.9914416045374,-6.69823648659717,-19.5000000000416));
#3181=CARTESIAN_POINT('',(-46.9914416045374,-6.4999999254942,-19.7000000000416));
#3182=CARTESIAN_POINT('',(-46.9914416045374,-6.69999208235271,-19.4982287871576));
#3183=CARTESIAN_POINT('Ctrl Pts',(-46.9914416045374,-6.4999999254942,-19.7000000000416));
#3184=CARTESIAN_POINT('Ctrl Pts',(-47.071214336015,-6.4999999254942,-19.7000000000416));
#3185=CARTESIAN_POINT('Ctrl Pts',(-47.1520777843308,-6.4999999254942,-19.6876345389668));
#3186=CARTESIAN_POINT('Ctrl Pts',(-47.3055842955113,-6.4999999254942,-19.6424292620706));
#3187=CARTESIAN_POINT('Ctrl Pts',(-47.3797697321898,-6.4999999254942,-19.6091462897754));
#3188=CARTESIAN_POINT('Ctrl Pts',(-47.4470624004688,-6.4999999254942,-19.5657783228662));
#3189=CARTESIAN_POINT('Ctrl Pts',(-46.9443481613148,-6.69999992549419,-19.5000000000416));
#3190=CARTESIAN_POINT('Ctrl Pts',(-46.9600459757224,-6.69999992549419,-19.5000000000416));
#3191=CARTESIAN_POINT('Ctrl Pts',(-46.9757437901299,-6.70000255193134,-19.4994109339397));
#3192=CARTESIAN_POINT('Ctrl Pts',(-46.9914416045375,-6.69999208235271,-19.4982287871576));
#3193=CARTESIAN_POINT('Ctrl Pts',(-46.9443481613148,-6.63333325882753,-19.5666666667082));
#3194=CARTESIAN_POINT('Ctrl Pts',(-46.9600459757224,-6.63333325882753,-19.5666666667082));
#3195=CARTESIAN_POINT('Ctrl Pts',(-46.9757437901299,-6.63333500978562,-19.5662739559736));
#3196=CARTESIAN_POINT('Ctrl Pts',(-46.9914416045375,-6.63332803006654,-19.5654858581189));
#3197=CARTESIAN_POINT('Ctrl Pts',(-46.9443481613148,-6.56666659216086,-19.6333333333749));
#3198=CARTESIAN_POINT('Ctrl Pts',(-46.9600459757224,-6.56666659216086,-19.6333333333749));
#3199=CARTESIAN_POINT('Ctrl Pts',(-46.9757437901299,-6.56666746763991,-19.6331369780076));
#3200=CARTESIAN_POINT('Ctrl Pts',(-46.9914416045375,-6.56666397778037,-19.6327429290802));
#3201=CARTESIAN_POINT('Ctrl Pts',(-46.9443481613148,-6.4999999254942,-19.7000000000416));
#3202=CARTESIAN_POINT('Ctrl Pts',(-46.9600459757224,-6.4999999254942,-19.7000000000416));
#3203=CARTESIAN_POINT('Ctrl Pts',(-46.9757437901299,-6.4999999254942,-19.7000000000416));
#3204=CARTESIAN_POINT('Ctrl Pts',(-46.9914416045375,-6.4999999254942,-19.7000000000416));
#3205=CARTESIAN_POINT('',(-46.9443481613148,-6.4999999254942,-19.7000000000416));
#3206=CARTESIAN_POINT('',(-46.9443481613148,-6.4999999254942,-19.7000000000416));
#3207=CARTESIAN_POINT('',(-46.9443481613148,-6.4999999254942,-19.7000000000416));
#3208=CARTESIAN_POINT('Ctrl Pts',(-55.0917795373101,-6.69590949917019,-19.3639553041106));
#3209=CARTESIAN_POINT('Ctrl Pts',(-55.1902031904866,-6.6973088812546,-19.4428601781985));
#3210=CARTESIAN_POINT('Ctrl Pts',(-55.3171445318866,-6.69815674544154,-19.4909962230987));
#3211=CARTESIAN_POINT('Ctrl Pts',(-55.4380995761141,-6.69823648659727,-19.5000000000415));
#3212=CARTESIAN_POINT('Ctrl Pts',(-55.0485021889813,-6.63060630794486,-19.4266649333826));
#3213=CARTESIAN_POINT('Ctrl Pts',(-55.1618230527433,-6.63153922933447,-19.5121905590726));
#3214=CARTESIAN_POINT('Ctrl Pts',(-55.3045588733625,-6.63210447212576,-19.5606641487463));
#3215=CARTESIAN_POINT('Ctrl Pts',(-55.4380995761141,-6.63215763289625,-19.5666666667082));
#3216=CARTESIAN_POINT('Ctrl Pts',(-55.0052248406525,-6.56530311671953,-19.4893745626546));
#3217=CARTESIAN_POINT('Ctrl Pts',(-55.133442915,-6.56576957741433,-19.5815209399467));
#3218=CARTESIAN_POINT('Ctrl Pts',(-55.2919732148385,-6.56605219880998,-19.630332074394));
#3219=CARTESIAN_POINT('Ctrl Pts',(-55.4380995761141,-6.56607877919522,-19.6333333333749));
#3220=CARTESIAN_POINT('Ctrl Pts',(-54.9619474923237,-6.4999999254942,-19.5520841919266));
#3221=CARTESIAN_POINT('Ctrl Pts',(-55.1050627772567,-6.4999999254942,-19.6508513208209));
#3222=CARTESIAN_POINT('Ctrl Pts',(-55.2793875563145,-6.4999999254942,-19.7000000000416));
#3223=CARTESIAN_POINT('Ctrl Pts',(-55.4380995761141,-6.4999999254942,-19.7000000000416));
#3224=CARTESIAN_POINT('',(-55.4380995761141,-6.4999999254942,-19.7000000000416));
#3225=CARTESIAN_POINT('Ctrl Pts',(-54.9824787801745,-6.4999999254942,-19.5657783228609));
#3226=CARTESIAN_POINT('Ctrl Pts',(-55.1215338046413,-6.4999999254942,-19.6553948272146));
#3227=CARTESIAN_POINT('Ctrl Pts',(-55.2869014161125,-6.4999999254942,-19.7000000000416));
#3228=CARTESIAN_POINT('Ctrl Pts',(-55.4380995761141,-6.4999999254942,-19.7000000000416));
#3229=CARTESIAN_POINT('',(-55.4380995761141,-6.4999999254942,-19.7000000000416));
#3230=CARTESIAN_POINT('Origin',(-60.9597705903257,-6.5999999254942,-19.6000000000416));
#3231=CARTESIAN_POINT('',(-55.4851930193367,-6.4999999254942,-19.7000000000416));
#3232=CARTESIAN_POINT('',(-55.4851930193367,-6.6999999254942,-19.5000000000416));
#3233=CARTESIAN_POINT('',(-70.4547705903258,-6.4999999254942,-19.7000000000416));
#3234=CARTESIAN_POINT('',(-60.9597705903257,-6.4999999254942,-19.7000000000416));
#3235=CARTESIAN_POINT('',(-70.4547705903258,-6.4999999254942,-19.7000000000416));
#3236=CARTESIAN_POINT('Origin',(-70.4547705903258,-9.4999999254942,-19.6000000000416));
#3237=CARTESIAN_POINT('',(-73.4547705903258,-9.4999999254942,-19.7000000000416));
#3238=CARTESIAN_POINT('Origin',(-70.4547705903258,-9.4999999254942,-19.7000000000416));
#3239=CARTESIAN_POINT('',(-73.4547705903258,-9.4999999254942,-19.7000000000416));
#3240=CARTESIAN_POINT('Origin',(-73.3547705903258,-28.6828840429997,-19.6000000000416));
#3241=CARTESIAN_POINT('',(-73.4547705903258,-18.5925159302647,-19.7000000000416));
#3242=CARTESIAN_POINT('',(-73.4547705903258,-28.6828840429997,-19.7000000000416));
#3243=CARTESIAN_POINT('',(-73.4547705903258,-18.5925159302647,-19.7000000000416));
#3244=CARTESIAN_POINT('Ctrl Pts',(-55.4380995761141,-6.69999208235271,-19.4982287871576));
#3245=CARTESIAN_POINT('Ctrl Pts',(-55.4537973905216,-6.70000255193134,-19.4994109339397));
#3246=CARTESIAN_POINT('Ctrl Pts',(-55.4694952049292,-6.6999999254942,-19.5000000000416));
#3247=CARTESIAN_POINT('Ctrl Pts',(-55.4851930193367,-6.6999999254942,-19.5000000000416));
#3248=CARTESIAN_POINT('Ctrl Pts',(-55.4380995761141,-6.63332803006654,-19.5654858581189));
#3249=CARTESIAN_POINT('Ctrl Pts',(-55.4537973905216,-6.63333500978562,-19.5662739559736));
#3250=CARTESIAN_POINT('Ctrl Pts',(-55.4694952049292,-6.63333325882753,-19.5666666667082));
#3251=CARTESIAN_POINT('Ctrl Pts',(-55.4851930193367,-6.63333325882753,-19.5666666667082));
#3252=CARTESIAN_POINT('Ctrl Pts',(-55.4380995761141,-6.56666397778037,-19.6327429290802));
#3253=CARTESIAN_POINT('Ctrl Pts',(-55.4537973905216,-6.56666746763991,-19.6331369780076));
#3254=CARTESIAN_POINT('Ctrl Pts',(-55.4694952049292,-6.56666659216086,-19.6333333333749));
#3255=CARTESIAN_POINT('Ctrl Pts',(-55.4851930193367,-6.56666659216086,-19.6333333333749));
#3256=CARTESIAN_POINT('Ctrl Pts',(-55.4380995761141,-6.4999999254942,-19.7000000000416));
#3257=CARTESIAN_POINT('Ctrl Pts',(-55.4537973905216,-6.4999999254942,-19.7000000000416));
#3258=CARTESIAN_POINT('Ctrl Pts',(-55.4694952049292,-6.4999999254942,-19.7000000000416));
#3259=CARTESIAN_POINT('Ctrl Pts',(-55.4851930193367,-6.4999999254942,-19.7000000000416));
#3260=CARTESIAN_POINT('',(-55.4380995761141,-6.4999999254942,-19.7000000000416));
#3261=CARTESIAN_POINT('Ctrl Pts',(-73.4547705903258,-36.9935409968506,-18.3617232759598));
#3262=CARTESIAN_POINT('Ctrl Pts',(-73.4547705903258,-35.2750707030053,-18.306197284036));
#3263=CARTESIAN_POINT('Ctrl Pts',(-73.4547705903258,-31.8264810284235,-18.3882266516053));
#3264=CARTESIAN_POINT('Ctrl Pts',(-73.4547705903258,-27.4874968564781,-18.9160368600221));
#3265=CARTESIAN_POINT('Ctrl Pts',(-73.4547705903258,-23.2727104683358,-19.4462222396062));
#3266=CARTESIAN_POINT('Ctrl Pts',(-73.4547705903258,-20.652284624442,-19.6822618039592));
#3267=CARTESIAN_POINT('Ctrl Pts',(-73.4547705903258,-18.8899798732983,-19.6986110080953));
#3268=CARTESIAN_POINT('Ctrl Pts',(-73.3966667952839,-36.9946383740146,-18.3277606218552));
#3269=CARTESIAN_POINT('Ctrl Pts',(-73.3970919634963,-35.2749731540549,-18.2729522022073));
#3270=CARTESIAN_POINT('Ctrl Pts',(-73.3964118007374,-31.8238258766011,-18.3540624579194));
#3271=CARTESIAN_POINT('Ctrl Pts',(-73.3925596217857,-27.4819831159707,-18.8743593982785));
#3272=CARTESIAN_POINT('Ctrl Pts',(-73.3892595261155,-23.2665958659413,-19.3937653913441));
#3273=CARTESIAN_POINT('Ctrl Pts',(-73.3881429011706,-20.648154805576,-19.62150786932));
#3274=CARTESIAN_POINT('Ctrl Pts',(-73.3881055117023,-18.8893656904766,-19.6324073387441));
#3275=CARTESIAN_POINT('Ctrl Pts',(-73.3385630002419,-36.9957357511787,-18.2937979677505));
#3276=CARTESIAN_POINT('Ctrl Pts',(-73.3394133366667,-35.2748756051045,-18.2397071203786));
#3277=CARTESIAN_POINT('Ctrl Pts',(-73.338053011149,-31.8211707247787,-18.3198982642334));
#3278=CARTESIAN_POINT('Ctrl Pts',(-73.3303486532457,-27.4764693754633,-18.8326819365349));
#3279=CARTESIAN_POINT('Ctrl Pts',(-73.3237484619053,-23.2604812635468,-19.341308543082));
#3280=CARTESIAN_POINT('Ctrl Pts',(-73.3215152120154,-20.6440249867099,-19.5607539346808));
#3281=CARTESIAN_POINT('Ctrl Pts',(-73.3214404330789,-18.8887515076549,-19.5662036693928));
#3282=CARTESIAN_POINT('Ctrl Pts',(-73.2804592052,-36.9968331283427,-18.2598353136459));
#3283=CARTESIAN_POINT('Ctrl Pts',(-73.2817347098372,-35.274778056154,-18.2064620385498));
#3284=CARTESIAN_POINT('Ctrl Pts',(-73.2796942215606,-31.8185155729563,-18.2857340705475));
#3285=CARTESIAN_POINT('Ctrl Pts',(-73.2681376847056,-27.4709556349558,-18.7910044747913));
#3286=CARTESIAN_POINT('Ctrl Pts',(-73.258237397695,-23.2543666611523,-19.2888516948199));
#3287=CARTESIAN_POINT('Ctrl Pts',(-73.2548875228601,-20.6398951678439,-19.5000000000416));
#3288=CARTESIAN_POINT('Ctrl Pts',(-73.2547753544557,-18.8881373248332,-19.5000000000416));
#3289=CARTESIAN_POINT('',(-73.4547705903258,-18.8899798732983,-19.6986110080953));
#3290=CARTESIAN_POINT('',(-73.2547753544557,-18.8881373248332,-19.5000000000416));
#3291=CARTESIAN_POINT('',(-73.4547705903258,-36.9935409968506,-18.3617232759598));
#3292=CARTESIAN_POINT('Ctrl Pts',(-73.4547705903258,-18.8899798732983,-19.6986110080953));
#3293=CARTESIAN_POINT('Ctrl Pts',(-73.4547705903258,-20.652284624442,-19.6822618039592));
#3294=CARTESIAN_POINT('Ctrl Pts',(-73.4547705903258,-23.2727104683358,-19.4462222396062));
#3295=CARTESIAN_POINT('Ctrl Pts',(-73.4547705903258,-27.4874968564781,-18.9160368600221));
#3296=CARTESIAN_POINT('Ctrl Pts',(-73.4547705903258,-31.8264810284235,-18.3882266516053));
#3297=CARTESIAN_POINT('Ctrl Pts',(-73.4547705903258,-35.2750707030053,-18.306197284036));
#3298=CARTESIAN_POINT('Ctrl Pts',(-73.4547705903258,-36.9935409968506,-18.3617232759598));
#3299=CARTESIAN_POINT('',(-73.2804592051993,-36.9968331288939,-18.2598353136629));
#3300=CARTESIAN_POINT('',(-73.4547705903258,-36.9935409968506,-18.3617232759598));
#3301=CARTESIAN_POINT('Ctrl Pts',(-73.2804592052,-36.9968331283427,-18.2598353136459));
#3302=CARTESIAN_POINT('Ctrl Pts',(-73.2817347098372,-35.274778056154,-18.2064620385498));
#3303=CARTESIAN_POINT('Ctrl Pts',(-73.2796942215606,-31.8185155729563,-18.2857340705475));
#3304=CARTESIAN_POINT('Ctrl Pts',(-73.2681376847056,-27.4709556349558,-18.7910044747913));
#3305=CARTESIAN_POINT('Ctrl Pts',(-73.258237397695,-23.2543666611523,-19.2888516948199));
#3306=CARTESIAN_POINT('Ctrl Pts',(-73.2548875228601,-20.6398951678439,-19.5000000000416));
#3307=CARTESIAN_POINT('Ctrl Pts',(-73.2547753544557,-18.8881373248332,-19.5000000000416));
#3308=CARTESIAN_POINT('Ctrl Pts',(-73.2547705903258,-18.5925159302647,-19.5000000000416));
#3309=CARTESIAN_POINT('Ctrl Pts',(-73.2547705903258,-18.6910591210579,-19.5000000000416));
#3310=CARTESIAN_POINT('Ctrl Pts',(-73.254769044812,-18.7895982770644,-19.5000000000416));
#3311=CARTESIAN_POINT('Ctrl Pts',(-73.2547753544557,-18.8881373248332,-19.5000000000416));
#3312=CARTESIAN_POINT('Ctrl Pts',(-73.3214372569925,-18.5925159302647,-19.5666666667082));
#3313=CARTESIAN_POINT('Ctrl Pts',(-73.3214372569925,-18.6912694444421,-19.5666666667082));
#3314=CARTESIAN_POINT('Ctrl Pts',(-73.3214362266499,-18.7900147000019,-19.566510225274));
#3315=CARTESIAN_POINT('Ctrl Pts',(-73.3214404330789,-18.8887515076549,-19.5662036693928));
#3316=CARTESIAN_POINT('Ctrl Pts',(-73.3881039236591,-18.5925159302647,-19.6333333333749));
#3317=CARTESIAN_POINT('Ctrl Pts',(-73.3881039236591,-18.6914797678262,-19.6333333333749));
#3318=CARTESIAN_POINT('Ctrl Pts',(-73.3881034084879,-18.7904311229395,-19.6330204505064));
#3319=CARTESIAN_POINT('Ctrl Pts',(-73.3881055117023,-18.8893656904766,-19.6324073387441));
#3320=CARTESIAN_POINT('Ctrl Pts',(-73.4547705903258,-18.5925159302647,-19.7000000000416));
#3321=CARTESIAN_POINT('Ctrl Pts',(-73.4547705903258,-18.6916900912103,-19.7000000000416));
#3322=CARTESIAN_POINT('Ctrl Pts',(-73.4547705903258,-18.790847545877,-19.6995306757388));
#3323=CARTESIAN_POINT('Ctrl Pts',(-73.4547705903258,-18.8899798732983,-19.6986110080953));
#3324=CARTESIAN_POINT('Origin',(-73.4547705903258,-18.591522050754,12.3657054840898));
#3325=CARTESIAN_POINT('Ctrl Pts',(-70.4885656231463,-39.9998095687477,-19.5503142880384));
#3326=CARTESIAN_POINT('Ctrl Pts',(-71.0428424949532,-39.993565237506,-19.4552827516321));
#3327=CARTESIAN_POINT('Ctrl Pts',(-72.1195407733141,-39.6654138405157,-19.1592551595771));
#3328=CARTESIAN_POINT('Ctrl Pts',(-72.8495774363828,-38.8797021667244,-18.7771318985965));
#3329=CARTESIAN_POINT('Ctrl Pts',(-73.242545476947,-38.1504585751974,-18.5354530072982));
#3330=CARTESIAN_POINT('Ctrl Pts',(-73.346710050669,-37.8567097340095,-18.4603971841664));
#3331=CARTESIAN_POINT('Ctrl Pts',(-73.4321725363449,-37.398518219018,-18.3903395973683));
#3332=CARTESIAN_POINT('Ctrl Pts',(-73.4487366458044,-37.2451403560495,-18.3741912457815));
#3333=CARTESIAN_POINT('Ctrl Pts',(-73.454316160943,-37.0603273918183,-18.3642741329194));
#3334=CARTESIAN_POINT('Ctrl Pts',(-73.4547705902806,-37.0301622066755,-18.3629542881779));
#3335=CARTESIAN_POINT('Ctrl Pts',(-73.4547705903258,-36.9999999299867,-18.361936589326));
#3336=CARTESIAN_POINT('Ctrl Pts',(-70.4770257997771,-39.9332261948241,-19.4830033371388));
#3337=CARTESIAN_POINT('Ctrl Pts',(-71.0153190192345,-39.9288719832251,-19.3900553082177));
#3338=CARTESIAN_POINT('Ctrl Pts',(-72.0654361913782,-39.6165075180703,-19.1033102456509));
#3339=CARTESIAN_POINT('Ctrl Pts',(-72.7898955358857,-38.8513273099784,-18.7321645677391));
#3340=CARTESIAN_POINT('Ctrl Pts',(-73.1825234775891,-38.1354498126007,-18.4969638644652));
#3341=CARTESIAN_POINT('Ctrl Pts',(-73.2872486482243,-37.8463639561696,-18.4238873774692));
#3342=CARTESIAN_POINT('Ctrl Pts',(-73.373543727429,-37.3944004357075,-18.3556356631106));
#3343=CARTESIAN_POINT('Ctrl Pts',(-73.3903514097851,-37.2430489275229,-18.3399098428946));
#3344=CARTESIAN_POINT('Ctrl Pts',(-73.3961477643617,-37.0605741913459,-18.3302452395468));
#3345=CARTESIAN_POINT('Ctrl Pts',(-73.3966331887311,-37.0307975306691,-18.3289603566081));
#3346=CARTESIAN_POINT('Ctrl Pts',(-73.3966628995918,-37.0010154121121,-18.3279684419802));
#3347=CARTESIAN_POINT('Ctrl Pts',(-70.4654859764079,-39.8666428209006,-19.4156923862393));
#3348=CARTESIAN_POINT('Ctrl Pts',(-70.9886070087882,-39.864789318351,-19.3251425498049));
#3349=CARTESIAN_POINT('Ctrl Pts',(-72.0112615164693,-39.5675551387064,-19.047347536089));
#3350=CARTESIAN_POINT('Ctrl Pts',(-72.7305421651806,-38.8227374010847,-18.6871924650765));
#3351=CARTESIAN_POINT('Ctrl Pts',(-73.122432735575,-38.12068026071,-18.4585334427729));
#3352=CARTESIAN_POINT('Ctrl Pts',(-73.227849829062,-37.8359219162078,-18.3873676323234));
#3353=CARTESIAN_POINT('Ctrl Pts',(-73.3149021129773,-37.3903529413507,-18.3209470536782));
#3354=CARTESIAN_POINT('Ctrl Pts',(-73.3319777511461,-37.240918593294,-18.3056221768727));
#3355=CARTESIAN_POINT('Ctrl Pts',(-73.3379774578945,-37.0608300633425,-18.2962180347205));
#3356=CARTESIAN_POINT('Ctrl Pts',(-73.3384972571821,-37.0314258671666,-18.2949651526806));
#3357=CARTESIAN_POINT('Ctrl Pts',(-73.3385552088578,-37.0020308942376,-18.2940002946344));
#3358=CARTESIAN_POINT('Ctrl Pts',(-70.4539461530387,-39.800059446977,-19.3483814353397));
#3359=CARTESIAN_POINT('Ctrl Pts',(-70.9610835330695,-39.80009606407,-19.2599151063905));
#3360=CARTESIAN_POINT('Ctrl Pts',(-71.9571569345335,-39.5186488162611,-18.9914026221627));
#3361=CARTESIAN_POINT('Ctrl Pts',(-72.6708602646836,-38.7943625443387,-18.6422251342191));
#3362=CARTESIAN_POINT('Ctrl Pts',(-73.0624107362171,-38.1056714981134,-18.4200442999399));
#3363=CARTESIAN_POINT('Ctrl Pts',(-73.1683884266174,-37.8255761383678,-18.3508578256262));
#3364=CARTESIAN_POINT('Ctrl Pts',(-73.2562733040614,-37.3862351580403,-18.2862431194205));
#3365=CARTESIAN_POINT('Ctrl Pts',(-73.2735925151267,-37.2388271647674,-18.2713407739858));
#3366=CARTESIAN_POINT('Ctrl Pts',(-73.279809061313,-37.06107686287,-18.2621891413479));
#3367=CARTESIAN_POINT('Ctrl Pts',(-73.2803598556325,-37.0320611911602,-18.2609712211109));
#3368=CARTESIAN_POINT('Ctrl Pts',(-73.2804475181238,-37.003046376363,-18.2600321472886));
#3369=CARTESIAN_POINT('',(-73.2804475181238,-37.0030463763631,-18.2600321472886));
#3370=CARTESIAN_POINT('',(-73.4547705903212,-36.9999999285823,-18.3619365893708));
#3371=CARTESIAN_POINT('',(-73.2804475181238,-37.0030463763632,-18.2600321472886));
#3372=CARTESIAN_POINT('',(-70.4885656231463,-39.9998095687477,-19.5503142880384));
#3373=CARTESIAN_POINT('Ctrl Pts',(-73.4547705903258,-36.9999999299867,-18.361936589326));
#3374=CARTESIAN_POINT('Ctrl Pts',(-73.4547705902806,-37.0301622066755,-18.3629542881779));
#3375=CARTESIAN_POINT('Ctrl Pts',(-73.454316160943,-37.0603273918183,-18.3642741329194));
#3376=CARTESIAN_POINT('Ctrl Pts',(-73.4487366458044,-37.2451403560495,-18.3741912457815));
#3377=CARTESIAN_POINT('Ctrl Pts',(-73.4321725363449,-37.398518219018,-18.3903395973683));
#3378=CARTESIAN_POINT('Ctrl Pts',(-73.346710050669,-37.8567097340095,-18.4603971841664));
#3379=CARTESIAN_POINT('Ctrl Pts',(-73.242545476947,-38.1504585751974,-18.5354530072982));
#3380=CARTESIAN_POINT('Ctrl Pts',(-72.8495774363828,-38.8797021667244,-18.7771318985965));
#3381=CARTESIAN_POINT('Ctrl Pts',(-72.1195407733141,-39.6654138405157,-19.1592551595771));
#3382=CARTESIAN_POINT('Ctrl Pts',(-71.0428424949532,-39.993565237506,-19.4552827516321));
#3383=CARTESIAN_POINT('Ctrl Pts',(-70.4885656231463,-39.9998095687477,-19.5503142880384));
#3384=CARTESIAN_POINT('',(-70.4538098407399,-39.800078534974,-19.3476048909428));
#3385=CARTESIAN_POINT('',(-70.4885656231463,-39.9998095687477,-19.5503142880384));
#3386=CARTESIAN_POINT('Ctrl Pts',(-70.4539461530387,-39.800059446977,-19.3483814353397));
#3387=CARTESIAN_POINT('Ctrl Pts',(-70.9610835330695,-39.80009606407,-19.2599151063905));
#3388=CARTESIAN_POINT('Ctrl Pts',(-71.9571569345335,-39.5186488162611,-18.9914026221627));
#3389=CARTESIAN_POINT('Ctrl Pts',(-72.6708602646836,-38.7943625443387,-18.6422251342191));
#3390=CARTESIAN_POINT('Ctrl Pts',(-73.0624107362171,-38.1056714981134,-18.4200442999399));
#3391=CARTESIAN_POINT('Ctrl Pts',(-73.1683884266174,-37.8255761383678,-18.3508578256262));
#3392=CARTESIAN_POINT('Ctrl Pts',(-73.2562733040614,-37.3862351580403,-18.2862431194205));
#3393=CARTESIAN_POINT('Ctrl Pts',(-73.2735925151267,-37.2388271647674,-18.2713407739858));
#3394=CARTESIAN_POINT('Ctrl Pts',(-73.279809061313,-37.06107686287,-18.2621891413479));
#3395=CARTESIAN_POINT('Ctrl Pts',(-73.2803598556325,-37.0320611911602,-18.2609712211109));
#3396=CARTESIAN_POINT('Ctrl Pts',(-73.2804475181238,-37.003046376363,-18.2600321472886));
#3397=CARTESIAN_POINT('Ctrl Pts',(-73.2804592051988,-36.9968331299962,-18.2598353136972));
#3398=CARTESIAN_POINT('Ctrl Pts',(-73.2804576712084,-36.9989042065009,-18.2598995045058));
#3399=CARTESIAN_POINT('Ctrl Pts',(-73.2804537755015,-37.0009752892575,-18.2599651158877));
#3400=CARTESIAN_POINT('Ctrl Pts',(-73.2804475181238,-37.0030463763632,-18.2600321472886));
#3401=CARTESIAN_POINT('Ctrl Pts',(-73.3385630002411,-36.995735752281,-18.2937979677847));
#3402=CARTESIAN_POINT('Ctrl Pts',(-73.3385619775809,-36.9978341255855,-18.2938639500305));
#3403=CARTESIAN_POINT('Ctrl Pts',(-73.3385593804429,-36.9999325050619,-18.2939313924732));
#3404=CARTESIAN_POINT('Ctrl Pts',(-73.3385552088578,-37.0020308942377,-18.2940002946344));
#3405=CARTESIAN_POINT('Ctrl Pts',(-73.3966667952835,-36.9946383745658,-18.3277606218722));
#3406=CARTESIAN_POINT('Ctrl Pts',(-73.3966662839533,-36.9967640446702,-18.3278283955551));
#3407=CARTESIAN_POINT('Ctrl Pts',(-73.3966649853843,-36.9988897208663,-18.3278976690588));
#3408=CARTESIAN_POINT('Ctrl Pts',(-73.3966628995918,-37.0010154121123,-18.3279684419802));
#3409=CARTESIAN_POINT('Ctrl Pts',(-73.4547705903258,-36.9935409968506,-18.3617232759598));
#3410=CARTESIAN_POINT('Ctrl Pts',(-73.4547705903258,-36.9956939637549,-18.3617928410798));
#3411=CARTESIAN_POINT('Ctrl Pts',(-73.4547705903258,-36.9978469366707,-18.3618639456443));
#3412=CARTESIAN_POINT('Ctrl Pts',(-73.4547705903258,-36.9999999299868,-18.361936589326));
#3413=CARTESIAN_POINT('',(-73.2804475181238,-37.0030463763632,-18.2600321472886));
#3414=CARTESIAN_POINT('',(-73.4547705903258,-36.9935409968506,-18.3617232759598));
#3415=CARTESIAN_POINT('Ctrl Pts',(-68.7302860811309,-39.9999999254942,-19.7000000000416));
#3416=CARTESIAN_POINT('Ctrl Pts',(-69.3089550894539,-39.9999999254942,-19.7000000001228));
#3417=CARTESIAN_POINT('Ctrl Pts',(-69.8857923563747,-39.9999999254942,-19.6516704758093));
#3418=CARTESIAN_POINT('Ctrl Pts',(-70.4547705903334,-39.9999999254942,-19.5560509905732));
#3419=CARTESIAN_POINT('Ctrl Pts',(-68.7302860811403,-39.9333332599203,-19.633321262451));
#3420=CARTESIAN_POINT('Ctrl Pts',(-69.3052423734599,-39.9333333513003,-19.632816578734));
#3421=CARTESIAN_POINT('Ctrl Pts',(-69.8782992626522,-39.9333391889826,-19.5842685805247));
#3422=CARTESIAN_POINT('Ctrl Pts',(-70.4434577477622,-39.93335231114,-19.4887345730945));
#3423=CARTESIAN_POINT('Ctrl Pts',(-68.7302860811496,-39.8666665943465,-19.5666425248604));
#3424=CARTESIAN_POINT('Ctrl Pts',(-69.301529657466,-39.8666667771065,-19.5656331573452));
#3425=CARTESIAN_POINT('Ctrl Pts',(-69.8708061689297,-39.866678452471,-19.51686668524));
#3426=CARTESIAN_POINT('Ctrl Pts',(-70.4321449051909,-39.8667046967858,-19.4214181556158));
#3427=CARTESIAN_POINT('Ctrl Pts',(-68.730286081159,-39.7999999287726,-19.4999637872699));
#3428=CARTESIAN_POINT('Ctrl Pts',(-69.2978169414721,-39.8000002029126,-19.4984497359564));
#3429=CARTESIAN_POINT('Ctrl Pts',(-69.8633130752073,-39.8000177159594,-19.4494647899554));
#3430=CARTESIAN_POINT('Ctrl Pts',(-70.4208320626196,-39.8000570824316,-19.3541017381371));
#3431=CARTESIAN_POINT('',(-70.4205627790451,-39.8000947754078,-19.3525366623841));
#3432=CARTESIAN_POINT('',(-70.4547705903332,-39.9999999254942,-19.556050990572));
#3433=CARTESIAN_POINT('',(-70.4208320626196,-39.8000570824316,-19.3541017381371));
#3434=CARTESIAN_POINT('',(-68.7302860811309,-39.9999999254942,-19.7000000000416));
#3435=CARTESIAN_POINT('Ctrl Pts',(-70.4547705903334,-39.9999999254942,-19.5560509905732));
#3436=CARTESIAN_POINT('Ctrl Pts',(-70.1699784267582,-39.9999999254942,-19.603911661606));
#3437=CARTESIAN_POINT('Ctrl Pts',(-69.88331079717,-39.9999999254941,-19.6399089318226));
#3438=CARTESIAN_POINT('Ctrl Pts',(-69.3077398058131,-39.9999999254941,-19.687963090254));
#3439=CARTESIAN_POINT('Ctrl Pts',(-69.0190747582918,-39.9999999254942,-19.7000000000821));
#3440=CARTESIAN_POINT('Ctrl Pts',(-68.7302860811309,-39.9999999254942,-19.7000000000416));
#3441=CARTESIAN_POINT('',(-68.7302860795729,-39.7999994774108,-19.499962948727));
#3442=CARTESIAN_POINT('',(-68.7302860811309,-39.9999999254942,-19.7000000000416));
#3443=CARTESIAN_POINT('Origin',(-69.3816177125509,-39.8045466228803,-11.5808547648581));
#3444=CARTESIAN_POINT('Ctrl Pts',(-70.4539461530387,-39.800059446977,-19.3483814353397));
#3445=CARTESIAN_POINT('Ctrl Pts',(-70.4429112816454,-39.8000586502207,-19.3503063862525));
#3446=CARTESIAN_POINT('Ctrl Pts',(-70.4318732361486,-39.8000578620499,-19.3522131567127));
#3447=CARTESIAN_POINT('Ctrl Pts',(-70.4208320626196,-39.8000570824316,-19.3541017381371));
#3448=CARTESIAN_POINT('Ctrl Pts',(-70.4654859764079,-39.8666428209006,-19.4156923862393));
#3449=CARTESIAN_POINT('Ctrl Pts',(-70.4543754347641,-39.8666845808217,-19.4176193086053));
#3450=CARTESIAN_POINT('Ctrl Pts',(-70.4432617254885,-39.8667052165314,-19.4195278813786));
#3451=CARTESIAN_POINT('Ctrl Pts',(-70.4321449051909,-39.8667046967858,-19.4214181556158));
#3452=CARTESIAN_POINT('Ctrl Pts',(-70.4770257997771,-39.9332261948241,-19.4830033371388));
#3453=CARTESIAN_POINT('Ctrl Pts',(-70.4658395878828,-39.9333105114227,-19.484932230958));
#3454=CARTESIAN_POINT('Ctrl Pts',(-70.4546502148285,-39.9333525710128,-19.4868426060445));
#3455=CARTESIAN_POINT('Ctrl Pts',(-70.4434577477622,-39.93335231114,-19.4887345730945));
#3456=CARTESIAN_POINT('Ctrl Pts',(-70.4885656231463,-39.9998095687477,-19.5503142880384));
#3457=CARTESIAN_POINT('Ctrl Pts',(-70.4773037410015,-39.9999364420237,-19.5522451533108));
#3458=CARTESIAN_POINT('Ctrl Pts',(-70.4660387041684,-39.9999999254942,-19.5541573307104));
#3459=CARTESIAN_POINT('Ctrl Pts',(-70.4547705903334,-39.9999999254942,-19.5560509905732));
#3460=CARTESIAN_POINT('Origin',(-69.3997483983898,-39.804531061017,-11.8150490294872));
#3461=CARTESIAN_POINT('Origin',(-69.3698141509911,-5.71733838829671,-9.40205927695916));
#3462=CARTESIAN_POINT('Origin',(-41.4697705903258,-39.8999999254942,-19.6000000000416));
#3463=CARTESIAN_POINT('',(-68.7031380491899,-39.9999999254942,-19.7000000000416));
#3464=CARTESIAN_POINT('',(-68.7031380491899,-39.7999999254942,-19.5000000000416));
#3465=CARTESIAN_POINT('',(-33.7264031297871,-39.9999999254942,-19.7000000000416));
#3466=CARTESIAN_POINT('',(-41.4697705903258,-39.9999999254942,-19.7000000000416));
#3467=CARTESIAN_POINT('',(-33.7264031297871,-39.9999999254942,-19.7000000000416));
#3468=CARTESIAN_POINT('Ctrl Pts',(-68.7302860811309,-39.799999734918,-19.4999635933802));
#3469=CARTESIAN_POINT('Ctrl Pts',(-68.7212367371505,-39.7999997305468,-19.4999877351236));
#3470=CARTESIAN_POINT('Ctrl Pts',(-68.7121873931703,-39.7999997316396,-19.499999806187));
#3471=CARTESIAN_POINT('Ctrl Pts',(-68.7031380491899,-39.7999997316396,-19.499999806187));
#3472=CARTESIAN_POINT('Ctrl Pts',(-68.7302860811309,-39.8666664651101,-19.5666423956007));
#3473=CARTESIAN_POINT('Ctrl Pts',(-68.7212367371505,-39.8666664621959,-19.5666584900963));
#3474=CARTESIAN_POINT('Ctrl Pts',(-68.7121873931703,-39.8666664629245,-19.5666665374718));
#3475=CARTESIAN_POINT('Ctrl Pts',(-68.7031380491899,-39.8666664629245,-19.5666665374718));
#3476=CARTESIAN_POINT('Ctrl Pts',(-68.7302860811309,-39.9333331953021,-19.6333211978211));
#3477=CARTESIAN_POINT('Ctrl Pts',(-68.7212367371505,-39.9333331938451,-19.6333292450689));
#3478=CARTESIAN_POINT('Ctrl Pts',(-68.7121873931703,-39.9333331942093,-19.6333332687567));
#3479=CARTESIAN_POINT('Ctrl Pts',(-68.7031380491899,-39.9333331942093,-19.6333332687567));
#3480=CARTESIAN_POINT('Ctrl Pts',(-68.7302860811309,-39.9999999254942,-19.7000000000416));
#3481=CARTESIAN_POINT('Ctrl Pts',(-68.7212367371505,-39.9999999254942,-19.7000000000416));
#3482=CARTESIAN_POINT('Ctrl Pts',(-68.7121873931703,-39.9999999254942,-19.7000000000416));
#3483=CARTESIAN_POINT('Ctrl Pts',(-68.7031380491899,-39.9999999254942,-19.7000000000416));
#3484=CARTESIAN_POINT('Ctrl Pts',(-68.7031380491899,-39.7999999254484,-19.4999999999958));
#3485=CARTESIAN_POINT('Ctrl Pts',(-68.7076627263256,-39.7999998680769,-19.4999999426243));
#3486=CARTESIAN_POINT('Ctrl Pts',(-68.7121874030204,-39.7999997417181,-19.4999967987571));
#3487=CARTESIAN_POINT('Ctrl Pts',(-68.7212367483218,-39.7999993545552,-19.4999843400672));
#3488=CARTESIAN_POINT('Ctrl Pts',(-68.7257614150094,-39.7999990938761,-19.4999750252526));
#3489=CARTESIAN_POINT('Ctrl Pts',(-68.730286079582,-39.7999987676722,-19.4999626259633));
#3490=CARTESIAN_POINT('',(-68.7302860811309,-39.9999999254942,-19.7000000000416));
#3491=CARTESIAN_POINT('Ctrl Pts',(-33.6992550980682,-39.7999999287726,-19.4999637872661));
#3492=CARTESIAN_POINT('Ctrl Pts',(-33.131727130809,-39.8000002029112,-19.4984497435912));
#3493=CARTESIAN_POINT('Ctrl Pts',(-32.5662309354292,-39.8000177157596,-19.4494652740214));
#3494=CARTESIAN_POINT('Ctrl Pts',(-32.0087091180321,-39.8000570824316,-19.3541017381371));
#3495=CARTESIAN_POINT('Ctrl Pts',(-33.6992550980682,-39.8666665943465,-19.5666425248579));
#3496=CARTESIAN_POINT('Ctrl Pts',(-33.1280144337316,-39.8666667771056,-19.5656331624081));
#3497=CARTESIAN_POINT('Ctrl Pts',(-32.5587378610959,-39.8666784523378,-19.5168671697399));
#3498=CARTESIAN_POINT('Ctrl Pts',(-31.9973962754608,-39.8667046967858,-19.4214181556158));
#3499=CARTESIAN_POINT('Ctrl Pts',(-33.6992550980682,-39.9333332599203,-19.6333212624497));
#3500=CARTESIAN_POINT('Ctrl Pts',(-33.1243017366542,-39.9333333512999,-19.632816581225));
#3501=CARTESIAN_POINT('Ctrl Pts',(-32.5512447867626,-39.933339188916,-19.5842690654584));
#3502=CARTESIAN_POINT('Ctrl Pts',(-31.9860834328895,-39.93335231114,-19.4887345730945));
#3503=CARTESIAN_POINT('Ctrl Pts',(-33.6992550980683,-39.9999999254942,-19.7000000000416));
#3504=CARTESIAN_POINT('Ctrl Pts',(-33.1205890395769,-39.9999999254942,-19.7000000000419));
#3505=CARTESIAN_POINT('Ctrl Pts',(-32.5437517124292,-39.9999999254942,-19.651670961177));
#3506=CARTESIAN_POINT('Ctrl Pts',(-31.9747705903183,-39.9999999254942,-19.5560509905733));
#3507=CARTESIAN_POINT('',(-31.9747705903185,-39.9999999254942,-19.556050990572));
#3508=CARTESIAN_POINT('',(-32.0089812195896,-39.8000951652212,-19.352520424679));
#3509=CARTESIAN_POINT('',(-31.9747705903185,-39.9999999254942,-19.556050990572));
#3510=CARTESIAN_POINT('',(-33.6992551002017,-39.7999994806715,-19.4999629547827));
#3511=CARTESIAN_POINT('Origin',(-33.0456164153024,-39.8045772600743,-11.5763191703363));
#3512=CARTESIAN_POINT('',(-33.6992550980683,-39.9999999254942,-19.7000000000416));
#3513=CARTESIAN_POINT('',(-33.6992550980682,-39.7999999287726,-19.4999637872661));
#3514=CARTESIAN_POINT('Ctrl Pts',(-33.6992550980683,-39.9999999254942,-19.7000000000416));
#3515=CARTESIAN_POINT('Ctrl Pts',(-33.4104664262337,-39.9999999254942,-19.7000000000417));
#3516=CARTESIAN_POINT('Ctrl Pts',(-33.1218013717198,-39.9999999254941,-19.6879630889815));
#3517=CARTESIAN_POINT('Ctrl Pts',(-32.5462303833495,-39.9999999254941,-19.6399089310814));
#3518=CARTESIAN_POINT('Ctrl Pts',(-32.259562756239,-39.9999999254942,-19.6039116620003));
#3519=CARTESIAN_POINT('Ctrl Pts',(-31.9747705903183,-39.9999999254942,-19.5560509905733));
#3520=CARTESIAN_POINT('Ctrl Pts',(-33.7264031297871,-39.7999997330281,-19.4999998075755));
#3521=CARTESIAN_POINT('Ctrl Pts',(-33.7173537858808,-39.7999997330281,-19.499999807574));
#3522=CARTESIAN_POINT('Ctrl Pts',(-33.7083044419746,-39.7999997319353,-19.4999877365095));
#3523=CARTESIAN_POINT('Ctrl Pts',(-33.6992550980683,-39.7999997363065,-19.4999635947652));
#3524=CARTESIAN_POINT('Ctrl Pts',(-33.7264031297871,-39.8666664638502,-19.5666665383976));
#3525=CARTESIAN_POINT('Ctrl Pts',(-33.7173537858808,-39.8666664638502,-19.5666665383966));
#3526=CARTESIAN_POINT('Ctrl Pts',(-33.7083044419746,-39.8666664631216,-19.5666584910201));
#3527=CARTESIAN_POINT('Ctrl Pts',(-33.6992550980683,-39.8666664660358,-19.5666423965239));
#3528=CARTESIAN_POINT('Ctrl Pts',(-33.7264031297871,-39.9333331946721,-19.6333332692195));
#3529=CARTESIAN_POINT('Ctrl Pts',(-33.7173537858808,-39.9333331946721,-19.633333269219));
#3530=CARTESIAN_POINT('Ctrl Pts',(-33.7083044419746,-39.9333331943079,-19.6333292455309));
#3531=CARTESIAN_POINT('Ctrl Pts',(-33.6992550980683,-39.9333331957649,-19.6333211982827));
#3532=CARTESIAN_POINT('Ctrl Pts',(-33.7264031297871,-39.9999999254942,-19.7000000000416));
#3533=CARTESIAN_POINT('Ctrl Pts',(-33.7173537858808,-39.9999999254942,-19.7000000000416));
#3534=CARTESIAN_POINT('Ctrl Pts',(-33.7083044419746,-39.9999999254942,-19.7000000000416));
#3535=CARTESIAN_POINT('Ctrl Pts',(-33.6992550980683,-39.9999999254942,-19.7000000000416));
#3536=CARTESIAN_POINT('Ctrl Pts',(-33.6992551011812,-39.7999987760606,-19.4999626343536));
#3537=CARTESIAN_POINT('Ctrl Pts',(-33.7037784187106,-39.7999991017477,-19.4999750296005));
#3538=CARTESIAN_POINT('Ctrl Pts',(-33.7083017383258,-39.7999993615783,-19.4999843417001));
#3539=CARTESIAN_POINT('Ctrl Pts',(-33.7173489505785,-39.7999997459875,-19.499996798383));
#3540=CARTESIAN_POINT('Ctrl Pts',(-33.7218719337395,-39.7999998704626,-19.4999999413529));
#3541=CARTESIAN_POINT('Ctrl Pts',(-33.7263949101794,-39.7999999254976,-19.5000000000416));
#3542=CARTESIAN_POINT('',(-33.7264031297871,-39.9999999254942,-19.7000000000416));
#3543=CARTESIAN_POINT('Ctrl Pts',(-28.9747705903259,-36.9999999254942,-18.3619365891745));
#3544=CARTESIAN_POINT('Ctrl Pts',(-28.9747705903259,-37.1080392233121,-18.3655819196394));
#3545=CARTESIAN_POINT('Ctrl Pts',(-28.9806176799677,-37.2157684184237,-18.3730841719316));
#3546=CARTESIAN_POINT('Ctrl Pts',(-29.0195827956935,-37.5739558950438,-18.4103701928892));
#3547=CARTESIAN_POINT('Ctrl Pts',(-29.0779085577506,-37.8185856064336,-18.4565414550064));
#3548=CARTESIAN_POINT('Ctrl Pts',(-29.3324047873436,-38.4937036358853,-18.629423983549));
#3549=CARTESIAN_POINT('Ctrl Pts',(-29.9963407731691,-39.4901065658651,-19.0362820905269));
#3550=CARTESIAN_POINT('Ctrl Pts',(-31.1892758454835,-39.9913411259263,-19.4214343325809));
#3551=CARTESIAN_POINT('Ctrl Pts',(-31.9409755575053,-39.9998095687477,-19.5503142880384));
#3552=CARTESIAN_POINT('Ctrl Pts',(-29.0328782810555,-37.0010154076766,-18.3279684418326));
#3553=CARTESIAN_POINT('Ctrl Pts',(-29.0329644936395,-37.107691321239,-18.3315214991256));
#3554=CARTESIAN_POINT('Ctrl Pts',(-29.0389975649632,-37.2140296436542,-18.3388264357197));
#3555=CARTESIAN_POINT('Ctrl Pts',(-29.0784258764064,-37.5675531298986,-18.3751544882267));
#3556=CARTESIAN_POINT('Ctrl Pts',(-29.137456057953,-37.8086940888287,-18.4201183797598));
#3557=CARTESIAN_POINT('Ctrl Pts',(-29.392386543452,-38.4730852853089,-18.5884485929706));
#3558=CARTESIAN_POINT('Ctrl Pts',(-30.0561701049827,-39.4483875472034,-18.984279869622));
#3559=CARTESIAN_POINT('Ctrl Pts',(-31.2228851715525,-39.9274807074896,-19.3569988672557));
#3560=CARTESIAN_POINT('Ctrl Pts',(-31.9525153808746,-39.9332261948241,-19.4830033371389));
#3561=CARTESIAN_POINT('Ctrl Pts',(-29.0909859717852,-37.002030889859,-18.2940002944907));
#3562=CARTESIAN_POINT('Ctrl Pts',(-29.0912137603333,-37.1073234386591,-18.2974562684341));
#3563=CARTESIAN_POINT('Ctrl Pts',(-29.0972930952142,-37.2123196112837,-18.3045763472579));
#3564=CARTESIAN_POINT('Ctrl Pts',(-29.1373954970665,-37.5610954147498,-18.3399296736975));
#3565=CARTESIAN_POINT('Ctrl Pts',(-29.1966502862723,-37.7989183070295,-18.383727944688));
#3566=CARTESIAN_POINT('Ctrl Pts',(-29.4526176958564,-38.4522947107082,-18.5474629597141));
#3567=CARTESIAN_POINT('Ctrl Pts',(-30.1157495724741,-39.4065970145969,-18.9322462568639));
#3568=CARTESIAN_POINT('Ctrl Pts',(-31.2542156683438,-39.8639695248162,-19.2928405542263));
#3569=CARTESIAN_POINT('Ctrl Pts',(-31.9640552042438,-39.8666428209006,-19.4156923862393));
#3570=CARTESIAN_POINT('Ctrl Pts',(-29.1490936625149,-37.0030463720415,-18.2600321471488));
#3571=CARTESIAN_POINT('Ctrl Pts',(-29.1494076636469,-37.1069755365859,-18.2633958479203));
#3572=CARTESIAN_POINT('Ctrl Pts',(-29.1556729802096,-37.2105808365142,-18.270318611046));
#3573=CARTESIAN_POINT('Ctrl Pts',(-29.1962385777794,-37.5546926496045,-18.3047139690351));
#3574=CARTESIAN_POINT('Ctrl Pts',(-29.2561977864747,-37.7890267894246,-18.3473048694413));
#3575=CARTESIAN_POINT('Ctrl Pts',(-29.5125994519647,-38.4316763601318,-18.5064875691358));
#3576=CARTESIAN_POINT('Ctrl Pts',(-30.1755789042877,-39.3648779959352,-18.880244035959));
#3577=CARTESIAN_POINT('Ctrl Pts',(-31.2878249944128,-39.8001091063795,-19.2284050889012));
#3578=CARTESIAN_POINT('Ctrl Pts',(-31.975595027613,-39.800059446977,-19.3483814353398));
#3579=CARTESIAN_POINT('',(-28.9747705903259,-36.9999999254942,-18.3619365891745));
#3580=CARTESIAN_POINT('',(-29.1490936625149,-37.0030463720415,-18.2600321471488));
#3581=CARTESIAN_POINT('',(-28.9747705903259,-36.9999999254942,-18.3619365891745));
#3582=CARTESIAN_POINT('',(-31.9757343178351,-39.8000789496122,-19.3475880031186));
#3583=CARTESIAN_POINT('Ctrl Pts',(-29.1490936625149,-37.0030463720415,-18.2600321471488));
#3584=CARTESIAN_POINT('Ctrl Pts',(-29.1494076636469,-37.1069755365859,-18.2633958479203));
#3585=CARTESIAN_POINT('Ctrl Pts',(-29.1556729802096,-37.2105808365142,-18.270318611046));
#3586=CARTESIAN_POINT('Ctrl Pts',(-29.1962385777794,-37.5546926496045,-18.3047139690351));
#3587=CARTESIAN_POINT('Ctrl Pts',(-29.2561977864747,-37.7890267894246,-18.3473048694413));
#3588=CARTESIAN_POINT('Ctrl Pts',(-29.5125994519647,-38.4316763601318,-18.5064875691358));
#3589=CARTESIAN_POINT('Ctrl Pts',(-30.1755789042877,-39.3648779959352,-18.880244035959));
#3590=CARTESIAN_POINT('Ctrl Pts',(-31.2878249944128,-39.8001091063795,-19.2284050889012));
#3591=CARTESIAN_POINT('Ctrl Pts',(-31.975595027613,-39.800059446977,-19.3483814353398));
#3592=CARTESIAN_POINT('',(-31.9409755575053,-39.9998095687477,-19.5503142880384));
#3593=CARTESIAN_POINT('',(-31.975595027613,-39.800059446977,-19.3483814353398));
#3594=CARTESIAN_POINT('Ctrl Pts',(-31.9409755575053,-39.9998095687477,-19.5503142880384));
#3595=CARTESIAN_POINT('Ctrl Pts',(-31.1892758454835,-39.9913411259263,-19.4214343325809));
#3596=CARTESIAN_POINT('Ctrl Pts',(-29.9963407731691,-39.4901065658651,-19.0362820905269));
#3597=CARTESIAN_POINT('Ctrl Pts',(-29.3324047873436,-38.4937036358853,-18.629423983549));
#3598=CARTESIAN_POINT('Ctrl Pts',(-29.0779085577506,-37.8185856064336,-18.4565414550064));
#3599=CARTESIAN_POINT('Ctrl Pts',(-29.0195827956935,-37.5739558950438,-18.4103701928892));
#3600=CARTESIAN_POINT('Ctrl Pts',(-28.9806176799677,-37.2157684184237,-18.3730841719316));
#3601=CARTESIAN_POINT('Ctrl Pts',(-28.9747705903259,-37.1080392233121,-18.3655819196394));
#3602=CARTESIAN_POINT('Ctrl Pts',(-28.9747705903259,-36.9999999254942,-18.3619365891745));
#3603=CARTESIAN_POINT('Ctrl Pts',(-32.0087091180321,-39.8000570824316,-19.3541017381371));
#3604=CARTESIAN_POINT('Ctrl Pts',(-31.9976679456211,-39.8000578620499,-19.352213156904));
#3605=CARTESIAN_POINT('Ctrl Pts',(-31.986629900124,-39.8000586502206,-19.3503063864475));
#3606=CARTESIAN_POINT('Ctrl Pts',(-31.975595027613,-39.800059446977,-19.3483814353398));
#3607=CARTESIAN_POINT('Ctrl Pts',(-31.9973962754608,-39.8667046967858,-19.4214181556158));
#3608=CARTESIAN_POINT('Ctrl Pts',(-31.9862794562888,-39.8667052165313,-19.41952788157));
#3609=CARTESIAN_POINT('Ctrl Pts',(-31.975165747013,-39.8666845808259,-19.4176193088005));
#3610=CARTESIAN_POINT('Ctrl Pts',(-31.9640552042438,-39.8666428209006,-19.4156923862393));
#3611=CARTESIAN_POINT('Ctrl Pts',(-31.9860834328896,-39.93335231114,-19.4887345730945));
#3612=CARTESIAN_POINT('Ctrl Pts',(-31.9748909669565,-39.9333525710127,-19.4868426062361));
#3613=CARTESIAN_POINT('Ctrl Pts',(-31.9637015939019,-39.9333105114312,-19.4849322311534));
#3614=CARTESIAN_POINT('Ctrl Pts',(-31.9525153808746,-39.9332261948241,-19.4830033371389));
#3615=CARTESIAN_POINT('Ctrl Pts',(-31.9747705903183,-39.9999999254942,-19.5560509905733));
#3616=CARTESIAN_POINT('Ctrl Pts',(-31.9635024776242,-39.9999999254942,-19.5541573309021));
#3617=CARTESIAN_POINT('Ctrl Pts',(-31.9522374407909,-39.9999364420365,-19.5522451535064));
#3618=CARTESIAN_POINT('Ctrl Pts',(-31.9409755575053,-39.9998095687477,-19.5503142880384));
#3619=CARTESIAN_POINT('Origin',(-33.026746058519,-39.8045656768579,-11.8170672802181));
#3620=CARTESIAN_POINT('Origin',(-33.0590843648536,-5.73721601122234,-9.40794446488687));
#3621=CARTESIAN_POINT('Ctrl Pts',(-28.9747705903258,-18.8899798732984,-19.6986110080953));
#3622=CARTESIAN_POINT('Ctrl Pts',(-28.9747705903258,-21.4699462175092,-19.6746762167952));
#3623=CARTESIAN_POINT('Ctrl Pts',(-28.9747705903259,-25.7272938290822,-19.1314675055688));
#3624=CARTESIAN_POINT('Ctrl Pts',(-28.9747705903259,-31.792646807573,-18.3892965261281));
#3625=CARTESIAN_POINT('Ctrl Pts',(-28.9747705903259,-35.262561206994,-18.3057930850004));
#3626=CARTESIAN_POINT('Ctrl Pts',(-28.9747705903259,-36.9935410280146,-18.3617232769668));
#3627=CARTESIAN_POINT('Ctrl Pts',(-29.0414356689492,-18.8893656904767,-19.6324073387441));
#3628=CARTESIAN_POINT('Ctrl Pts',(-29.0413809317822,-21.4641852388981,-19.6164508112107));
#3629=CARTESIAN_POINT('Ctrl Pts',(-29.0386272518205,-25.720625806789,-19.0868189827307));
#3630=CARTESIAN_POINT('Ctrl Pts',(-29.0331025249486,-31.7899641801398,-18.3550694048204));
#3631=CARTESIAN_POINT('Ctrl Pts',(-29.0324461221621,-35.2624549596553,-18.272553226708));
#3632=CARTESIAN_POINT('Ctrl Pts',(-29.0328743853755,-36.9946384052002,-18.3277606228491));
#3633=CARTESIAN_POINT('Ctrl Pts',(-29.1081007475726,-18.888751507655,-19.5662036693928));
#3634=CARTESIAN_POINT('Ctrl Pts',(-29.1079912732386,-21.4584242602869,-19.5582254056261));
#3635=CARTESIAN_POINT('Ctrl Pts',(-29.1024839133151,-25.7139577844958,-19.0421704598925));
#3636=CARTESIAN_POINT('Ctrl Pts',(-29.0914344595714,-31.7872815527066,-18.3208422835127));
#3637=CARTESIAN_POINT('Ctrl Pts',(-29.0901216539983,-35.2623487123166,-18.2393133684156));
#3638=CARTESIAN_POINT('Ctrl Pts',(-29.0909781804251,-36.9957357823859,-18.2937979687315));
#3639=CARTESIAN_POINT('Ctrl Pts',(-29.174765826196,-18.8881373248333,-19.5000000000416));
#3640=CARTESIAN_POINT('Ctrl Pts',(-29.174601614695,-21.4526632816758,-19.5000000000416));
#3641=CARTESIAN_POINT('Ctrl Pts',(-29.1663405748097,-25.7072897622026,-18.9975219370543));
#3642=CARTESIAN_POINT('Ctrl Pts',(-29.1497663941941,-31.7845989252734,-18.286615162205));
#3643=CARTESIAN_POINT('Ctrl Pts',(-29.1477971858344,-35.2622424649778,-18.2060735101232));
#3644=CARTESIAN_POINT('Ctrl Pts',(-29.1490819754748,-36.9968331595716,-18.2598353146139));
#3645=CARTESIAN_POINT('',(-28.9747705903258,-18.8899798732984,-19.6986110080953));
#3646=CARTESIAN_POINT('',(-28.9747705903258,-18.8899798732984,-19.6986110080953));
#3647=CARTESIAN_POINT('',(-29.149081975387,-36.9968330411544,-18.2598353109437));
#3648=CARTESIAN_POINT('Ctrl Pts',(-29.174765826196,-18.8881373248333,-19.5000000000416));
#3649=CARTESIAN_POINT('Ctrl Pts',(-29.174601614695,-21.4526632816758,-19.5000000000416));
#3650=CARTESIAN_POINT('Ctrl Pts',(-29.1663405748097,-25.7072897622026,-18.9975219370543));
#3651=CARTESIAN_POINT('Ctrl Pts',(-29.1497663943018,-31.7845988857604,-18.2866151668271));
#3652=CARTESIAN_POINT('Ctrl Pts',(-29.1477971858792,-35.2622423858404,-18.206073511956));
#3653=CARTESIAN_POINT('Ctrl Pts',(-29.149081975387,-36.9968330411544,-18.2598353109437));
#3654=CARTESIAN_POINT('',(-28.9747705903259,-36.9935410280145,-18.3617232769668));
#3655=CARTESIAN_POINT('',(-29.1490819754748,-36.9968331595716,-18.2598353146139));
#3656=CARTESIAN_POINT('Ctrl Pts',(-28.9747705903259,-36.9935410280146,-18.3617232769668));
#3657=CARTESIAN_POINT('Ctrl Pts',(-28.9747705903259,-35.262561206994,-18.3057930850004));
#3658=CARTESIAN_POINT('Ctrl Pts',(-28.9747705903259,-31.792646807573,-18.3892965261281));
#3659=CARTESIAN_POINT('Ctrl Pts',(-28.9747705903259,-25.7272938290822,-19.1314675055688));
#3660=CARTESIAN_POINT('Ctrl Pts',(-28.9747705903258,-21.4699462175092,-19.6746762167952));
#3661=CARTESIAN_POINT('Ctrl Pts',(-28.9747705903258,-18.8899798732984,-19.6986110080953));
#3662=CARTESIAN_POINT('Ctrl Pts',(-29.1490936625149,-37.0030463720415,-18.2600321471488));
#3663=CARTESIAN_POINT('Ctrl Pts',(-29.1490874055723,-37.0009754278584,-18.2599651203755));
#3664=CARTESIAN_POINT('Ctrl Pts',(-29.1490835095767,-36.9989043563798,-18.2598995091647));
#3665=CARTESIAN_POINT('Ctrl Pts',(-29.1490819754748,-36.9968331595716,-18.2598353146139));
#3666=CARTESIAN_POINT('Ctrl Pts',(-29.0909859717852,-37.0020308898591,-18.2940002944907));
#3667=CARTESIAN_POINT('Ctrl Pts',(-29.0909818004901,-36.9999326454899,-18.2939313970864));
#3668=CARTESIAN_POINT('Ctrl Pts',(-29.0909792031598,-36.9978342774399,-18.2938639548194));
#3669=CARTESIAN_POINT('Ctrl Pts',(-29.0909781804252,-36.9957357822462,-18.293797968727));
#3670=CARTESIAN_POINT('Ctrl Pts',(-29.0328782810555,-37.0010154076766,-18.3279684418326));
#3671=CARTESIAN_POINT('Ctrl Pts',(-29.032876195408,-36.9988898631214,-18.3278976737972));
#3672=CARTESIAN_POINT('Ctrl Pts',(-29.0328748967428,-36.9967641985,-18.3278284004741));
#3673=CARTESIAN_POINT('Ctrl Pts',(-29.0328743853755,-36.9946384049208,-18.3277606228401));
#3674=CARTESIAN_POINT('Ctrl Pts',(-28.9747705903259,-36.9999999254942,-18.3619365891745));
#3675=CARTESIAN_POINT('Ctrl Pts',(-28.9747705903259,-36.9978470807529,-18.361863950508));
#3676=CARTESIAN_POINT('Ctrl Pts',(-28.9747705903259,-36.99569411956,-18.3617928461288));
#3677=CARTESIAN_POINT('Ctrl Pts',(-28.9747705903259,-36.9935410275954,-18.3617232769532));
#3678=CARTESIAN_POINT('Ctrl Pts',(-29.1488988619424,-36.9968298813307,-18.2599423532419));
#3679=CARTESIAN_POINT('Ctrl Pts',(-29.1488998166927,-36.9978655253419,-18.2599743432066));
#3680=CARTESIAN_POINT('Ctrl Pts',(-29.1489013620345,-36.9989011575798,-18.2600066875273));
#3681=CARTESIAN_POINT('Ctrl Pts',(-29.1489056339085,-37.0009724094484,-18.2600720850967));
#3682=CARTESIAN_POINT('Ctrl Pts',(-29.148908360662,-37.0020080526421,-18.2601051391899));
#3683=CARTESIAN_POINT('Ctrl Pts',(-29.1489116765922,-37.0030433675061,-18.2601385370738));
#3684=CARTESIAN_POINT('',(-28.9747705903259,-36.9999999254942,-18.3619365891745));
#3685=CARTESIAN_POINT('Origin',(-29.0747705903258,-14.6828840429997,-19.6000000000416));
#3686=CARTESIAN_POINT('',(-28.9747705903258,-9.4999999254942,-19.7000000000416));
#3687=CARTESIAN_POINT('',(-28.9747705903258,-9.4999999254942,-19.7000000000416));
#3688=CARTESIAN_POINT('',(-28.9747705903258,-18.5925159302646,-19.7000000000416));
#3689=CARTESIAN_POINT('',(-29.1747705903258,-18.5925159302646,-19.5000000000416));
#3690=CARTESIAN_POINT('',(-28.9747705903258,-14.6828840429997,-19.7000000000416));
#3691=CARTESIAN_POINT('Origin',(-31.9747705903258,-9.49999992549419,-19.6000000000416));
#3692=CARTESIAN_POINT('',(-31.9747705903258,-6.4999999254942,-19.7000000000416));
#3693=CARTESIAN_POINT('Origin',(-31.9747705903258,-9.49999992549419,-19.7000000000416));
#3694=CARTESIAN_POINT('',(-31.9747705903258,-6.4999999254942,-19.7000000000416));
#3695=CARTESIAN_POINT('Origin',(-60.9597705903257,-6.5999999254942,-19.6000000000416));
#3696=CARTESIAN_POINT('',(-60.9597705903257,-6.4999999254942,-19.7000000000416));
#3697=CARTESIAN_POINT('Ctrl Pts',(-29.174765826196,-18.8881373248333,-19.5000000000416));
#3698=CARTESIAN_POINT('Ctrl Pts',(-29.1747721376993,-18.7895692344006,-19.5000000000416));
#3699=CARTESIAN_POINT('Ctrl Pts',(-29.1747705903258,-18.6910317232661,-19.5000000000416));
#3700=CARTESIAN_POINT('Ctrl Pts',(-29.1747705903258,-18.5925159302646,-19.5000000000416));
#3701=CARTESIAN_POINT('Ctrl Pts',(-29.1081007475726,-18.888751507655,-19.5662036693928));
#3702=CARTESIAN_POINT('Ctrl Pts',(-29.1081049552415,-18.7899855990519,-19.566510315626));
#3703=CARTESIAN_POINT('Ctrl Pts',(-29.1081039236592,-18.6912419881743,-19.5666666667083));
#3704=CARTESIAN_POINT('Ctrl Pts',(-29.1081039236592,-18.5925159302646,-19.5666666667083));
#3705=CARTESIAN_POINT('Ctrl Pts',(-29.0414356689492,-18.8893656904767,-19.6324073387441));
#3706=CARTESIAN_POINT('Ctrl Pts',(-29.0414377727836,-18.7904019637032,-19.6330206312104));
#3707=CARTESIAN_POINT('Ctrl Pts',(-29.0414372569925,-18.6914522530826,-19.6333333333749));
#3708=CARTESIAN_POINT('Ctrl Pts',(-29.0414372569925,-18.5925159302646,-19.6333333333749));
#3709=CARTESIAN_POINT('Ctrl Pts',(-28.9747705903258,-18.8899798732984,-19.6986110080953));
#3710=CARTESIAN_POINT('Ctrl Pts',(-28.9747705903258,-18.7908183283545,-19.6995309467948));
#3711=CARTESIAN_POINT('Ctrl Pts',(-28.9747705903258,-18.6916625179909,-19.7000000000416));
#3712=CARTESIAN_POINT('Ctrl Pts',(-28.9747705903258,-18.5925159302646,-19.7000000000416));
#3713=CARTESIAN_POINT('Origin',(-28.9747705903258,-18.5915230059874,12.3655009129922));
#3714=CARTESIAN_POINT('Ctrl Pts',(-73.7782742556882,-39.37387947432,-18.1100060794757));
#3715=CARTESIAN_POINT('Ctrl Pts',(-73.2783588040702,-36.7303910196902,-18.1837361696322));
#3716=CARTESIAN_POINT('Ctrl Pts',(-72.9733051997873,-30.382892241699,-18.3495239641113));
#3717=CARTESIAN_POINT('Ctrl Pts',(-74.9477232234753,-24.2821848936471,-18.479998183696));
#3718=CARTESIAN_POINT('Ctrl Pts',(-76.8242271981878,-21.265491999685,-18.5336707154901));
#3719=CARTESIAN_POINT('Ctrl Pts',(-72.2614862955329,-39.5883929911022,-19.0149172520619));
#3720=CARTESIAN_POINT('Ctrl Pts',(-71.7695507275079,-36.7984950172428,-19.0416115681186));
#3721=CARTESIAN_POINT('Ctrl Pts',(-71.5349102258801,-30.1115740155565,-19.1018333840058));
#3722=CARTESIAN_POINT('Ctrl Pts',(-73.6964302276877,-23.6983980924075,-19.148601413978));
#3723=CARTESIAN_POINT('Ctrl Pts',(-75.7135067769119,-20.5245439667348,-19.1675433869843));
#3724=CARTESIAN_POINT('Ctrl Pts',(-70.5020826329028,-39.8372187182471,-19.5003541650283));
#3725=CARTESIAN_POINT('Ctrl Pts',(-70.034346782023,-36.8752800847218,-19.5000837040869));
#3726=CARTESIAN_POINT('Ctrl Pts',(-69.9131895642571,-29.8003227406244,-19.500172412));
#3727=CARTESIAN_POINT('Ctrl Pts',(-72.3048224661487,-23.0477597145971,-19.5003825788264));
#3728=CARTESIAN_POINT('Ctrl Pts',(-74.4847116663799,-19.7048296940193,-19.5002426386323));
#3729=CARTESIAN_POINT('Ctrl Pts',(-68.7404207500491,-40.0863638168364,-19.499999806174));
#3730=CARTESIAN_POINT('Ctrl Pts',(-68.2972059552198,-36.9520904078169,-19.5000000915546));
#3731=CARTESIAN_POINT('Ctrl Pts',(-68.2901385455855,-29.4887212772472,-19.4999999703959));
#3732=CARTESIAN_POINT('Ctrl Pts',(-70.9122632304016,-22.3966791656579,-19.4999997216636));
#3733=CARTESIAN_POINT('Ctrl Pts',(-73.2551763677712,-18.8846216319969,-19.4999998672739));
#3734=CARTESIAN_POINT('Ctrl Pts',(-33.6853429070544,-40.0991532141342,-19.5000000000416));
#3735=CARTESIAN_POINT('Ctrl Pts',(-34.2783287968797,-35.9180604278398,-19.5000000000416));
#3736=CARTESIAN_POINT('Ctrl Pts',(-33.9337448097005,-28.3904571311569,-19.5000000000416));
#3737=CARTESIAN_POINT('Ctrl Pts',(-30.9320340448204,-21.523040832495,-19.5000000000416));
#3738=CARTESIAN_POINT('Ctrl Pts',(-29.1747658262,-18.8881373248305,-19.5000000000416));
#3739=CARTESIAN_POINT('Ctrl Pts',(-31.9188563169016,-39.8486202372148,-19.5000000000426));
#3740=CARTESIAN_POINT('Ctrl Pts',(-32.5445540094538,-35.8980858652445,-19.4996609363232));
#3741=CARTESIAN_POINT('Ctrl Pts',(-32.3332390154346,-28.7556912570204,-19.5000526613487));
#3742=CARTESIAN_POINT('Ctrl Pts',(-29.5764585581984,-22.2180879875074,-19.5000956846369));
#3743=CARTESIAN_POINT('Ctrl Pts',(-27.9418119270847,-19.7104181771034,-19.5000000000423));
#3744=CARTESIAN_POINT('Ctrl Pts',(-30.1547534367718,-39.5984253313407,-19.011437915808));
#3745=CARTESIAN_POINT('Ctrl Pts',(-30.8127196438958,-35.8780379589423,-19.0473047710272));
#3746=CARTESIAN_POINT('Ctrl Pts',(-30.7341027426461,-29.1205529913432,-19.1073097803477));
#3747=CARTESIAN_POINT('Ctrl Pts',(-28.2218455800656,-22.9126473097207,-19.1509193828239));
#3748=CARTESIAN_POINT('Ctrl Pts',(-26.7096534212992,-20.5321685661485,-19.1652316695962));
#3749=CARTESIAN_POINT('Ctrl Pts',(-28.6353249581112,-39.3829315132178,-18.1014153016386));
#3750=CARTESIAN_POINT('Ctrl Pts',(-29.3037544994399,-35.8581971580681,-18.2003629650576));
#3751=CARTESIAN_POINT('Ctrl Pts',(-29.3129926762001,-29.4405348878964,-18.3651644358895));
#3752=CARTESIAN_POINT('Ctrl Pts',(-27.003125118386,-23.5368119681365,-18.4873170972762));
#3753=CARTESIAN_POINT('Ctrl Pts',(-25.5965637224427,-21.2745096600764,-18.5278290182653));
#3754=CARTESIAN_POINT('Origin',(-51.2147705903258,-22.9999999254942,-21.5000000000416));
#3755=CARTESIAN_POINT('',(-31.9747705903258,-6.4999999254942,-21.5000000000416));
#3756=CARTESIAN_POINT('',(-60.9597705903258,-6.4999999254942,-21.5000000000416));
#3757=CARTESIAN_POINT('',(-28.9747705903258,-9.4999999254942,-21.5000000000416));
#3758=CARTESIAN_POINT('Origin',(-31.9747705903258,-9.49999992549419,-21.5000000000416));
#3759=CARTESIAN_POINT('',(-28.9747705903259,-36.9999999254942,-21.5000000000416));
#3760=CARTESIAN_POINT('',(-28.9747705903258,-15.9999999254942,-21.5000000000416));
#3761=CARTESIAN_POINT('',(-31.9747705903271,-39.9999999254942,-21.5000000000416));
#3762=CARTESIAN_POINT('Origin',(-31.9747705903259,-36.9999999254942,-21.5000000000416));
#3763=CARTESIAN_POINT('',(-31.974770590327,-41.2999999254942,-21.5000000000416));
#3764=CARTESIAN_POINT('',(-31.974770590327,-31.4999999254942,-21.5000000000416));
#3765=CARTESIAN_POINT('',(-70.4547705903247,-41.2999999254942,-21.5000000000416));
#3766=CARTESIAN_POINT('',(-51.2147705903258,-41.2999999254942,-21.5000000000416));
#3767=CARTESIAN_POINT('',(-70.4547705903247,-39.9999999254942,-21.5000000000416));
#3768=CARTESIAN_POINT('',(-70.4547705903247,-31.4999999254942,-21.5000000000416));
#3769=CARTESIAN_POINT('',(-73.4547705903258,-36.9999999254942,-21.5000000000416));
#3770=CARTESIAN_POINT('Origin',(-70.4547705903258,-36.9999999254942,-21.5000000000416));
#3771=CARTESIAN_POINT('',(-73.4547705903258,-9.4999999254942,-21.5000000000416));
#3772=CARTESIAN_POINT('',(-73.4547705903258,-29.9999999254942,-21.5000000000416));
#3773=CARTESIAN_POINT('',(-70.4547705903258,-6.4999999254942,-21.5000000000416));
#3774=CARTESIAN_POINT('Origin',(-70.4547705903258,-9.4999999254942,-21.5000000000416));
#3775=CARTESIAN_POINT('',(-60.9597705903258,-6.4999999254942,-21.5000000000416));
#3776=CARTESIAN_POINT('Origin',(-70.7047705903258,-6.4999999254942,-22.5000000000416));
#3777=CARTESIAN_POINT('',(-31.9747705903258,-6.4999999254942,-22.5000000000416));
#3778=CARTESIAN_POINT('Origin',(-70.7047705903258,-6.4999999254942,-22.5000000000416));
#3779=CARTESIAN_POINT('',(-70.4547705903258,-6.4999999254942,-22.5000000000416));
#3780=CARTESIAN_POINT('Origin',(-70.4547705903258,-9.4999999254942,-22.5000000000416));
#3781=CARTESIAN_POINT('',(-73.4547705903258,-9.4999999254942,-22.5000000000416));
#3782=CARTESIAN_POINT('Origin',(-31.9747705903258,-9.49999992549419,-22.5000000000416));
#3783=CARTESIAN_POINT('',(-28.9747705903258,-9.4999999254942,-22.5000000000416));
#3784=CARTESIAN_POINT('Origin',(-70.4547705903258,-36.9999999254942,-22.5000000000416));
#3785=CARTESIAN_POINT('',(-73.4547705903258,-36.9999999254942,-22.5000000000416));
#3786=CARTESIAN_POINT('',(-70.4547705903229,-39.9999999254942,-19.9000000000416));
#3787=CARTESIAN_POINT('',(-70.4547705903246,-39.9999999254942,-21.4500000000198));
#3788=CARTESIAN_POINT('',(-70.4547705903258,-39.9999999254942,-22.5000000000416));
#3789=CARTESIAN_POINT('Origin',(-31.7247705903259,-39.9999999254942,-22.5000000000416));
#3790=CARTESIAN_POINT('',(-31.9747705903289,-39.9999999254942,-19.9000000000416));
#3791=CARTESIAN_POINT('',(-31.7247705903259,-39.9999999254942,-19.9000000000416));
#3792=CARTESIAN_POINT('',(-31.9747705903259,-39.9999999254942,-22.5000000000416));
#3793=CARTESIAN_POINT('Origin',(-31.9747705903259,-36.9999999254942,-22.5000000000416));
#3794=CARTESIAN_POINT('',(-31.9747705903259,-39.9999999254942,-22.5000000000419));
#3795=CARTESIAN_POINT('',(-28.9747705903259,-36.9999999254942,-22.5000000000416));
#3796=CARTESIAN_POINT('Origin',(-28.9747705903258,-8.9999999254942,-22.5000000000416));
#3797=CARTESIAN_POINT('Origin',(-73.4547705903258,-36.9999999254942,-22.5000000000416));
#3798=CARTESIAN_POINT('Origin',(-41.4697705903258,-40.7999999254942,-20.4000000000416));
#3799=CARTESIAN_POINT('',(-70.4547705903229,-40.2999999254942,-19.9000000000416));
#3800=CARTESIAN_POINT('',(-70.454770590324,-41.2999999254942,-20.9000000000416));
#3801=CARTESIAN_POINT('',(-70.4547705903232,-40.5999999254861,-20.2000000000334));
#3802=CARTESIAN_POINT('',(-31.9747705903278,-41.2999999254942,-20.9000000000416));
#3803=CARTESIAN_POINT('',(-41.4697705903258,-41.2999999254942,-20.9000000000416));
#3804=CARTESIAN_POINT('',(-31.9747705903289,-40.2999999254942,-19.9000000000416));
#3805=CARTESIAN_POINT('',(-31.974770590328,-41.1249999254915,-20.7250000000389));
#3806=CARTESIAN_POINT('',(-41.4697705903258,-40.2999999254942,-19.9000000000416));
#3807=CARTESIAN_POINT('Origin',(-31.7247705903259,-39.9999999254942,-19.9000000000416));
#3808=CARTESIAN_POINT('',(-31.9747705903289,-39.9999999254942,-19.9000000000416));
#3809=CARTESIAN_POINT('',(-70.4547705903228,-39.9999999254942,-19.9000000000416));
#3810=CARTESIAN_POINT('Origin',(-31.9747705903259,-39.9999999254942,-22.5000000000419));
#3811=CARTESIAN_POINT('',(-31.9747705903265,-41.2999999254942,-21.9750000000304));
#3812=CARTESIAN_POINT('Origin',(-51.2147705903258,-41.2999999254942,-21.4500000000416));
#3813=CARTESIAN_POINT('',(-70.454770590324,-41.2999999254942,-20.9250000000308));
#3814=CARTESIAN_POINT('Origin',(-70.4547705903234,-39.9999999254942,-20.4000000000419));
#3815=UNCERTAINTY_MEASURE_WITH_UNIT(LENGTH_MEASURE(0.01),#3819,
'DISTANCE_ACCURACY_VALUE',
'Maximum model space distance between geometric entities at asserted c
onnectivities');
#3816=UNCERTAINTY_MEASURE_WITH_UNIT(LENGTH_MEASURE(0.01),#3819,
'DISTANCE_ACCURACY_VALUE',
'Maximum model space distance between geometric entities at asserted c
onnectivities');
#3817=(
GEOMETRIC_REPRESENTATION_CONTEXT(3)
GLOBAL_UNCERTAINTY_ASSIGNED_CONTEXT((#3815))
GLOBAL_UNIT_ASSIGNED_CONTEXT((#3819,#3821,#3822))
REPRESENTATION_CONTEXT('','3D')
);
#3818=(
GEOMETRIC_REPRESENTATION_CONTEXT(3)
GLOBAL_UNCERTAINTY_ASSIGNED_CONTEXT((#3816))
GLOBAL_UNIT_ASSIGNED_CONTEXT((#3819,#3821,#3822))
REPRESENTATION_CONTEXT('','3D')
);
#3819=(
LENGTH_UNIT()
NAMED_UNIT(*)
SI_UNIT(.MILLI.,.METRE.)
);
#3820=(
LENGTH_UNIT()
NAMED_UNIT(*)
SI_UNIT($,.METRE.)
);
#3821=(
NAMED_UNIT(*)
PLANE_ANGLE_UNIT()
SI_UNIT($,.RADIAN.)
);
#3822=(
NAMED_UNIT(*)
SI_UNIT($,.STERADIAN.)
SOLID_ANGLE_UNIT()
);
#3823=SHAPE_DEFINITION_REPRESENTATION(#3824,#3825);
#3824=PRODUCT_DEFINITION_SHAPE('',$,#3827);
#3825=SHAPE_REPRESENTATION('',(#1749),#3817);
#3826=PRODUCT_DEFINITION_CONTEXT('part definition',#3831,'design');
#3827=PRODUCT_DEFINITION('2026-08-29-18-15-35-149',
'Remote - Battery Cover',#3828,#3826);
#3828=PRODUCT_DEFINITION_FORMATION('',$,#3833);
#3829=PRODUCT_RELATED_PRODUCT_CATEGORY('Remote - Battery Cover',
'Remote - Battery Cover',(#3833));
#3830=APPLICATION_PROTOCOL_DEFINITION('international standard',
'automotive_design',2009,#3831);
#3831=APPLICATION_CONTEXT(
'Core Data for Automotive Mechanical Design Process');
#3832=PRODUCT_CONTEXT('part definition',#3831,'mechanical');
#3833=PRODUCT('2026-08-29-18-15-35-149','Remote - Battery Cover',$,(#3832));
#3834=PRESENTATION_STYLE_ASSIGNMENT((#3836));
#3835=PRESENTATION_STYLE_ASSIGNMENT((#3837));
#3836=SURFACE_STYLE_USAGE(.BOTH.,#3838);
#3837=SURFACE_STYLE_USAGE(.BOTH.,#3839);
#3838=SURFACE_SIDE_STYLE('',(#3840));
#3839=SURFACE_SIDE_STYLE('',(#3841));
#3840=SURFACE_STYLE_FILL_AREA(#3842);
#3841=SURFACE_STYLE_FILL_AREA(#3843);
#3842=FILL_AREA_STYLE('Plate',(#3844));
#3843=FILL_AREA_STYLE('OSSM - Lilac',(#3845));
#3844=FILL_AREA_STYLE_COLOUR('Plate',#3846);
#3845=FILL_AREA_STYLE_COLOUR('OSSM - Lilac',#3847);
#3846=COLOUR_RGB('Plate',0.6,0.6,0.6);
#3847=COLOUR_RGB('OSSM - Lilac',0.411764705882353,0.380392156862745,0.815686274509804);
ENDSEC;
END-ISO-10303-21;
