ISO-10303-21;
HEADER;
/* Generated by software containing ST-Developer
 * from STEP Tools, Inc. (www.steptools.com) 
 */

FILE_DESCRIPTION(
/* description */ (''),
/* implementation_level */ '2;1');

FILE_NAME(
/* name */ 'RADR Clip - Strap Attachment.step',
/* time_stamp */ '2026-08-29T13:31:15-04:00',
/* author */ (''),
/* organization */ (''),
/* preprocessor_version */ 'ST-DEVELOPER v20.1',
/* originating_system */ 'Autodesk Translation Framework v15.8.0.0',
/* authorisation */ '');

FILE_SCHEMA (('AUTOMOTIVE_DESIGN { 1 0 10303 214 3 1 1 }'));
ENDSEC;

DATA;
#10=MECHANICAL_DESIGN_GEOMETRIC_PRESENTATION_REPRESENTATION('',(#17),#10236);
#11=ITEM_DEFINED_TRANSFORMATION($,$,#3614,#3876);
#12=(
REPRESENTATION_RELATIONSHIP($,$,#10247,#10246)
REPRESENTATION_RELATIONSHIP_WITH_TRANSFORMATION(#11)
SHAPE_REPRESENTATION_RELATIONSHIP()
);
#13=CONTEXT_DEPENDENT_SHAPE_REPRESENTATION(#12,#10245);
#14=NEXT_ASSEMBLY_USAGE_OCCURRENCE('Extrusion Bottom Release:1',
'Extrusion Bottom Release:1','Extrusion Bottom Release:1',#10249,#10250,
'Extrusion Bottom Release:1');
#15=SHAPE_REPRESENTATION_RELATIONSHIP('SRR','None',#10247,#16);
#16=ADVANCED_BREP_SHAPE_REPRESENTATION('',(#18),#10235);
#17=STYLED_ITEM('',(#10261),#18);
#18=MANIFOLD_SOLID_BREP('Body1',#3600);
#19=CONICAL_SURFACE('',#3843,30.2699849092181,0.785398666248525);
#20=CONICAL_SURFACE('',#3871,30.0299849959248,0.785398666319036);
#21=ELLIPSE('',#3660,13.257925856407,11.6443873527606);
#22=ELLIPSE('',#3661,13.2579258564239,11.6443873527908);
#23=ELLIPSE('',#3832,0.109707715410019,0.0357308285085048);
#24=ELLIPSE('',#3842,13.5230843735619,11.8772750998636);
#25=ELLIPSE('',#3845,0.166939688775315,0.0536165946748208);
#26=ELLIPSE('',#3847,0.166939693074365,0.0536165973782669);
#27=ELLIPSE('',#3853,4.35185579815384,3.76072698971846);
#28=ELLIPSE('',#3856,0.166943988168369,0.0536193586953763);
#29=ELLIPSE('',#3862,0.166943987502247,0.0536193582752849);
#30=ELLIPSE('',#3867,0.109707715429006,0.035730828521168);
#31=ELLIPSE('',#3870,13.5230843735626,11.8772750998649);
#32=B_SPLINE_SURFACE_WITH_KNOTS('',3,3,((#4678,#4679,#4680,#4681,#4682),
(#4683,#4684,#4685,#4686,#4687),(#4688,#4689,#4690,#4691,#4692),(#4693,
#4694,#4695,#4696,#4697),(#4698,#4699,#4700,#4701,#4702)),.UNSPECIFIED.,
 .F.,.F.,.F.,(4,1,4),(4,1,4),(0.,0.5,1.),(0.,0.054206669580139,0.108413339160278),
 .UNSPECIFIED.);
#33=B_SPLINE_SURFACE_WITH_KNOTS('',3,3,((#4719,#4720,#4721,#4722),(#4723,
#4724,#4725,#4726),(#4727,#4728,#4729,#4730),(#4731,#4732,#4733,#4734),
(#4735,#4736,#4737,#4738)),.UNSPECIFIED.,.F.,.F.,.F.,(4,1,4),(4,4),(0.,
0.5,1.),(4.47175545865184E-16,0.0999999999999961),.UNSPECIFIED.);
#34=B_SPLINE_SURFACE_WITH_KNOTS('',3,3,((#4749,#4750,#4751,#4752,#4753),
(#4754,#4755,#4756,#4757,#4758),(#4759,#4760,#4761,#4762,#4763),(#4764,
#4765,#4766,#4767,#4768),(#4769,#4770,#4771,#4772,#4773)),.UNSPECIFIED.,
 .F.,.F.,.F.,(4,1,4),(4,1,4),(0.,0.5,1.),(3.47239391838158E-16,0.0542066695801377,
0.108413339160275),.UNSPECIFIED.);
#35=B_SPLINE_SURFACE_WITH_KNOTS('',3,3,((#4781,#4782,#4783,#4784),(#4785,
#4786,#4787,#4788),(#4789,#4790,#4791,#4792),(#4793,#4794,#4795,#4796),
(#4797,#4798,#4799,#4800)),.UNSPECIFIED.,.F.,.F.,.F.,(4,1,4),(4,4),(0.,
0.5,1.),(0.,0.0344436653045751),.UNSPECIFIED.);
#36=B_SPLINE_SURFACE_WITH_KNOTS('',3,3,((#4807,#4808,#4809,#4810),(#4811,
#4812,#4813,#4814),(#4815,#4816,#4817,#4818),(#4819,#4820,#4821,#4822),
(#4823,#4824,#4825,#4826)),.UNSPECIFIED.,.F.,.F.,.F.,(4,1,4),(4,4),(0.,
0.5,1.),(0.,0.502286911124364),.UNSPECIFIED.);
#37=B_SPLINE_SURFACE_WITH_KNOTS('',3,3,((#4833,#4834,#4835,#4836,#4837),
(#4838,#4839,#4840,#4841,#4842),(#4843,#4844,#4845,#4846,#4847),(#4848,
#4849,#4850,#4851,#4852),(#4853,#4854,#4855,#4856,#4857)),.UNSPECIFIED.,
 .F.,.F.,.F.,(4,1,4),(4,1,4),(0.,0.5,1.),(8.65346221615378E-14,0.0813735827083264,
0.142403769739506),.UNSPECIFIED.);
#38=B_SPLINE_SURFACE_WITH_KNOTS('',3,3,((#4865,#4866,#4867,#4868),(#4869,
#4870,#4871,#4872),(#4873,#4874,#4875,#4876),(#4877,#4878,#4879,#4880),
(#4881,#4882,#4883,#4884)),.UNSPECIFIED.,.F.,.F.,.F.,(4,1,4),(4,4),(0.,
0.5,1.),(0.,0.1),.UNSPECIFIED.);
#39=B_SPLINE_SURFACE_WITH_KNOTS('',3,3,((#4891,#4892,#4893,#4894,#4895),
(#4896,#4897,#4898,#4899,#4900),(#4901,#4902,#4903,#4904,#4905),(#4906,
#4907,#4908,#4909,#4910),(#4911,#4912,#4913,#4914,#4915)),.UNSPECIFIED.,
 .F.,.F.,.F.,(4,1,4),(4,1,4),(0.,0.5,1.),(1.21963714600918E-17,0.0610306703661268,
0.142404897520962),.UNSPECIFIED.);
#40=B_SPLINE_SURFACE_WITH_KNOTS('',3,3,((#4929,#4930,#4931,#4932),(#4933,
#4934,#4935,#4936),(#4937,#4938,#4939,#4940),(#4941,#4942,#4943,#4944),
(#4945,#4946,#4947,#4948)),.UNSPECIFIED.,.F.,.F.,.F.,(4,1,4),(4,4),(0.,
0.5,1.),(0.,0.502286911124288),.UNSPECIFIED.);
#41=B_SPLINE_SURFACE_WITH_KNOTS('',3,3,((#4960,#4961,#4962,#4963),(#4964,
#4965,#4966,#4967),(#4968,#4969,#4970,#4971),(#4972,#4973,#4974,#4975),
(#4976,#4977,#4978,#4979)),.UNSPECIFIED.,.F.,.F.,.F.,(4,1,4),(4,4),(0.,
0.5,1.),(1.87881810076315E-14,0.0344436653046014),.UNSPECIFIED.);
#42=B_SPLINE_SURFACE_WITH_KNOTS('',3,1,((#4990,#4991),(#4992,#4993),(#4994,
#4995),(#4996,#4997)),.UNSPECIFIED.,.F.,.F.,.F.,(4,4),(2,2),(0.176383998998246,
1.),(0.,3.048),.UNSPECIFIED.);
#43=B_SPLINE_SURFACE_WITH_KNOTS('',3,3,((#5117,#5118,#5119,#5120,#5121),
(#5122,#5123,#5124,#5125,#5126),(#5127,#5128,#5129,#5130,#5131),(#5132,
#5133,#5134,#5135,#5136),(#5137,#5138,#5139,#5140,#5141)),.UNSPECIFIED.,
 .F.,.F.,.F.,(4,1,4),(4,1,4),(0.,0.5,1.),(0.,0.0542066695801392,0.108413339160278),
 .UNSPECIFIED.);
#44=B_SPLINE_SURFACE_WITH_KNOTS('',3,3,((#5157,#5158,#5159,#5160),(#5161,
#5162,#5163,#5164),(#5165,#5166,#5167,#5168),(#5169,#5170,#5171,#5172),
(#5173,#5174,#5175,#5176)),.UNSPECIFIED.,.F.,.F.,.F.,(4,1,4),(4,4),(0.,
0.5,1.),(3.36153243402668E-16,0.0999999999999958),.UNSPECIFIED.);
#45=B_SPLINE_SURFACE_WITH_KNOTS('',3,3,((#5187,#5188,#5189,#5190,#5191),
(#5192,#5193,#5194,#5195,#5196),(#5197,#5198,#5199,#5200,#5201),(#5202,
#5203,#5204,#5205,#5206),(#5207,#5208,#5209,#5210,#5211)),.UNSPECIFIED.,
 .F.,.F.,.F.,(4,1,4),(4,1,4),(0.,0.5,1.),(2.8064209217143E-16,0.0542066695801396,
0.108413339160279),.UNSPECIFIED.);
#46=B_SPLINE_SURFACE_WITH_KNOTS('',3,3,((#5218,#5219,#5220,#5221),(#5222,
#5223,#5224,#5225),(#5226,#5227,#5228,#5229),(#5230,#5231,#5232,#5233),
(#5234,#5235,#5236,#5237)),.UNSPECIFIED.,.F.,.F.,.F.,(4,1,4),(4,4),(0.,
0.5,1.),(0.,0.0344436653045818),.UNSPECIFIED.);
#47=B_SPLINE_SURFACE_WITH_KNOTS('',3,3,((#5239,#5240,#5241,#5242),(#5243,
#5244,#5245,#5246),(#5247,#5248,#5249,#5250),(#5251,#5252,#5253,#5254),
(#5255,#5256,#5257,#5258)),.UNSPECIFIED.,.F.,.F.,.F.,(4,1,4),(4,4),(0.,
0.5,1.),(0.,0.502286911124355),.UNSPECIFIED.);
#48=B_SPLINE_SURFACE_WITH_KNOTS('',3,3,((#5260,#5261,#5262,#5263,#5264,
#5265),(#5266,#5267,#5268,#5269,#5270,#5271),(#5272,#5273,#5274,#5275,#5276,
#5277),(#5278,#5279,#5280,#5281,#5282,#5283),(#5284,#5285,#5286,#5287,#5288,
#5289)),.UNSPECIFIED.,.F.,.F.,.F.,(4,1,4),(4,1,1,4),(0.,0.5,1.),(8.89071271790856E-14,
0.0610301870312693,0.10171697838539,0.14240376973951),.UNSPECIFIED.);
#49=B_SPLINE_SURFACE_WITH_KNOTS('',3,3,((#5291,#5292,#5293,#5294),(#5295,
#5296,#5297,#5298),(#5299,#5300,#5301,#5302),(#5303,#5304,#5305,#5306),
(#5307,#5308,#5309,#5310)),.UNSPECIFIED.,.F.,.F.,.F.,(4,1,4),(4,4),(0.,
0.5,1.),(0.,0.0999999999999996),.UNSPECIFIED.);
#50=B_SPLINE_SURFACE_WITH_KNOTS('',3,3,((#5312,#5313,#5314,#5315,#5316),
(#5317,#5318,#5319,#5320,#5321),(#5322,#5323,#5324,#5325,#5326),(#5327,
#5328,#5329,#5330,#5331),(#5332,#5333,#5334,#5335,#5336)),.UNSPECIFIED.,
 .F.,.F.,.F.,(4,1,4),(4,1,4),(0.,0.5,1.),(1.29191380669498E-30,0.0610306703661269,
0.142404897520963),.UNSPECIFIED.);
#51=B_SPLINE_SURFACE_WITH_KNOTS('',3,3,((#5344,#5345,#5346,#5347),(#5348,
#5349,#5350,#5351),(#5352,#5353,#5354,#5355),(#5356,#5357,#5358,#5359),
(#5360,#5361,#5362,#5363)),.UNSPECIFIED.,.F.,.F.,.F.,(4,1,4),(4,4),(0.,
0.5,1.),(0.,0.502286911124295),.UNSPECIFIED.);
#52=B_SPLINE_SURFACE_WITH_KNOTS('',3,3,((#5370,#5371,#5372,#5373),(#5374,
#5375,#5376,#5377),(#5378,#5379,#5380,#5381),(#5382,#5383,#5384,#5385),
(#5386,#5387,#5388,#5389)),.UNSPECIFIED.,.F.,.F.,.F.,(4,1,4),(4,4),(0.,
0.5,1.),(1.99201909593769E-14,0.0344436653045948),.UNSPECIFIED.);
#53=B_SPLINE_SURFACE_WITH_KNOTS('',3,3,((#5396,#5397,#5398,#5399),(#5400,
#5401,#5402,#5403),(#5404,#5405,#5406,#5407),(#5408,#5409,#5410,#5411),
(#5412,#5413,#5414,#5415)),.UNSPECIFIED.,.F.,.F.,.F.,(4,1,4),(4,4),(0.,
0.5,1.),(0.,0.1),.UNSPECIFIED.);
#54=B_SPLINE_SURFACE_WITH_KNOTS('',3,3,((#5430,#5431,#5432,#5433,#5434),
(#5435,#5436,#5437,#5438,#5439),(#5440,#5441,#5442,#5443,#5444),(#5445,
#5446,#5447,#5448,#5449),(#5450,#5451,#5452,#5453,#5454)),.UNSPECIFIED.,
 .F.,.F.,.F.,(4,1,4),(4,1,4),(0.,0.5,1.),(8.64992638850463E-17,0.080780971966415,
0.141366700941226),.UNSPECIFIED.);
#55=B_SPLINE_SURFACE_WITH_KNOTS('',3,3,((#5468,#5469,#5470,#5471),(#5472,
#5473,#5474,#5475),(#5476,#5477,#5478,#5479),(#5480,#5481,#5482,#5483),
(#5484,#5485,#5486,#5487)),.UNSPECIFIED.,.F.,.F.,.F.,(4,1,4),(4,4),(0.,
0.5,1.),(2.13186088044615E-14,0.500000000000024),.UNSPECIFIED.);
#56=B_SPLINE_SURFACE_WITH_KNOTS('',3,3,((#5499,#5500,#5501,#5502,#5503),
(#5504,#5505,#5506,#5507,#5508),(#5509,#5510,#5511,#5512,#5513),(#5514,
#5515,#5516,#5517,#5518),(#5519,#5520,#5521,#5522,#5523)),.UNSPECIFIED.,
 .F.,.F.,.F.,(4,1,4),(4,1,4),(0.,0.5,1.),(1.7319479184154E-14,0.0605862529020998,
0.14136792343821),.UNSPECIFIED.);
#57=B_SPLINE_SURFACE_WITH_KNOTS('',3,3,((#5537,#5538,#5539,#5540),(#5541,
#5542,#5543,#5544),(#5545,#5546,#5547,#5548),(#5549,#5550,#5551,#5552),
(#5553,#5554,#5555,#5556)),.UNSPECIFIED.,.F.,.F.,.F.,(4,1,4),(4,4),(0.,
0.5,1.),(4.44089209850061E-16,0.0999999999999959),.UNSPECIFIED.);
#58=B_SPLINE_SURFACE_WITH_KNOTS('',3,3,((#5568,#5569,#5570,#5571,#5572),
(#5573,#5574,#5575,#5576,#5577),(#5578,#5579,#5580,#5581,#5582),(#5583,
#5584,#5585,#5586,#5587),(#5588,#5589,#5590,#5591,#5592)),.UNSPECIFIED.,
 .F.,.F.,.F.,(4,1,4),(4,1,4),(0.,0.5,1.),(0.,0.0605857289748155,0.141366700941236),
 .UNSPECIFIED.);
#59=B_SPLINE_SURFACE_WITH_KNOTS('',3,3,((#5606,#5607,#5608,#5609),(#5610,
#5611,#5612,#5613),(#5614,#5615,#5616,#5617),(#5618,#5619,#5620,#5621),
(#5622,#5623,#5624,#5625)),.UNSPECIFIED.,.F.,.F.,.F.,(4,1,4),(4,4),(0.,
0.5,1.),(0.,0.499999999999974),.UNSPECIFIED.);
#60=B_SPLINE_SURFACE_WITH_KNOTS('',3,3,((#5637,#5638,#5639,#5640,#5641),
(#5642,#5643,#5644,#5645,#5646),(#5647,#5648,#5649,#5650,#5651),(#5652,
#5653,#5654,#5655,#5656),(#5657,#5658,#5659,#5660,#5661)),.UNSPECIFIED.,
 .F.,.F.,.F.,(4,1,4),(4,1,4),(0.,0.5,1.),(0.,0.0807816705360967,0.141367923438169),
 .UNSPECIFIED.);
#61=B_SPLINE_SURFACE_WITH_KNOTS('',5,1,((#5690,#5691),(#5692,#5693),(#5694,
#5695),(#5696,#5697),(#5698,#5699),(#5700,#5701),(#5702,#5703),(#5704,#5705),
(#5706,#5707),(#5708,#5709),(#5710,#5711),(#5712,#5713),(#5714,#5715),(#5716,
#5717),(#5718,#5719),(#5720,#5721),(#5722,#5723),(#5724,#5725),(#5726,#5727),
(#5728,#5729)),.UNSPECIFIED.,.F.,.F.,.F.,(6,5,1,1,1,1,1,1,1,1,1,6),(2,2),
(-3.82644236043802,-1.,-0.9,-0.8,-0.7,-0.6,-0.5,-0.4,-0.3,-0.2,-0.1,0.),
(-2.002,4.602),.UNSPECIFIED.);
#62=B_SPLINE_SURFACE_WITH_KNOTS('',3,3,((#5908,#5909,#5910,#5911),(#5912,
#5913,#5914,#5915),(#5916,#5917,#5918,#5919),(#5920,#5921,#5922,#5923),
(#5924,#5925,#5926,#5927)),.UNSPECIFIED.,.F.,.F.,.F.,(4,1,4),(4,4),(0.,
0.5,1.),(0.,0.1),.UNSPECIFIED.);
#63=B_SPLINE_SURFACE_WITH_KNOTS('',3,3,((#5936,#5937,#5938,#5939,#5940),
(#5941,#5942,#5943,#5944,#5945),(#5946,#5947,#5948,#5949,#5950),(#5951,
#5952,#5953,#5954,#5955),(#5956,#5957,#5958,#5959,#5960)),.UNSPECIFIED.,
 .F.,.F.,.F.,(4,1,4),(4,1,4),(0.,0.5,1.),(2.89984071727806E-16,0.0605857289748122,
0.141366700941228),.UNSPECIFIED.);
#64=B_SPLINE_SURFACE_WITH_KNOTS('',3,3,((#5968,#5969,#5970,#5971),(#5972,
#5973,#5974,#5975),(#5976,#5977,#5978,#5979),(#5980,#5981,#5982,#5983),
(#5984,#5985,#5986,#5987)),.UNSPECIFIED.,.F.,.F.,.F.,(4,1,4),(4,4),(0.,
0.5,1.),(2.19835261106027E-14,0.500000000000016),.UNSPECIFIED.);
#65=B_SPLINE_SURFACE_WITH_KNOTS('',3,3,((#5994,#5995,#5996,#5997,#5998),
(#5999,#6000,#6001,#6002,#6003),(#6004,#6005,#6006,#6007,#6008),(#6009,
#6010,#6011,#6012,#6013),(#6014,#6015,#6016,#6017,#6018)),.UNSPECIFIED.,
 .F.,.F.,.F.,(4,1,4),(4,1,4),(0.,0.5,1.),(2.13162820728034E-14,0.0605862529021079,
0.141367923438223),.UNSPECIFIED.);
#66=B_SPLINE_SURFACE_WITH_KNOTS('',3,3,((#6026,#6027,#6028,#6029),(#6030,
#6031,#6032,#6033),(#6034,#6035,#6036,#6037),(#6038,#6039,#6040,#6041),
(#6042,#6043,#6044,#6045)),.UNSPECIFIED.,.F.,.F.,.F.,(4,1,4),(4,4),(0.,
0.5,1.),(1.11022302462515E-16,0.0999999999999961),.UNSPECIFIED.);
#67=B_SPLINE_SURFACE_WITH_KNOTS('',3,3,((#6052,#6053,#6054,#6055,#6056),
(#6057,#6058,#6059,#6060,#6061),(#6062,#6063,#6064,#6065,#6066),(#6067,
#6068,#6069,#6070,#6071),(#6072,#6073,#6074,#6075,#6076)),.UNSPECIFIED.,
 .F.,.F.,.F.,(4,1,4),(4,1,4),(0.,0.5,1.),(0.,0.0605857289748115,0.141366700941227),
 .UNSPECIFIED.);
#68=B_SPLINE_SURFACE_WITH_KNOTS('',3,3,((#6084,#6085,#6086,#6087),(#6088,
#6089,#6090,#6091),(#6092,#6093,#6094,#6095),(#6096,#6097,#6098,#6099),
(#6100,#6101,#6102,#6103)),.UNSPECIFIED.,.F.,.F.,.F.,(4,1,4),(4,4),(0.,
0.5,1.),(0.,0.49999999999998),.UNSPECIFIED.);
#69=B_SPLINE_SURFACE_WITH_KNOTS('',3,3,((#6110,#6111,#6112,#6113,#6114),
(#6115,#6116,#6117,#6118,#6119),(#6120,#6121,#6122,#6123,#6124),(#6125,
#6126,#6127,#6128,#6129),(#6130,#6131,#6132,#6133,#6134)),.UNSPECIFIED.,
 .F.,.F.,.F.,(4,1,4),(4,1,4),(0.,0.5,1.),(0.,0.0807816705360963,0.141367923438169),
 .UNSPECIFIED.);
#70=B_SPLINE_SURFACE_WITH_KNOTS('',3,3,((#6183,#6184,#6185,#6186),(#6187,
#6188,#6189,#6190),(#6191,#6192,#6193,#6194),(#6195,#6196,#6197,#6198),
(#6199,#6200,#6201,#6202)),.UNSPECIFIED.,.F.,.F.,.F.,(4,1,4),(4,4),(0.,
0.571428571428571,1.),(0.,0.0999999999999959),.UNSPECIFIED.);
#71=B_SPLINE_SURFACE_WITH_KNOTS('',3,3,((#6217,#6218,#6219,#6220,#6221),
(#6222,#6223,#6224,#6225,#6226),(#6227,#6228,#6229,#6230,#6231),(#6232,
#6233,#6234,#6235,#6236),(#6237,#6238,#6239,#6240,#6241)),.UNSPECIFIED.,
 .F.,.F.,.F.,(4,1,4),(4,1,4),(0.,0.5,1.),(0.,0.0618673674214964,0.144357190650158),
 .UNSPECIFIED.);
#72=B_SPLINE_SURFACE_WITH_KNOTS('',3,3,((#6255,#6256,#6257,#6258,#6259,
#6260),(#6261,#6262,#6263,#6264,#6265,#6266),(#6267,#6268,#6269,#6270,#6271,
#6272),(#6273,#6274,#6275,#6276,#6277,#6278),(#6279,#6280,#6281,#6282,#6283,
#6284)),.UNSPECIFIED.,.F.,.F.,.F.,(4,1,4),(4,1,1,4),(0.,0.5,1.),(0.,0.111647380330604,
0.223294760661209,0.521021108209487),.UNSPECIFIED.);
#73=B_SPLINE_SURFACE_WITH_KNOTS('',3,3,((#6300,#6301,#6302,#6303,#6304,
#6305),(#6306,#6307,#6308,#6309,#6310,#6311),(#6312,#6313,#6314,#6315,#6316,
#6317),(#6318,#6319,#6320,#6321,#6322,#6323),(#6324,#6325,#6326,#6327,#6328,
#6329)),.UNSPECIFIED.,.F.,.F.,.F.,(4,1,4),(4,1,1,4),(0.,0.5,1.),(0.,0.0909829559475627,
0.125101564427899,0.159220172908235),.UNSPECIFIED.);
#74=B_SPLINE_SURFACE_WITH_KNOTS('',3,3,((#6345,#6346,#6347,#6348),(#6349,
#6350,#6351,#6352),(#6353,#6354,#6355,#6356),(#6357,#6358,#6359,#6360)),
 .UNSPECIFIED.,.F.,.F.,.F.,(4,4),(4,4),(0.,1.),(8.45582391859037E-17,0.1),
 .UNSPECIFIED.);
#75=B_SPLINE_SURFACE_WITH_KNOTS('',3,3,((#6372,#6373,#6374,#6375,#6376,
#6377),(#6378,#6379,#6380,#6381,#6382,#6383),(#6384,#6385,#6386,#6387,#6388,
#6389),(#6390,#6391,#6392,#6393,#6394,#6395),(#6396,#6397,#6398,#6399,#6400,
#6401)),.UNSPECIFIED.,.F.,.F.,.F.,(4,1,4),(4,1,1,4),(0.,0.5,1.),(0.,0.0341182896784625,
0.0682365793569249,0.159218685166158),.UNSPECIFIED.);
#76=B_SPLINE_SURFACE_WITH_KNOTS('',3,3,((#6417,#6418,#6419,#6420,#6421,
#6422),(#6423,#6424,#6425,#6426,#6427,#6428),(#6429,#6430,#6431,#6432,#6433,
#6434),(#6435,#6436,#6437,#6438,#6439,#6440),(#6441,#6442,#6443,#6444,#6445,
#6446)),.UNSPECIFIED.,.F.,.F.,.F.,(4,1,4),(4,1,1,4),(0.,0.5,1.),(3.78364311999334E-12,
0.223298721958328,0.37216453659469,0.521030351231053),.UNSPECIFIED.);
#77=B_SPLINE_SURFACE_WITH_KNOTS('',3,3,((#6462,#6463,#6464,#6465,#6466,
#6467),(#6468,#6469,#6470,#6471,#6472,#6473),(#6474,#6475,#6476,#6477,#6478,
#6479),(#6480,#6481,#6482,#6483,#6484,#6485),(#6486,#6487,#6488,#6489,#6490,
#6491)),.UNSPECIFIED.,.F.,.F.,.F.,(4,1,4),(4,1,1,4),(0.,0.5,1.),(6.24779096550109E-15,
0.0618669666221887,0.103111611036977,0.144356255451765),.UNSPECIFIED.);
#78=B_SPLINE_SURFACE_WITH_KNOTS('',5,1,((#6537,#6538),(#6539,#6540),(#6541,
#6542),(#6543,#6544),(#6545,#6546),(#6547,#6548),(#6549,#6550),(#6551,#6552),
(#6553,#6554),(#6555,#6556),(#6557,#6558),(#6559,#6560),(#6561,#6562),(#6563,
#6564),(#6565,#6566),(#6567,#6568),(#6569,#6570),(#6571,#6572),(#6573,#6574),
(#6575,#6576)),.UNSPECIFIED.,.F.,.F.,.F.,(6,1,1,1,1,1,1,1,1,1,1,1,1,1,1,
6),(2,2),(0.0203783413489367,0.0666666666666667,0.133333333333333,0.2,0.266666666666667,
0.333333333333333,0.4,0.466666666666667,0.533333333333333,0.6,0.666666666666667,
0.733333333333333,0.8,0.866666666666667,0.933333333333333,1.),(0.,3.12),
 .UNSPECIFIED.);
#79=B_SPLINE_SURFACE_WITH_KNOTS('',3,3,((#6757,#6758,#6759,#6760),(#6761,
#6762,#6763,#6764),(#6765,#6766,#6767,#6768),(#6769,#6770,#6771,#6772),
(#6773,#6774,#6775,#6776),(#6777,#6778,#6779,#6780)),.UNSPECIFIED.,.F.,
 .F.,.F.,(4,1,1,4),(4,4),(0.,0.285714285714286,0.571428571428571,1.),(0.,
0.1),.UNSPECIFIED.);
#80=B_SPLINE_SURFACE_WITH_KNOTS('',3,3,((#6794,#6795,#6796,#6797,#6798,
#6799),(#6800,#6801,#6802,#6803,#6804,#6805),(#6806,#6807,#6808,#6809,#6810,
#6811),(#6812,#6813,#6814,#6815,#6816,#6817),(#6818,#6819,#6820,#6821,#6822,
#6823),(#6824,#6825,#6826,#6827,#6828,#6829)),.UNSPECIFIED.,.F.,.F.,.F.,
(4,1,1,4),(4,1,1,4),(0.,0.285714285714286,0.571428571428571,1.),(0.,0.0447826144296856,
0.0895652288593713,0.1567391505039),.UNSPECIFIED.);
#81=B_SPLINE_SURFACE_WITH_KNOTS('',3,3,((#6838,#6839,#6840,#6841),(#6842,
#6843,#6844,#6845),(#6846,#6847,#6848,#6849),(#6850,#6851,#6852,#6853),
(#6854,#6855,#6856,#6857)),.UNSPECIFIED.,.F.,.F.,.F.,(4,1,4),(4,4),(0.,
0.5,1.),(7.68311186697922E-15,0.526710245086992),.UNSPECIFIED.);
#82=B_SPLINE_SURFACE_WITH_KNOTS('',3,3,((#6864,#6865,#6866,#6867,#6868),
(#6869,#6870,#6871,#6872,#6873),(#6874,#6875,#6876,#6877,#6878),(#6879,
#6880,#6881,#6882,#6883),(#6884,#6885,#6886,#6887,#6888)),.UNSPECIFIED.,
 .F.,.F.,.F.,(4,1,4),(4,1,4),(0.,0.5,1.),(2.06498957378127E-13,0.0606156656632669,
0.141436553214014),.UNSPECIFIED.);
#83=B_SPLINE_SURFACE_WITH_KNOTS('',3,3,((#6896,#6897,#6898,#6899),(#6900,
#6901,#6902,#6903),(#6904,#6905,#6906,#6907),(#6908,#6909,#6910,#6911),
(#6912,#6913,#6914,#6915)),.UNSPECIFIED.,.F.,.F.,.F.,(4,1,4),(4,4),(0.,
0.5,1.),(5.98692152710601E-17,0.0999999999999961),.UNSPECIFIED.);
#84=B_SPLINE_SURFACE_WITH_KNOTS('',3,3,((#6922,#6923,#6924,#6925,#6926),
(#6927,#6928,#6929,#6930,#6931),(#6932,#6933,#6934,#6935,#6936),(#6937,
#6938,#6939,#6940,#6941),(#6942,#6943,#6944,#6945,#6946)),.UNSPECIFIED.,
 .F.,.F.,.F.,(4,1,4),(4,1,4),(0.,0.5,1.),(0.,0.0606158534580166,0.141436991402039),
 .UNSPECIFIED.);
#85=B_SPLINE_SURFACE_WITH_KNOTS('',3,3,((#6960,#6961,#6962,#6963),(#6964,
#6965,#6966,#6967),(#6968,#6969,#6970,#6971),(#6972,#6973,#6974,#6975),
(#6976,#6977,#6978,#6979)),.UNSPECIFIED.,.F.,.F.,.F.,(4,1,4),(4,4),(0.,
0.5,1.),(0.,0.52671024508699),.UNSPECIFIED.);
#86=B_SPLINE_SURFACE_WITH_KNOTS('',3,3,((#6991,#6992,#6993,#6994,#6995,
#6996,#6997),(#6998,#6999,#7000,#7001,#7002,#7003,#7004),(#7005,#7006,#7007,
#7008,#7009,#7010,#7011),(#7012,#7013,#7014,#7015,#7016,#7017,#7018),(#7019,
#7020,#7021,#7022,#7023,#7024,#7025),(#7026,#7027,#7028,#7029,#7030,#7031,
#7032)),.UNSPECIFIED.,.F.,.F.,.F.,(4,1,1,4),(4,1,1,1,4),(0.,0.285714285714286,
0.571428571428571,1.),(0.,0.044783173232296,0.0895663464645921,0.123153726388814,
0.156741106313036),.UNSPECIFIED.);
#87=B_SPLINE_SURFACE_WITH_KNOTS('',5,1,((#7049,#7050),(#7051,#7052),(#7053,
#7054),(#7055,#7056),(#7057,#7058),(#7059,#7060),(#7061,#7062),(#7063,#7064),
(#7065,#7066),(#7067,#7068),(#7069,#7070),(#7071,#7072),(#7073,#7074),(#7075,
#7076),(#7077,#7078)),.UNSPECIFIED.,.F.,.F.,.F.,(6,1,1,1,1,1,1,1,1,1,6),
(2,2),(-1.,-0.9,-0.8,-0.7,-0.6,-0.5,-0.4,-0.3,-0.2,-0.1,0.),(0.,3.12),
 .UNSPECIFIED.);
#88=B_SPLINE_SURFACE_WITH_KNOTS('',3,3,((#7192,#7193,#7194,#7195),(#7196,
#7197,#7198,#7199),(#7200,#7201,#7202,#7203),(#7204,#7205,#7206,#7207),
(#7208,#7209,#7210,#7211),(#7212,#7213,#7214,#7215)),.UNSPECIFIED.,.F.,
 .F.,.F.,(4,1,1,4),(4,4),(0.,0.285714285714286,0.571428571428571,1.),(0.,
0.1),.UNSPECIFIED.);
#89=B_SPLINE_SURFACE_WITH_KNOTS('',3,3,((#7224,#7225,#7226,#7227,#7228,
#7229),(#7230,#7231,#7232,#7233,#7234,#7235),(#7236,#7237,#7238,#7239,#7240,
#7241),(#7242,#7243,#7244,#7245,#7246,#7247),(#7248,#7249,#7250,#7251,#7252,
#7253),(#7254,#7255,#7256,#7257,#7258,#7259)),.UNSPECIFIED.,.F.,.F.,.F.,
(4,1,1,4),(4,1,1,4),(0.,0.285714285714286,0.571428571428571,1.),(5.53857998469457E-17,
0.0447826144296858,0.0895652288593716,0.1567391505039),.UNSPECIFIED.);
#90=B_SPLINE_SURFACE_WITH_KNOTS('',3,3,((#7268,#7269,#7270,#7271),(#7272,
#7273,#7274,#7275),(#7276,#7277,#7278,#7279),(#7280,#7281,#7282,#7283),
(#7284,#7285,#7286,#7287)),.UNSPECIFIED.,.F.,.F.,.F.,(4,1,4),(4,4),(0.,
0.5,1.),(6.70474251073529E-15,0.526710245086995),.UNSPECIFIED.);
#91=B_SPLINE_SURFACE_WITH_KNOTS('',3,3,((#7294,#7295,#7296,#7297,#7298),
(#7299,#7300,#7301,#7302,#7303),(#7304,#7305,#7306,#7307,#7308),(#7309,
#7310,#7311,#7312,#7313),(#7314,#7315,#7316,#7317,#7318)),.UNSPECIFIED.,
 .F.,.F.,.F.,(4,1,4),(4,1,4),(0.,0.5,1.),(2.050074761929E-13,0.060615665663262,
0.141436553214005),.UNSPECIFIED.);
#92=B_SPLINE_SURFACE_WITH_KNOTS('',3,3,((#7326,#7327,#7328,#7329),(#7330,
#7331,#7332,#7333),(#7334,#7335,#7336,#7337),(#7338,#7339,#7340,#7341),
(#7342,#7343,#7344,#7345)),.UNSPECIFIED.,.F.,.F.,.F.,(4,1,4),(4,4),(0.,
0.5,1.),(0.,0.0999999999999958),.UNSPECIFIED.);
#93=B_SPLINE_SURFACE_WITH_KNOTS('',3,3,((#7352,#7353,#7354,#7355,#7356),
(#7357,#7358,#7359,#7360,#7361),(#7362,#7363,#7364,#7365,#7366),(#7367,
#7368,#7369,#7370,#7371),(#7372,#7373,#7374,#7375,#7376)),.UNSPECIFIED.,
 .F.,.F.,.F.,(4,1,4),(4,1,4),(0.,0.5,1.),(0.,0.0606158534580205,0.141436991402048),
 .UNSPECIFIED.);
#94=B_SPLINE_SURFACE_WITH_KNOTS('',3,3,((#7384,#7385,#7386,#7387),(#7388,
#7389,#7390,#7391),(#7392,#7393,#7394,#7395),(#7396,#7397,#7398,#7399),
(#7400,#7401,#7402,#7403)),.UNSPECIFIED.,.F.,.F.,.F.,(4,1,4),(4,4),(0.,
0.5,1.),(0.,0.526710245086985),.UNSPECIFIED.);
#95=B_SPLINE_SURFACE_WITH_KNOTS('',3,3,((#7410,#7411,#7412,#7413,#7414,
#7415),(#7416,#7417,#7418,#7419,#7420,#7421),(#7422,#7423,#7424,#7425,#7426,
#7427),(#7428,#7429,#7430,#7431,#7432,#7433),(#7434,#7435,#7436,#7437,#7438,
#7439),(#7440,#7441,#7442,#7443,#7444,#7445)),.UNSPECIFIED.,.F.,.F.,.F.,
(4,1,1,4),(4,1,1,4),(0.,0.285714285714286,0.571428571428571,1.),(0.,0.0671747598484451,
0.111957933080742,0.156741106313039),.UNSPECIFIED.);
#96=B_SPLINE_SURFACE_WITH_KNOTS('',3,3,((#7488,#7489,#7490,#7491),(#7492,
#7493,#7494,#7495),(#7496,#7497,#7498,#7499),(#7500,#7501,#7502,#7503)),
 .UNSPECIFIED.,.F.,.F.,.F.,(4,4),(4,4),(0.,1.),(0.,0.1),.UNSPECIFIED.);
#97=B_SPLINE_SURFACE_WITH_KNOTS('',3,3,((#7506,#7507,#7508,#7509,#7510,
#7511),(#7512,#7513,#7514,#7515,#7516,#7517),(#7518,#7519,#7520,#7521,#7522,
#7523),(#7524,#7525,#7526,#7527,#7528,#7529),(#7530,#7531,#7532,#7533,#7534,
#7535)),.UNSPECIFIED.,.F.,.F.,.F.,(4,1,4),(4,1,1,4),(0.,0.5,1.),(0.,0.0341182896784624,
0.0682365793569249,0.159218685166158),.UNSPECIFIED.);
#98=B_SPLINE_SURFACE_WITH_KNOTS('',3,3,((#7544,#7545,#7546,#7547,#7548,
#7549),(#7550,#7551,#7552,#7553,#7554,#7555),(#7556,#7557,#7558,#7559,#7560,
#7561),(#7562,#7563,#7564,#7565,#7566,#7567),(#7568,#7569,#7570,#7571,#7572,
#7573)),.UNSPECIFIED.,.F.,.F.,.F.,(4,1,4),(4,1,1,4),(0.,0.5,1.),(3.78287294937131E-12,
0.223298721958325,0.372164536594686,0.521030351231047),.UNSPECIFIED.);
#99=B_SPLINE_SURFACE_WITH_KNOTS('',3,3,((#7582,#7583,#7584,#7585,#7586),
(#7587,#7588,#7589,#7590,#7591),(#7592,#7593,#7594,#7595,#7596),(#7597,
#7598,#7599,#7600,#7601),(#7602,#7603,#7604,#7605,#7606)),.UNSPECIFIED.,
 .F.,.F.,.F.,(4,1,4),(4,1,4),(0.,0.5,1.),(5.08591175097446E-15,0.0824892888295865,
0.144356255451773),.UNSPECIFIED.);
#100=B_SPLINE_SURFACE_WITH_KNOTS('',3,3,((#7614,#7615,#7616,#7617),(#7618,
#7619,#7620,#7621),(#7622,#7623,#7624,#7625),(#7626,#7627,#7628,#7629),
(#7630,#7631,#7632,#7633)),.UNSPECIFIED.,.F.,.F.,.F.,(4,1,4),(4,4),(0.,
0.571428571428571,1.),(0.,0.0999999999999959),.UNSPECIFIED.);
#101=B_SPLINE_SURFACE_WITH_KNOTS('',3,3,((#7639,#7640,#7641,#7642,#7643,
#7644),(#7645,#7646,#7647,#7648,#7649,#7650),(#7651,#7652,#7653,#7654,#7655,
#7656),(#7657,#7658,#7659,#7660,#7661,#7662),(#7663,#7664,#7665,#7666,#7667,
#7668)),.UNSPECIFIED.,.F.,.F.,.F.,(4,1,4),(4,1,1,4),(0.,0.5,1.),(2.62112569186691E-17,
0.0412449116143289,0.0824898232286578,0.144357190650151),.UNSPECIFIED.);
#102=B_SPLINE_SURFACE_WITH_KNOTS('',3,3,((#7670,#7671,#7672,#7673,#7674,
#7675),(#7676,#7677,#7678,#7679,#7680,#7681),(#7682,#7683,#7684,#7685,#7686,
#7687),(#7688,#7689,#7690,#7691,#7692,#7693),(#7694,#7695,#7696,#7697,#7698,
#7699)),.UNSPECIFIED.,.F.,.F.,.F.,(4,1,4),(4,1,1,4),(0.,0.5,1.),(0.,0.111647380330605,
0.22329476066121,0.52102110820949),.UNSPECIFIED.);
#103=B_SPLINE_SURFACE_WITH_KNOTS('',3,3,((#7701,#7702,#7703,#7704,#7705,
#7706),(#7707,#7708,#7709,#7710,#7711,#7712),(#7713,#7714,#7715,#7716,#7717,
#7718),(#7719,#7720,#7721,#7722,#7723,#7724),(#7725,#7726,#7727,#7728,#7729,
#7730)),.UNSPECIFIED.,.F.,.F.,.F.,(4,1,4),(4,1,1,4),(0.,0.5,1.),(0.,0.0909829559475656,
0.125101564427903,0.15922017290824),.UNSPECIFIED.);
#104=B_SPLINE_SURFACE_WITH_KNOTS('',3,1,((#7747,#7748),(#7749,#7750),(#7751,
#7752),(#7753,#7754)),.UNSPECIFIED.,.F.,.F.,.F.,(4,4),(2,2),(0.084432925887147,
0.492290853807413),(0.,3.04800000000001),.UNSPECIFIED.);
#105=B_SPLINE_SURFACE_WITH_KNOTS('',3,3,((#7788,#7789,#7790,#7791,#7792,
#7793,#7794,#7795),(#7796,#7797,#7798,#7799,#7800,#7801,#7802,#7803),(#7804,
#7805,#7806,#7807,#7808,#7809,#7810,#7811),(#7812,#7813,#7814,#7815,#7816,
#7817,#7818,#7819),(#7820,#7821,#7822,#7823,#7824,#7825,#7826,#7827),(#7828,
#7829,#7830,#7831,#7832,#7833,#7834,#7835),(#7836,#7837,#7838,#7839,#7840,
#7841,#7842,#7843),(#7844,#7845,#7846,#7847,#7848,#7849,#7850,#7851),(#7852,
#7853,#7854,#7855,#7856,#7857,#7858,#7859),(#7860,#7861,#7862,#7863,#7864,
#7865,#7866,#7867)),.UNSPECIFIED.,.F.,.F.,.F.,(4,3,3,4),(4,1,3,4),(-21.5705470715559,
0.,1.00003725374497,458.417383270596),(0.578462506111732,0.803170657592415,
0.971711084639169,4.89045323928191),.UNSPECIFIED.);
#106=B_SPLINE_SURFACE_WITH_KNOTS('',3,3,((#7883,#7884,#7885,#7886,#7887,
#7888,#7889,#7890,#7891,#7892,#7893,#7894),(#7895,#7896,#7897,#7898,#7899,
#7900,#7901,#7902,#7903,#7904,#7905,#7906),(#7907,#7908,#7909,#7910,#7911,
#7912,#7913,#7914,#7915,#7916,#7917,#7918),(#7919,#7920,#7921,#7922,#7923,
#7924,#7925,#7926,#7927,#7928,#7929,#7930)),.UNSPECIFIED.,.F.,.F.,.F.,(4,
4),(4,2,2,2,2,4),(0.,1.),(0.0151503305437142,0.0242245913714972,0.0463707391860757,
0.0660247341331509,0.0787448849073005,0.0897923005208029),.UNSPECIFIED.);
#107=B_SPLINE_SURFACE_WITH_KNOTS('',3,3,((#7961,#7962,#7963,#7964),(#7965,
#7966,#7967,#7968),(#7969,#7970,#7971,#7972),(#7973,#7974,#7975,#7976)),
 .UNSPECIFIED.,.F.,.F.,.F.,(4,4),(4,4),(0.,1.),(0.37862070018074,0.392142086141711),
 .UNSPECIFIED.);
#108=B_SPLINE_SURFACE_WITH_KNOTS('',3,3,((#7986,#7987,#7988,#7989,#7990,
#7991),(#7992,#7993,#7994,#7995,#7996,#7997),(#7998,#7999,#8000,#8001,#8002,
#8003),(#8004,#8005,#8006,#8007,#8008,#8009)),.UNSPECIFIED.,.F.,.F.,.F.,
(4,4),(4,1,1,4),(0.,1.),(0.313775961672679,0.32767126278155,0.341566563890421,
0.378620700180743),.UNSPECIFIED.);
#109=B_SPLINE_SURFACE_WITH_KNOTS('',3,3,((#8025,#8026,#8027,#8028),(#8029,
#8030,#8031,#8032),(#8033,#8034,#8035,#8036),(#8037,#8038,#8039,#8040)),
 .UNSPECIFIED.,.F.,.F.,.F.,(4,4),(4,4),(0.,1.),(0.0897923005208029,0.0913843661642626),
 .UNSPECIFIED.);
#110=B_SPLINE_SURFACE_WITH_KNOTS('',3,3,((#8064,#8065,#8066,#8067),(#8068,
#8069,#8070,#8071),(#8072,#8073,#8074,#8075),(#8076,#8077,#8078,#8079)),
 .UNSPECIFIED.,.F.,.F.,.F.,(4,4),(4,4),(0.,1.),(0.,0.0669479444709306),
 .UNSPECIFIED.);
#111=B_SPLINE_SURFACE_WITH_KNOTS('',3,3,((#8095,#8096,#8097,#8098),(#8099,
#8100,#8101,#8102),(#8103,#8104,#8105,#8106),(#8107,#8108,#8109,#8110),
(#8111,#8112,#8113,#8114),(#8115,#8116,#8117,#8118)),.UNSPECIFIED.,.F.,
 .F.,.F.,(4,1,1,4),(4,4),(0.,0.285714285714286,0.571428571428571,1.00086158979866),
(0.0325866108591235,0.756302594328767),.UNSPECIFIED.);
#112=B_SPLINE_SURFACE_WITH_KNOTS('',3,3,((#8145,#8146,#8147,#8148),(#8149,
#8150,#8151,#8152),(#8153,#8154,#8155,#8156),(#8157,#8158,#8159,#8160)),
 .UNSPECIFIED.,.F.,.F.,.F.,(4,4),(4,4),(0.,1.),(0.,0.015150330543716),
 .UNSPECIFIED.);
#113=B_SPLINE_SURFACE_WITH_KNOTS('',3,3,((#8174,#8175,#8176,#8177),(#8178,
#8179,#8180,#8181),(#8182,#8183,#8184,#8185),(#8186,#8187,#8188,#8189)),
 .UNSPECIFIED.,.F.,.F.,.F.,(4,4),(4,4),(0.,1.),(-0.628610560250326,0.),
 .UNSPECIFIED.);
#114=B_SPLINE_SURFACE_WITH_KNOTS('',3,3,((#8197,#8198,#8199,#8200,#8201,
#8202,#8203,#8204),(#8205,#8206,#8207,#8208,#8209,#8210,#8211,#8212),(#8213,
#8214,#8215,#8216,#8217,#8218,#8219,#8220),(#8221,#8222,#8223,#8224,#8225,
#8226,#8227,#8228)),.UNSPECIFIED.,.F.,.F.,.F.,(4,4),(4,2,2,4),(0.,1.),(0.00824508958925251,
0.0191656476015841,0.0520980427666496,0.207993940105479),.UNSPECIFIED.);
#115=B_SPLINE_SURFACE_WITH_KNOTS('',3,3,((#8255,#8256,#8257,#8258),(#8259,
#8260,#8261,#8262),(#8263,#8264,#8265,#8266),(#8267,#8268,#8269,#8270),
(#8271,#8272,#8273,#8274)),.UNSPECIFIED.,.F.,.F.,.F.,(4,1,4),(4,4),(-0.000250422184914714,
0.379811887922888,0.759623775845776),(0.0455750786632536,0.370032038897315),
 .UNSPECIFIED.);
#116=B_SPLINE_SURFACE_WITH_KNOTS('',3,3,((#8339,#8340,#8341,#8342),(#8343,
#8344,#8345,#8346),(#8347,#8348,#8349,#8350),(#8351,#8352,#8353,#8354)),
 .UNSPECIFIED.,.F.,.F.,.F.,(4,4),(4,4),(0.354508684651135,0.760368241755293),
(13.0660098192081,13.5500455805947),.UNSPECIFIED.);
#117=B_SPLINE_SURFACE_WITH_KNOTS('',3,3,((#8402,#8403,#8404,#8405,#8406,
#8407,#8408,#8409,#8410,#8411,#8412,#8413,#8414,#8415,#8416,#8417),(#8418,
#8419,#8420,#8421,#8422,#8423,#8424,#8425,#8426,#8427,#8428,#8429,#8430,
#8431,#8432,#8433),(#8434,#8435,#8436,#8437,#8438,#8439,#8440,#8441,#8442,
#8443,#8444,#8445,#8446,#8447,#8448,#8449),(#8450,#8451,#8452,#8453,#8454,
#8455,#8456,#8457,#8458,#8459,#8460,#8461,#8462,#8463,#8464,#8465)),
 .UNSPECIFIED.,.F.,.F.,.F.,(4,4),(4,2,3,1,1,1,1,1,1,1,4),(0.,1.00187300598535),
(-0.057210067082294,-0.000484119008270788,0.0203783413489367,0.125337804775836,
0.160324292584803,0.300270243820669,0.440216195056535,0.580162146292402,
0.720108097528268,0.860054048764134,1.),.UNSPECIFIED.);
#118=B_SPLINE_SURFACE_WITH_KNOTS('',3,3,((#8545,#8546,#8547,#8548,#8549,
#8550,#8551,#8552,#8553,#8554,#8555,#8556,#8557,#8558,#8559,#8560),(#8561,
#8562,#8563,#8564,#8565,#8566,#8567,#8568,#8569,#8570,#8571,#8572,#8573,
#8574,#8575,#8576),(#8577,#8578,#8579,#8580,#8581,#8582,#8583,#8584,#8585,
#8586,#8587,#8588,#8589,#8590,#8591,#8592),(#8593,#8594,#8595,#8596,#8597,
#8598,#8599,#8600,#8601,#8602,#8603,#8604,#8605,#8606,#8607,#8608)),
 .UNSPECIFIED.,.F.,.F.,.F.,(4,4),(4,2,3,1,1,1,1,1,1,1,4),(-0.00186307753250327,
1.),(-0.0572100670815992,-0.00048411900827127,0.0203783413489367,0.0903513169668698,
0.160324292584803,0.300270243820669,0.440216195056535,0.580162146292401,
0.720108097528268,0.860054048764134,1.),.UNSPECIFIED.);
#119=B_SPLINE_SURFACE_WITH_KNOTS('',3,3,((#8662,#8663,#8664,#8665),(#8666,
#8667,#8668,#8669),(#8670,#8671,#8672,#8673),(#8674,#8675,#8676,#8677)),
 .UNSPECIFIED.,.F.,.F.,.F.,(4,4),(4,4),(0.354508684651135,0.760368241755293),
(13.0660098192081,13.5500455805947),.UNSPECIFIED.);
#120=B_SPLINE_SURFACE_WITH_KNOTS('',3,3,((#8738,#8739,#8740,#8741),(#8742,
#8743,#8744,#8745),(#8746,#8747,#8748,#8749),(#8750,#8751,#8752,#8753)),
 .UNSPECIFIED.,.F.,.F.,.F.,(4,4),(4,4),(-0.000252492639757247,0.742742855903831),
(0.0455730086616941,0.346276519266223),.UNSPECIFIED.);
#121=B_SPLINE_SURFACE_WITH_KNOTS('',3,3,((#8795,#8796,#8797,#8798,#8799,
#8800,#8801,#8802,#8803,#8804,#8805,#8806,#8807),(#8808,#8809,#8810,#8811,
#8812,#8813,#8814,#8815,#8816,#8817,#8818,#8819,#8820),(#8821,#8822,#8823,
#8824,#8825,#8826,#8827,#8828,#8829,#8830,#8831,#8832,#8833),(#8834,#8835,
#8836,#8837,#8838,#8839,#8840,#8841,#8842,#8843,#8844,#8845,#8846)),
 .UNSPECIFIED.,.F.,.F.,.F.,(4,4),(4,1,1,1,1,1,1,1,2,4),(0.,1.),(-1.,-0.816541600379334,
-0.633083200758668,-0.449624801138003,-0.266166401517337,-0.174437201707004,
-0.128572601801837,-0.105640301849254,-0.082708001896671,-0.0584928439351289),
 .UNSPECIFIED.);
#122=B_SPLINE_SURFACE_WITH_KNOTS('',3,3,((#8890,#8891,#8892,#8893,#8894),
(#8895,#8896,#8897,#8898,#8899),(#8900,#8901,#8902,#8903,#8904),(#8905,
#8906,#8907,#8908,#8909)),.UNSPECIFIED.,.F.,.F.,.F.,(4,4),(4,1,4),(0.,1.),
(2.57127652503184E-15,0.184606830113014,0.430749270263697),
 .UNSPECIFIED.);
#123=B_SPLINE_SURFACE_WITH_KNOTS('',3,3,((#8937,#8938,#8939,#8940),(#8941,
#8942,#8943,#8944),(#8945,#8946,#8947,#8948),(#8949,#8950,#8951,#8952),
(#8953,#8954,#8955,#8956),(#8957,#8958,#8959,#8960)),.UNSPECIFIED.,.F.,
 .F.,.F.,(4,1,1,4),(4,4),(0.,0.285714285714286,0.571428571428571,1.00086158979863),
(-0.000861589798633755,0.722854393670962),.UNSPECIFIED.);
#124=B_SPLINE_SURFACE_WITH_KNOTS('',3,1,((#8998,#8999),(#9000,#9001),(#9002,
#9003),(#9004,#9005)),.UNSPECIFIED.,.F.,.F.,.F.,(4,4),(2,2),(0.,1.),(0.,
3.04812973239741),.UNSPECIFIED.);
#125=B_SPLINE_SURFACE_WITH_KNOTS('',3,1,((#9021,#9022),(#9023,#9024),(#9025,
#9026),(#9027,#9028)),.UNSPECIFIED.,.F.,.F.,.F.,(4,4),(2,2),(0.,1.),(0.,
3.048),.UNSPECIFIED.);
#126=B_SPLINE_SURFACE_WITH_KNOTS('',3,1,((#9055,#9056),(#9057,#9058),(#9059,
#9060),(#9061,#9062),(#9063,#9064),(#9065,#9066),(#9067,#9068),(#9069,#9070),
(#9071,#9072),(#9073,#9074),(#9075,#9076),(#9077,#9078),(#9079,#9080),(#9081,
#9082)),.UNSPECIFIED.,.F.,.F.,.F.,(4,2,2,2,2,2,4),(2,2),(-0.26789420822114,
-0.24635291998475,-0.227064625134181,-0.196662234699179,-0.14558851145611,
-0.0789044189290304,0.),(0.,3.12006808368956),.UNSPECIFIED.);
#127=B_SPLINE_SURFACE_WITH_KNOTS('',3,1,((#9105,#9106),(#9107,#9108),(#9109,
#9110),(#9111,#9112),(#9113,#9114),(#9115,#9116),(#9117,#9118),(#9119,#9120)),
 .UNSPECIFIED.,.F.,.F.,.F.,(4,2,2,4),(2,2),(-0.101812485893154,-0.0841281661094704,
-0.0659813972586348,0.),(0.,3.12007193032415),.UNSPECIFIED.);
#128=B_SPLINE_SURFACE_WITH_KNOTS('',3,1,((#9131,#9132),(#9133,#9134),(#9135,
#9136),(#9137,#9138),(#9139,#9140),(#9141,#9142)),.UNSPECIFIED.,.F.,.F.,
 .F.,(4,2,4),(2,2),(-0.273914379748387,-0.133622119528564,0.),(0.,3.12004457010836),
 .UNSPECIFIED.);
#129=B_SPLINE_SURFACE_WITH_KNOTS('',5,1,((#9207,#9208),(#9209,#9210),(#9211,
#9212),(#9213,#9214),(#9215,#9216),(#9217,#9218),(#9219,#9220),(#9221,#9222),
(#9223,#9224),(#9225,#9226),(#9227,#9228),(#9229,#9230),(#9231,#9232),(#9233,
#9234),(#9235,#9236),(#9237,#9238),(#9239,#9240),(#9241,#9242),(#9243,#9244),
(#9245,#9246)),.UNSPECIFIED.,.F.,.F.,.F.,(6,1,1,1,1,1,1,1,1,1,1,1,1,1,1,
6),(2,2),(0.0203783413489367,0.0666666666666667,0.133333333333333,0.2,0.266666666666667,
0.333333333333333,0.4,0.466666666666667,0.533333333333333,0.6,0.666666666666667,
0.733333333333333,0.8,0.866666666666667,0.933333333333333,1.),(0.,3.12),
 .UNSPECIFIED.);
#130=B_SPLINE_SURFACE_WITH_KNOTS('',3,1,((#9302,#9303),(#9304,#9305),(#9306,
#9307),(#9308,#9309),(#9310,#9311),(#9312,#9313)),.UNSPECIFIED.,.F.,.F.,
 .F.,(4,2,4),(2,2),(-0.273914379748387,-0.133622119528564,0.),(0.,3.12004457010836),
 .UNSPECIFIED.);
#131=B_SPLINE_SURFACE_WITH_KNOTS('',3,1,((#9346,#9347),(#9348,#9349),(#9350,
#9351),(#9352,#9353),(#9354,#9355),(#9356,#9357),(#9358,#9359),(#9360,#9361)),
 .UNSPECIFIED.,.F.,.F.,.F.,(4,2,2,4),(2,2),(-0.101812485893154,-0.0841281661094704,
-0.0659813972586348,0.),(0.,3.12007193032415),.UNSPECIFIED.);
#132=B_SPLINE_SURFACE_WITH_KNOTS('',3,1,((#9376,#9377),(#9378,#9379),(#9380,
#9381),(#9382,#9383),(#9384,#9385),(#9386,#9387),(#9388,#9389),(#9390,#9391),
(#9392,#9393),(#9394,#9395),(#9396,#9397),(#9398,#9399),(#9400,#9401),(#9402,
#9403)),.UNSPECIFIED.,.F.,.F.,.F.,(4,2,2,2,2,2,4),(2,2),(-0.26789420822114,
-0.24635291998475,-0.227064625134181,-0.196662234699179,-0.14558851145611,
-0.0789044189290304,0.),(0.,3.12006808368956),.UNSPECIFIED.);
#133=B_SPLINE_SURFACE_WITH_KNOTS('',3,3,((#9429,#9430,#9431,#9432,#9433,
#9434,#9435,#9436),(#9437,#9438,#9439,#9440,#9441,#9442,#9443,#9444),(#9445,
#9446,#9447,#9448,#9449,#9450,#9451,#9452),(#9453,#9454,#9455,#9456,#9457,
#9458,#9459,#9460),(#9461,#9462,#9463,#9464,#9465,#9466,#9467,#9468),(#9469,
#9470,#9471,#9472,#9473,#9474,#9475,#9476),(#9477,#9478,#9479,#9480,#9481,
#9482,#9483,#9484),(#9485,#9486,#9487,#9488,#9489,#9490,#9491,#9492),(#9493,
#9494,#9495,#9496,#9497,#9498,#9499,#9500),(#9501,#9502,#9503,#9504,#9505,
#9506,#9507,#9508)),.UNSPECIFIED.,.F.,.F.,.F.,(4,3,3,4),(4,3,1,4),(-21.5705470715665,
0.,1.,458.417383270605),(-4.89045323928208,-0.971673830894201,-0.803170657592415,
-0.578499759856701),.UNSPECIFIED.);
#134=B_SPLINE_SURFACE_WITH_KNOTS('',3,1,((#9509,#9510),(#9511,#9512),(#9513,
#9514),(#9515,#9516),(#9517,#9518)),.UNSPECIFIED.,.F.,.F.,.F.,(4,1,4),(2,
2),(0.,0.571428571428571,1.),(0.,3.048),.UNSPECIFIED.);
#135=B_SPLINE_SURFACE_WITH_KNOTS('',3,3,((#9530,#9531,#9532,#9533),(#9534,
#9535,#9536,#9537),(#9538,#9539,#9540,#9541),(#9542,#9543,#9544,#9545)),
 .UNSPECIFIED.,.F.,.F.,.F.,(4,4),(4,4),(0.,1.),(0.235409837203648,0.248931223164618),
 .UNSPECIFIED.);
#136=B_SPLINE_SURFACE_WITH_KNOTS('',3,3,((#9549,#9550,#9551,#9552,#9553,
#9554),(#9555,#9556,#9557,#9558,#9559,#9560),(#9561,#9562,#9563,#9564,#9565,
#9566),(#9567,#9568,#9569,#9570,#9571,#9572)),.UNSPECIFIED.,.F.,.F.,.F.,
(4,4),(4,1,1,4),(0.,1.),(0.248931223164618,0.285985359454939,0.299880660563809,
0.31377596167268),.UNSPECIFIED.);
#137=B_SPLINE_SURFACE_WITH_KNOTS('',3,3,((#9585,#9586,#9587,#9588),(#9589,
#9590,#9591,#9592),(#9593,#9594,#9595,#9596),(#9597,#9598,#9599,#9600)),
 .UNSPECIFIED.,.F.,.F.,.F.,(4,4),(4,4),(0.,1.),(0.,0.00158551859338838),
 .UNSPECIFIED.);
#138=B_SPLINE_SURFACE_WITH_KNOTS('',3,3,((#9607,#9608,#9609,#9610,#9611,
#9612,#9613,#9614,#9615,#9616,#9617,#9618),(#9619,#9620,#9621,#9622,#9623,
#9624,#9625,#9626,#9627,#9628,#9629,#9630),(#9631,#9632,#9633,#9634,#9635,
#9636,#9637,#9638,#9639,#9640,#9641,#9642),(#9643,#9644,#9645,#9646,#9647,
#9648,#9649,#9650,#9651,#9652,#9653,#9654)),.UNSPECIFIED.,.F.,.F.,.F.,(4,
4),(4,2,2,2,2,4),(0.,1.),(0.00158551859338825,0.0176594139674996,0.0356764414528948,
0.0553610561157673,0.072990164674551,0.0759281906454672),.UNSPECIFIED.);
#139=B_SPLINE_SURFACE_WITH_KNOTS('',3,3,((#9669,#9670,#9671,#9672),(#9673,
#9674,#9675,#9676),(#9677,#9678,#9679,#9680),(#9681,#9682,#9683,#9684)),
 .UNSPECIFIED.,.F.,.F.,.F.,(4,4),(4,4),(0.,1.),(0.0759281906454679,0.0910117547248071),
 .UNSPECIFIED.);
#140=B_SPLINE_SURFACE_WITH_KNOTS('',3,3,((#9693,#9694,#9695,#9696),(#9697,
#9698,#9699,#9700),(#9701,#9702,#9703,#9704),(#9705,#9706,#9707,#9708)),
 .UNSPECIFIED.,.F.,.F.,.F.,(4,4),(4,4),(0.,1.),(0.115281796704027,0.182229741174958),
 .UNSPECIFIED.);
#141=B_SPLINE_SURFACE_WITH_KNOTS('',3,3,((#9712,#9713,#9714,#9715),(#9716,
#9717,#9718,#9719),(#9720,#9721,#9722,#9723),(#9724,#9725,#9726,#9727)),
 .UNSPECIFIED.,.F.,.F.,.F.,(4,4),(4,4),(0.,1.),(0.134580352012991,0.763190912263317),
 .UNSPECIFIED.);
#142=B_SPLINE_SURFACE_WITH_KNOTS('',3,3,((#9735,#9736,#9737,#9738,#9739,
#9740),(#9741,#9742,#9743,#9744,#9745,#9746),(#9747,#9748,#9749,#9750,#9751,
#9752),(#9753,#9754,#9755,#9756,#9757,#9758)),.UNSPECIFIED.,.F.,.F.,.F.,
(4,4),(4,2,4),(0.,1.),(4.72031986191126E-17,0.189011356062617,0.199748819892173),
 .UNSPECIFIED.);
#143=B_SPLINE_SURFACE_WITH_KNOTS('',3,3,((#9772,#9773,#9774,#9775),(#9776,
#9777,#9778,#9779),(#9780,#9781,#9782,#9783),(#9784,#9785,#9786,#9787),
(#9788,#9789,#9790,#9791)),.UNSPECIFIED.,.F.,.F.,.F.,(4,1,4),(4,4),(-0.000250423815902397,
0.380191760275746,0.760383520551492),(0.0711213561020835,0.395578317911109),
 .UNSPECIFIED.);
#144=B_SPLINE_SURFACE_WITH_KNOTS('',3,3,((#9820,#9821,#9822,#9823),(#9824,
#9825,#9826,#9827),(#9828,#9829,#9830,#9831),(#9832,#9833,#9834,#9835)),
 .UNSPECIFIED.,.F.,.F.,.F.,(4,4),(4,4),(0.239585780863844,0.645491315348863),
(13.066009741606,13.5500455129614),.UNSPECIFIED.);
#145=B_SPLINE_SURFACE_WITH_KNOTS('',3,3,((#9849,#9850,#9851,#9852,#9853,
#9854,#9855,#9856,#9857,#9858,#9859,#9860,#9861,#9862,#9863,#9864),(#9865,
#9866,#9867,#9868,#9869,#9870,#9871,#9872,#9873,#9874,#9875,#9876,#9877,
#9878,#9879,#9880),(#9881,#9882,#9883,#9884,#9885,#9886,#9887,#9888,#9889,
#9890,#9891,#9892,#9893,#9894,#9895,#9896),(#9897,#9898,#9899,#9900,#9901,
#9902,#9903,#9904,#9905,#9906,#9907,#9908,#9909,#9910,#9911,#9912)),
 .UNSPECIFIED.,.F.,.F.,.F.,(4,4),(4,1,1,1,1,1,1,1,3,2,4),(0.,1.00186307752241),
(-1.,-0.860054048764134,-0.720108097528268,-0.580162146292401,-0.440216195056535,
-0.370243219438602,-0.300270243820669,-0.160324292584803,-0.0203783413489367,
0.000484119008272355,0.0572100670816033),.UNSPECIFIED.);
#146=B_SPLINE_SURFACE_WITH_KNOTS('',3,3,((#9977,#9978,#9979,#9980,#9981,
#9982,#9983,#9984,#9985,#9986,#9987,#9988,#9989,#9990,#9991,#9992),(#9993,
#9994,#9995,#9996,#9997,#9998,#9999,#10000,#10001,#10002,#10003,#10004,
#10005,#10006,#10007,#10008),(#10009,#10010,#10011,#10012,#10013,#10014,
#10015,#10016,#10017,#10018,#10019,#10020,#10021,#10022,#10023,#10024),
(#10025,#10026,#10027,#10028,#10029,#10030,#10031,#10032,#10033,#10034,
#10035,#10036,#10037,#10038,#10039,#10040)),.UNSPECIFIED.,.F.,.F.,.F.,(4,
4),(4,1,1,1,1,1,1,1,3,2,4),(-0.00187300597724057,1.),(-1.,-0.860054048764134,
-0.720108097528268,-0.580162146292401,-0.440216195056535,-0.370243219438602,
-0.300270243820669,-0.160324292584803,-0.0203783413489367,0.000484119008271787,
0.0572100670822919),.UNSPECIFIED.);
#147=B_SPLINE_SURFACE_WITH_KNOTS('',3,3,((#10062,#10063,#10064,#10065),
(#10066,#10067,#10068,#10069),(#10070,#10071,#10072,#10073),(#10074,#10075,
#10076,#10077)),.UNSPECIFIED.,.F.,.F.,.F.,(4,4),(4,4),(0.239585780863844,
0.645491315348863),(13.066009741606,13.5500455129614),.UNSPECIFIED.);
#148=B_SPLINE_SURFACE_WITH_KNOTS('',3,3,((#10104,#10105,#10106,#10107),
(#10108,#10109,#10110,#10111),(#10112,#10113,#10114,#10115),(#10116,#10117,
#10118,#10119)),.UNSPECIFIED.,.F.,.F.,.F.,(4,4),(4,4),(-0.000252494022364615,
0.74274285590383),(0.0948768758019986,0.395580387664198),.UNSPECIFIED.);
#149=B_SPLINE_SURFACE_WITH_KNOTS('',3,3,((#10145,#10146,#10147,#10148,#10149,
#10150,#10151,#10152,#10153,#10154,#10155),(#10156,#10157,#10158,#10159,
#10160,#10161,#10162,#10163,#10164,#10165,#10166),(#10167,#10168,#10169,
#10170,#10171,#10172,#10173,#10174,#10175,#10176,#10177),(#10178,#10179,
#10180,#10181,#10182,#10183,#10184,#10185,#10186,#10187,#10188)),
 .UNSPECIFIED.,.F.,.F.,.F.,(4,4),(4,2,1,1,1,1,1,4),(0.,1.),(0.0584928439351317,
0.08270800189667,0.174437201707003,0.266166401517336,0.449624801138002,
0.633083200758668,0.816541600379334,1.),.UNSPECIFIED.);
#150=B_SPLINE_SURFACE_WITH_KNOTS('',3,3,((#10202,#10203,#10204,#10205,#10206),
(#10207,#10208,#10209,#10210,#10211),(#10212,#10213,#10214,#10215,#10216),
(#10217,#10218,#10219,#10220,#10221)),.UNSPECIFIED.,.F.,.F.,.F.,(4,4),(4,
1,4),(0.,1.),(0.,0.184606830113013,0.430749270263696),.UNSPECIFIED.);
#151=FACE_BOUND('',#697,.T.);
#152=FACE_BOUND('',#698,.T.);
#153=FACE_BOUND('',#747,.T.);
#154=FACE_BOUND('',#748,.T.);
#155=FACE_BOUND('',#759,.T.);
#156=FACE_BOUND('',#760,.T.);
#157=FACE_BOUND('',#795,.T.);
#158=FACE_BOUND('',#796,.T.);
#159=FACE_BOUND('',#807,.T.);
#160=FACE_BOUND('',#808,.T.);
#161=PLANE('',#3640);
#162=PLANE('',#3642);
#163=PLANE('',#3643);
#164=PLANE('',#3659);
#165=PLANE('',#3683);
#166=PLANE('',#3685);
#167=PLANE('',#3696);
#168=PLANE('',#3707);
#169=PLANE('',#3710);
#170=PLANE('',#3733);
#171=PLANE('',#3734);
#172=PLANE('',#3749);
#173=PLANE('',#3752);
#174=PLANE('',#3771);
#175=PLANE('',#3781);
#176=PLANE('',#3783);
#177=PLANE('',#3792);
#178=PLANE('',#3802);
#179=PLANE('',#3804);
#180=PLANE('',#3814);
#181=PLANE('',#3817);
#182=PLANE('',#3820);
#183=PLANE('',#3824);
#184=PLANE('',#3826);
#185=PLANE('',#3828);
#186=PLANE('',#3830);
#187=PLANE('',#3833);
#188=PLANE('',#3834);
#189=PLANE('',#3841);
#190=PLANE('',#3846);
#191=PLANE('',#3849);
#192=PLANE('',#3854);
#193=PLANE('',#3863);
#194=PLANE('',#3865);
#195=PLANE('',#3866);
#196=PLANE('',#3868);
#197=PLANE('',#3873);
#198=PLANE('',#3874);
#199=PLANE('',#3875);
#200=B_SPLINE_CURVE_WITH_KNOTS('',3,(#4610,#4611,#4612,#4613),
 .UNSPECIFIED.,.F.,.F.,(4,4),(0.,0.0344436653045751),.UNSPECIFIED.);
#201=B_SPLINE_CURVE_WITH_KNOTS('',3,(#4615,#4616,#4617,#4618,#4619),
 .UNSPECIFIED.,.F.,.F.,(4,1,4),(3.47239391838158E-16,0.0542066695801377,
0.108413339160275),.UNSPECIFIED.);
#202=B_SPLINE_CURVE_WITH_KNOTS('',3,(#4624,#4625,#4626,#4627),
 .UNSPECIFIED.,.F.,.F.,(4,4),(0.,0.502286911124364),.UNSPECIFIED.);
#203=B_SPLINE_CURVE_WITH_KNOTS('',3,(#4631,#4632,#4633,#4634,#4635),
 .UNSPECIFIED.,.F.,.F.,(4,1,4),(8.65346221615378E-14,0.0813735827083264,
0.142403769739506),.UNSPECIFIED.);
#204=B_SPLINE_CURVE_WITH_KNOTS('',3,(#4639,#4640,#4641,#4642),
 .UNSPECIFIED.,.F.,.F.,(4,4),(0.,0.1),.UNSPECIFIED.);
#205=B_SPLINE_CURVE_WITH_KNOTS('',3,(#4652,#4653,#4654,#4655),
 .UNSPECIFIED.,.F.,.F.,(4,4),(-0.248931223164618,-0.235409837203648),
 .UNSPECIFIED.);
#206=B_SPLINE_CURVE_WITH_KNOTS('',3,(#4658,#4659,#4660,#4661),
 .UNSPECIFIED.,.F.,.F.,(4,4),(-0.392142086141711,-0.37862070018074),
 .UNSPECIFIED.);
#207=B_SPLINE_CURVE_WITH_KNOTS('',3,(#4707,#4708,#4709,#4710,#4711),
 .UNSPECIFIED.,.F.,.F.,(4,1,4),(-0.108413339160278,-0.054206669580139,0.),
 .UNSPECIFIED.);
#208=B_SPLINE_CURVE_WITH_KNOTS('',3,(#4714,#4715,#4716,#4717,#4718),
 .UNSPECIFIED.,.F.,.F.,(4,1,4),(0.,0.054206669580139,0.108413339160278),
 .UNSPECIFIED.);
#209=B_SPLINE_CURVE_WITH_KNOTS('',3,(#4741,#4742,#4743,#4744),
 .UNSPECIFIED.,.F.,.F.,(4,4),(-0.0999999999999961,-4.47175545865184E-16),
 .UNSPECIFIED.);
#210=B_SPLINE_CURVE_WITH_KNOTS('',3,(#4745,#4746,#4747,#4748),
 .UNSPECIFIED.,.F.,.F.,(4,4),(4.47175545865184E-16,0.0999999999999961),
 .UNSPECIFIED.);
#211=B_SPLINE_CURVE_WITH_KNOTS('',3,(#4776,#4777,#4778,#4779,#4780),
 .UNSPECIFIED.,.F.,.F.,(4,1,4),(-0.108413339160275,-0.0542066695801377,
-3.47239391838158E-16),.UNSPECIFIED.);
#212=B_SPLINE_CURVE_WITH_KNOTS('',3,(#4803,#4804,#4805,#4806),
 .UNSPECIFIED.,.F.,.F.,(4,4),(-0.0344436653045751,0.),.UNSPECIFIED.);
#213=B_SPLINE_CURVE_WITH_KNOTS('',3,(#4829,#4830,#4831,#4832),
 .UNSPECIFIED.,.F.,.F.,(4,4),(-0.502286911124364,0.),.UNSPECIFIED.);
#214=B_SPLINE_CURVE_WITH_KNOTS('',3,(#4860,#4861,#4862,#4863,#4864),
 .UNSPECIFIED.,.F.,.F.,(4,1,4),(-0.142403769739506,-0.0813735827083264,
-8.65346221615378E-14),.UNSPECIFIED.);
#215=B_SPLINE_CURVE_WITH_KNOTS('',3,(#4887,#4888,#4889,#4890),
 .UNSPECIFIED.,.F.,.F.,(4,4),(-0.1,0.),.UNSPECIFIED.);
#216=B_SPLINE_CURVE_WITH_KNOTS('',3,(#4919,#4920,#4921,#4922,#4923),
 .UNSPECIFIED.,.F.,.F.,(4,1,4),(-0.142404897520962,-0.0610306703661268,
-1.21963714600918E-17),.UNSPECIFIED.);
#217=B_SPLINE_CURVE_WITH_KNOTS('',3,(#4924,#4925,#4926,#4927,#4928),
 .UNSPECIFIED.,.F.,.F.,(4,1,4),(1.21963714600918E-17,0.0610306703661268,
0.142404897520962),.UNSPECIFIED.);
#218=B_SPLINE_CURVE_WITH_KNOTS('',3,(#4952,#4953,#4954,#4955),
 .UNSPECIFIED.,.F.,.F.,(4,4),(-0.502286911124288,0.),.UNSPECIFIED.);
#219=B_SPLINE_CURVE_WITH_KNOTS('',3,(#4956,#4957,#4958,#4959),
 .UNSPECIFIED.,.F.,.F.,(4,4),(0.,0.502286911124288),.UNSPECIFIED.);
#220=B_SPLINE_CURVE_WITH_KNOTS('',3,(#4980,#4981,#4982,#4983),
 .UNSPECIFIED.,.F.,.F.,(4,4),(-0.0344436653046014,-1.87881810076315E-14),
 .UNSPECIFIED.);
#221=B_SPLINE_CURVE_WITH_KNOTS('',3,(#4984,#4985,#4986,#4987),
 .UNSPECIFIED.,.F.,.F.,(4,4),(1.87881810076315E-14,0.0344436653046014),
 .UNSPECIFIED.);
#222=B_SPLINE_CURVE_WITH_KNOTS('',3,(#5001,#5002,#5003,#5004),
 .UNSPECIFIED.,.F.,.F.,(4,4),(-0.0344436653045818,0.),.UNSPECIFIED.);
#223=B_SPLINE_CURVE_WITH_KNOTS('',3,(#5006,#5007,#5008,#5009),
 .UNSPECIFIED.,.F.,.F.,(4,4),(-0.502286911124355,0.),.UNSPECIFIED.);
#224=B_SPLINE_CURVE_WITH_KNOTS('',3,(#5011,#5012,#5013,#5014,#5015,#5016),
 .UNSPECIFIED.,.F.,.F.,(4,1,1,4),(-0.14240376973951,-0.10171697838539,-0.0610301870312693,
-8.89071271790856E-14),.UNSPECIFIED.);
#225=B_SPLINE_CURVE_WITH_KNOTS('',3,(#5018,#5019,#5020,#5021),
 .UNSPECIFIED.,.F.,.F.,(4,4),(-0.0999999999999996,0.),.UNSPECIFIED.);
#226=B_SPLINE_CURVE_WITH_KNOTS('',3,(#5023,#5024,#5025,#5026,#5027),
 .UNSPECIFIED.,.F.,.F.,(4,1,4),(-0.142404897520963,-0.0610306703661269,
-1.29191380669498E-30),.UNSPECIFIED.);
#227=B_SPLINE_CURVE_WITH_KNOTS('',3,(#5029,#5030,#5031,#5032),
 .UNSPECIFIED.,.F.,.F.,(4,4),(-0.502286911124295,0.),.UNSPECIFIED.);
#228=B_SPLINE_CURVE_WITH_KNOTS('',3,(#5034,#5035,#5036,#5037),
 .UNSPECIFIED.,.F.,.F.,(4,4),(-0.0344436653045948,-1.99201909593769E-14),
 .UNSPECIFIED.);
#229=B_SPLINE_CURVE_WITH_KNOTS('',3,(#5083,#5084,#5085,#5086),
 .UNSPECIFIED.,.F.,.F.,(4,4),(0.,0.0344436653045818),.UNSPECIFIED.);
#230=B_SPLINE_CURVE_WITH_KNOTS('',3,(#5088,#5089,#5090,#5091,#5092),
 .UNSPECIFIED.,.F.,.F.,(4,1,4),(2.8064209217143E-16,0.0542066695801396,
0.108413339160279),.UNSPECIFIED.);
#231=B_SPLINE_CURVE_WITH_KNOTS('',3,(#5097,#5098,#5099,#5100),
 .UNSPECIFIED.,.F.,.F.,(4,4),(0.,0.502286911124355),.UNSPECIFIED.);
#232=B_SPLINE_CURVE_WITH_KNOTS('',3,(#5104,#5105,#5106,#5107,#5108,#5109),
 .UNSPECIFIED.,.F.,.F.,(4,1,1,4),(8.89071271790856E-14,0.0610301870312693,
0.10171697838539,0.14240376973951),.UNSPECIFIED.);
#233=B_SPLINE_CURVE_WITH_KNOTS('',3,(#5113,#5114,#5115,#5116),
 .UNSPECIFIED.,.F.,.F.,(4,4),(0.,0.0999999999999996),.UNSPECIFIED.);
#234=B_SPLINE_CURVE_WITH_KNOTS('',3,(#5145,#5146,#5147,#5148,#5149),
 .UNSPECIFIED.,.F.,.F.,(4,1,4),(-0.108413339160278,-0.0542066695801392,
0.),.UNSPECIFIED.);
#235=B_SPLINE_CURVE_WITH_KNOTS('',3,(#5152,#5153,#5154,#5155,#5156),
 .UNSPECIFIED.,.F.,.F.,(4,1,4),(0.,0.0542066695801392,0.108413339160278),
 .UNSPECIFIED.);
#236=B_SPLINE_CURVE_WITH_KNOTS('',3,(#5179,#5180,#5181,#5182),
 .UNSPECIFIED.,.F.,.F.,(4,4),(-0.0999999999999958,-3.36153243402668E-16),
 .UNSPECIFIED.);
#237=B_SPLINE_CURVE_WITH_KNOTS('',3,(#5183,#5184,#5185,#5186),
 .UNSPECIFIED.,.F.,.F.,(4,4),(3.36153243402668E-16,0.0999999999999958),
 .UNSPECIFIED.);
#238=B_SPLINE_CURVE_WITH_KNOTS('',3,(#5213,#5214,#5215,#5216,#5217),
 .UNSPECIFIED.,.F.,.F.,(4,1,4),(-0.108413339160279,-0.0542066695801396,
-2.8064209217143E-16),.UNSPECIFIED.);
#239=B_SPLINE_CURVE_WITH_KNOTS('',3,(#5339,#5340,#5341,#5342,#5343),
 .UNSPECIFIED.,.F.,.F.,(4,1,4),(1.29191380669498E-30,0.0610306703661269,
0.142404897520963),.UNSPECIFIED.);
#240=B_SPLINE_CURVE_WITH_KNOTS('',3,(#5366,#5367,#5368,#5369),
 .UNSPECIFIED.,.F.,.F.,(4,4),(0.,0.502286911124295),.UNSPECIFIED.);
#241=B_SPLINE_CURVE_WITH_KNOTS('',3,(#5390,#5391,#5392,#5393),
 .UNSPECIFIED.,.F.,.F.,(4,4),(1.99201909593769E-14,0.0344436653045948),
 .UNSPECIFIED.);
#242=B_SPLINE_CURVE_WITH_KNOTS('',3,(#5420,#5421,#5422,#5423),
 .UNSPECIFIED.,.F.,.F.,(4,4),(-0.1,0.),.UNSPECIFIED.);
#243=B_SPLINE_CURVE_WITH_KNOTS('',3,(#5426,#5427,#5428,#5429),
 .UNSPECIFIED.,.F.,.F.,(4,4),(0.,0.1),.UNSPECIFIED.);
#244=B_SPLINE_CURVE_WITH_KNOTS('',3,(#5458,#5459,#5460,#5461,#5462),
 .UNSPECIFIED.,.F.,.F.,(4,1,4),(-0.141366700941226,-0.080780971966415,-8.64992638850463E-17),
 .UNSPECIFIED.);
#245=B_SPLINE_CURVE_WITH_KNOTS('',3,(#5463,#5464,#5465,#5466,#5467),
 .UNSPECIFIED.,.F.,.F.,(4,1,4),(8.64992638850463E-17,0.080780971966415,
0.141366700941226),.UNSPECIFIED.);
#246=B_SPLINE_CURVE_WITH_KNOTS('',3,(#5491,#5492,#5493,#5494),
 .UNSPECIFIED.,.F.,.F.,(4,4),(-0.500000000000024,-2.13186088044615E-14),
 .UNSPECIFIED.);
#247=B_SPLINE_CURVE_WITH_KNOTS('',3,(#5495,#5496,#5497,#5498),
 .UNSPECIFIED.,.F.,.F.,(4,4),(2.13186088044615E-14,0.500000000000024),
 .UNSPECIFIED.);
#248=B_SPLINE_CURVE_WITH_KNOTS('',3,(#5527,#5528,#5529,#5530,#5531),
 .UNSPECIFIED.,.F.,.F.,(4,1,4),(-0.14136792343821,-0.0605862529020998,-1.7319479184154E-14),
 .UNSPECIFIED.);
#249=B_SPLINE_CURVE_WITH_KNOTS('',3,(#5532,#5533,#5534,#5535,#5536),
 .UNSPECIFIED.,.F.,.F.,(4,1,4),(1.7319479184154E-14,0.0605862529020998,
0.14136792343821),.UNSPECIFIED.);
#250=B_SPLINE_CURVE_WITH_KNOTS('',3,(#5560,#5561,#5562,#5563),
 .UNSPECIFIED.,.F.,.F.,(4,4),(-0.0999999999999959,-4.44089209850061E-16),
 .UNSPECIFIED.);
#251=B_SPLINE_CURVE_WITH_KNOTS('',3,(#5564,#5565,#5566,#5567),
 .UNSPECIFIED.,.F.,.F.,(4,4),(4.44089209850061E-16,0.0999999999999959),
 .UNSPECIFIED.);
#252=B_SPLINE_CURVE_WITH_KNOTS('',3,(#5596,#5597,#5598,#5599,#5600),
 .UNSPECIFIED.,.F.,.F.,(4,1,4),(-0.141366700941236,-0.0605857289748155,
0.),.UNSPECIFIED.);
#253=B_SPLINE_CURVE_WITH_KNOTS('',3,(#5601,#5602,#5603,#5604,#5605),
 .UNSPECIFIED.,.F.,.F.,(4,1,4),(0.,0.0605857289748155,0.141366700941236),
 .UNSPECIFIED.);
#254=B_SPLINE_CURVE_WITH_KNOTS('',3,(#5629,#5630,#5631,#5632),
 .UNSPECIFIED.,.F.,.F.,(4,4),(-0.499999999999974,0.),.UNSPECIFIED.);
#255=B_SPLINE_CURVE_WITH_KNOTS('',3,(#5633,#5634,#5635,#5636),
 .UNSPECIFIED.,.F.,.F.,(4,4),(0.,0.499999999999974),.UNSPECIFIED.);
#256=B_SPLINE_CURVE_WITH_KNOTS('',3,(#5662,#5663,#5664,#5665,#5666),
 .UNSPECIFIED.,.F.,.F.,(4,1,4),(-0.141367923438169,-0.0807816705360967,
0.),.UNSPECIFIED.);
#257=B_SPLINE_CURVE_WITH_KNOTS('',3,(#5667,#5668,#5669,#5670,#5671),
 .UNSPECIFIED.,.F.,.F.,(4,1,4),(0.,0.0807816705360967,0.141367923438169),
 .UNSPECIFIED.);
#258=B_SPLINE_CURVE_WITH_KNOTS('',3,(#5732,#5733,#5734,#5735,#5736,#5737),
 .UNSPECIFIED.,.F.,.F.,(4,2,4),(9.40881108833397,9.41104058295119,9.41674406651799),
 .UNSPECIFIED.);
#259=B_SPLINE_CURVE_WITH_KNOTS('',5,(#5739,#5740,#5741,#5742,#5743,#5744,
#5745,#5746,#5747,#5748),.UNSPECIFIED.,.F.,.F.,(6,1,1,1,1,6),(0.578499759856702,
0.6,0.7,0.8,0.9,0.971673830894202),.UNSPECIFIED.);
#260=B_SPLINE_CURVE_WITH_KNOTS('',5,(#5752,#5753,#5754,#5755,#5756,#5757,
#5758,#5759,#5760,#5761),.UNSPECIFIED.,.F.,.F.,(6,1,1,1,1,6),(-0.971673830894203,
-0.9,-0.8,-0.7,-0.6,-0.578499759856702),.UNSPECIFIED.);
#261=B_SPLINE_CURVE_WITH_KNOTS('',3,(#5763,#5764,#5765,#5766,#5767,#5768),
 .UNSPECIFIED.,.F.,.F.,(4,2,4),(0.862445803198254,0.892505727200767,0.894728699004736),
 .UNSPECIFIED.);
#262=B_SPLINE_CURVE_WITH_KNOTS('',3,(#5770,#5771,#5772,#5773,#5774,#5775,
#5776,#5777,#5778,#5779,#5780,#5781,#5782),.UNSPECIFIED.,.F.,.F.,(4,3,3,
3,4),(1.30911393532241,1.35336094950801,1.36361379735813,1.50552089067023,
4.29458107276537),.UNSPECIFIED.);
#263=B_SPLINE_CURVE_WITH_KNOTS('',3,(#5785,#5786,#5787,#5788,#5789,#5790,
#5791,#5792,#5793,#5794,#5795,#5796,#5797),.UNSPECIFIED.,.F.,.F.,(4,3,3,
3,4),(8.01575689529651,10.8374861050167,10.9752081034637,11.0148192484438,
11.0391987878475),.UNSPECIFIED.);
#264=B_SPLINE_CURVE_WITH_KNOTS('',3,(#5800,#5801,#5802,#5803),
 .UNSPECIFIED.,.F.,.F.,(4,4),(-0.1,0.),.UNSPECIFIED.);
#265=B_SPLINE_CURVE_WITH_KNOTS('',3,(#5805,#5806,#5807,#5808,#5809),
 .UNSPECIFIED.,.F.,.F.,(4,1,4),(-0.141366700941228,-0.0605857289748122,
-2.89984071727806E-16),.UNSPECIFIED.);
#266=B_SPLINE_CURVE_WITH_KNOTS('',3,(#5811,#5812,#5813,#5814),
 .UNSPECIFIED.,.F.,.F.,(4,4),(-0.500000000000016,-2.19835261106027E-14),
 .UNSPECIFIED.);
#267=B_SPLINE_CURVE_WITH_KNOTS('',3,(#5816,#5817,#5818,#5819,#5820),
 .UNSPECIFIED.,.F.,.F.,(4,1,4),(-0.141367923438223,-0.0605862529021079,
-2.13162820728034E-14),.UNSPECIFIED.);
#268=B_SPLINE_CURVE_WITH_KNOTS('',3,(#5822,#5823,#5824,#5825),
 .UNSPECIFIED.,.F.,.F.,(4,4),(-0.0999999999999961,-1.11022302462515E-16),
 .UNSPECIFIED.);
#269=B_SPLINE_CURVE_WITH_KNOTS('',3,(#5827,#5828,#5829,#5830,#5831),
 .UNSPECIFIED.,.F.,.F.,(4,1,4),(-0.141366700941227,-0.0605857289748115,
0.),.UNSPECIFIED.);
#270=B_SPLINE_CURVE_WITH_KNOTS('',3,(#5833,#5834,#5835,#5836),
 .UNSPECIFIED.,.F.,.F.,(4,4),(-0.49999999999998,0.),.UNSPECIFIED.);
#271=B_SPLINE_CURVE_WITH_KNOTS('',3,(#5837,#5838,#5839,#5840,#5841),
 .UNSPECIFIED.,.F.,.F.,(4,1,4),(-0.141367923438169,-0.0807816705360963,
0.),.UNSPECIFIED.);
#272=B_SPLINE_CURVE_WITH_KNOTS('',3,(#5932,#5933,#5934,#5935),
 .UNSPECIFIED.,.F.,.F.,(4,4),(0.,0.1),.UNSPECIFIED.);
#273=B_SPLINE_CURVE_WITH_KNOTS('',3,(#5963,#5964,#5965,#5966,#5967),
 .UNSPECIFIED.,.F.,.F.,(4,1,4),(2.89984071727806E-16,0.0605857289748122,
0.141366700941228),.UNSPECIFIED.);
#274=B_SPLINE_CURVE_WITH_KNOTS('',3,(#5990,#5991,#5992,#5993),
 .UNSPECIFIED.,.F.,.F.,(4,4),(2.19835261106027E-14,0.500000000000016),
 .UNSPECIFIED.);
#275=B_SPLINE_CURVE_WITH_KNOTS('',3,(#6021,#6022,#6023,#6024,#6025),
 .UNSPECIFIED.,.F.,.F.,(4,1,4),(2.13162820728034E-14,0.0605862529021079,
0.141367923438223),.UNSPECIFIED.);
#276=B_SPLINE_CURVE_WITH_KNOTS('',3,(#6048,#6049,#6050,#6051),
 .UNSPECIFIED.,.F.,.F.,(4,4),(1.11022302462515E-16,0.0999999999999961),
 .UNSPECIFIED.);
#277=B_SPLINE_CURVE_WITH_KNOTS('',3,(#6079,#6080,#6081,#6082,#6083),
 .UNSPECIFIED.,.F.,.F.,(4,1,4),(0.,0.0605857289748115,0.141366700941227),
 .UNSPECIFIED.);
#278=B_SPLINE_CURVE_WITH_KNOTS('',3,(#6106,#6107,#6108,#6109),
 .UNSPECIFIED.,.F.,.F.,(4,4),(0.,0.49999999999998),.UNSPECIFIED.);
#279=B_SPLINE_CURVE_WITH_KNOTS('',3,(#6135,#6136,#6137,#6138,#6139),
 .UNSPECIFIED.,.F.,.F.,(4,1,4),(0.,0.0807816705360963,0.141367923438169),
 .UNSPECIFIED.);
#280=B_SPLINE_CURVE_WITH_KNOTS('',3,(#6207,#6208,#6209,#6210),
 .UNSPECIFIED.,.F.,.F.,(4,4),(-0.0999999999999959,0.),.UNSPECIFIED.);
#281=B_SPLINE_CURVE_WITH_KNOTS('',3,(#6213,#6214,#6215,#6216),
 .UNSPECIFIED.,.F.,.F.,(4,4),(0.,0.0999999999999959),.UNSPECIFIED.);
#282=B_SPLINE_CURVE_WITH_KNOTS('',3,(#6245,#6246,#6247,#6248,#6249),
 .UNSPECIFIED.,.F.,.F.,(4,1,4),(-0.144357190650158,-0.0618673674214964,
0.),.UNSPECIFIED.);
#283=B_SPLINE_CURVE_WITH_KNOTS('',3,(#6250,#6251,#6252,#6253,#6254),
 .UNSPECIFIED.,.F.,.F.,(4,1,4),(0.,0.0618673674214964,0.144357190650158),
 .UNSPECIFIED.);
#284=B_SPLINE_CURVE_WITH_KNOTS('',3,(#6288,#6289,#6290,#6291,#6292,#6293),
 .UNSPECIFIED.,.F.,.F.,(4,1,1,4),(-0.521021108209487,-0.223294760661209,
-0.111647380330604,0.),.UNSPECIFIED.);
#285=B_SPLINE_CURVE_WITH_KNOTS('',3,(#6294,#6295,#6296,#6297,#6298,#6299),
 .UNSPECIFIED.,.F.,.F.,(4,1,1,4),(0.,0.111647380330604,0.223294760661209,
0.521021108209487),.UNSPECIFIED.);
#286=B_SPLINE_CURVE_WITH_KNOTS('',3,(#6333,#6334,#6335,#6336,#6337,#6338),
 .UNSPECIFIED.,.F.,.F.,(4,1,1,4),(-0.159220172908235,-0.125101564427899,
-0.0909829559475627,0.),.UNSPECIFIED.);
#287=B_SPLINE_CURVE_WITH_KNOTS('',3,(#6339,#6340,#6341,#6342,#6343,#6344),
 .UNSPECIFIED.,.F.,.F.,(4,1,1,4),(0.,0.0909829559475627,0.125101564427899,
0.159220172908235),.UNSPECIFIED.);
#288=B_SPLINE_CURVE_WITH_KNOTS('',3,(#6364,#6365,#6366,#6367),
 .UNSPECIFIED.,.F.,.F.,(4,4),(-0.1,-8.45582391859037E-17),.UNSPECIFIED.);
#289=B_SPLINE_CURVE_WITH_KNOTS('',3,(#6368,#6369,#6370,#6371),
 .UNSPECIFIED.,.F.,.F.,(4,4),(8.45582391859037E-17,0.1),.UNSPECIFIED.);
#290=B_SPLINE_CURVE_WITH_KNOTS('',3,(#6405,#6406,#6407,#6408,#6409,#6410),
 .UNSPECIFIED.,.F.,.F.,(4,1,1,4),(-0.159218685166158,-0.0682365793569249,
-0.0341182896784625,0.),.UNSPECIFIED.);
#291=B_SPLINE_CURVE_WITH_KNOTS('',3,(#6411,#6412,#6413,#6414,#6415,#6416),
 .UNSPECIFIED.,.F.,.F.,(4,1,1,4),(0.,0.0341182896784625,0.0682365793569249,
0.159218685166158),.UNSPECIFIED.);
#292=B_SPLINE_CURVE_WITH_KNOTS('',3,(#6450,#6451,#6452,#6453,#6454,#6455),
 .UNSPECIFIED.,.F.,.F.,(4,1,1,4),(-0.521030351231053,-0.37216453659469,
-0.223298721958328,-3.78364311999334E-12),.UNSPECIFIED.);
#293=B_SPLINE_CURVE_WITH_KNOTS('',3,(#6456,#6457,#6458,#6459,#6460,#6461),
 .UNSPECIFIED.,.F.,.F.,(4,1,1,4),(3.78364311999334E-12,0.223298721958328,
0.37216453659469,0.521030351231053),.UNSPECIFIED.);
#294=B_SPLINE_CURVE_WITH_KNOTS('',3,(#6492,#6493,#6494,#6495,#6496,#6497),
 .UNSPECIFIED.,.F.,.F.,(4,1,1,4),(-0.144356255451765,-0.103111611036977,
-0.0618669666221887,-6.24779096550109E-15),.UNSPECIFIED.);
#295=B_SPLINE_CURVE_WITH_KNOTS('',3,(#6498,#6499,#6500,#6501,#6502,#6503),
 .UNSPECIFIED.,.F.,.F.,(4,1,1,4),(6.24779096550109E-15,0.0618669666221887,
0.103111611036977,0.144356255451765),.UNSPECIFIED.);
#296=B_SPLINE_CURVE_WITH_KNOTS('',3,(#6508,#6509,#6510,#6511,#6512,#6513),
 .UNSPECIFIED.,.F.,.F.,(4,1,1,4),(0.,0.0447826144296856,0.0895652288593713,
0.1567391505039),.UNSPECIFIED.);
#297=B_SPLINE_CURVE_WITH_KNOTS('',3,(#6518,#6519,#6520,#6521),
 .UNSPECIFIED.,.F.,.F.,(4,4),(7.68311186697922E-15,0.526710245086992),
 .UNSPECIFIED.);
#298=B_SPLINE_CURVE_WITH_KNOTS('',3,(#6525,#6526,#6527,#6528,#6529),
 .UNSPECIFIED.,.F.,.F.,(4,1,4),(2.06498957378127E-13,0.0606156656632669,
0.141436553214014),.UNSPECIFIED.);
#299=B_SPLINE_CURVE_WITH_KNOTS('',3,(#6533,#6534,#6535,#6536),
 .UNSPECIFIED.,.F.,.F.,(4,4),(5.98692152710601E-17,0.0999999999999961),
 .UNSPECIFIED.);
#300=B_SPLINE_CURVE_WITH_KNOTS('',5,(#6578,#6579,#6580,#6581,#6582,#6583,
#6584,#6585,#6586,#6587,#6588,#6589,#6590,#6591,#6592,#6593,#6594,#6595,
#6596,#6597),.UNSPECIFIED.,.F.,.F.,(6,1,1,1,1,1,1,1,1,1,1,1,1,1,1,6),(0.0203783413489367,
0.0666666666666667,0.133333333333333,0.2,0.266666666666667,0.333333333333333,
0.4,0.466666666666667,0.533333333333333,0.6,0.666666666666667,0.733333333333333,
0.8,0.866666666666667,0.933333333333333,1.),.UNSPECIFIED.);
#301=B_SPLINE_CURVE_WITH_KNOTS('',3,(#6600,#6601,#6602,#6603,#6604,#6605,
#6606,#6607,#6608,#6609,#6610,#6611,#6612,#6613,#6614,#6615,#6616,#6617,
#6618,#6619,#6620,#6621,#6622,#6623,#6624,#6625,#6626,#6627,#6628,#6629,
#6630,#6631,#6632,#6633,#6634,#6635,#6636,#6637,#6638,#6639,#6640,#6641,
#6642,#6643,#6644,#6645,#6646,#6647,#6648,#6649,#6650,#6651,#6652,#6653,
#6654,#6655,#6656,#6657,#6658,#6659,#6660,#6661,#6662,#6663,#6664,#6665,
#6666,#6667,#6668,#6669,#6670,#6671,#6672,#6673,#6674,#6675,#6676,#6677,
#6678,#6679,#6680,#6681,#6682,#6683,#6684,#6685,#6686,#6687,#6688,#6689,
#6690,#6691,#6692,#6693,#6694,#6695,#6696,#6697,#6698,#6699,#6700,#6701,
#6702,#6703,#6704,#6705),.UNSPECIFIED.,.F.,.F.,(4,3,3,3,3,3,3,3,3,3,3,3,
3,3,3,3,3,3,3,3,3,3,3,3,3,3,3,3,3,3,3,3,3,3,3,4),(-1.,-0.960982531302822,
-0.933333333333333,-0.892074496209378,-0.866666666666667,-0.860061036439375,
-0.819856479179096,-0.8,-0.755112387447696,-0.733333333333333,-0.720155971235888,
-0.682745377356384,-0.666666666666667,-0.631644243286391,-0.6,-0.580195435913138,
-0.550456872477226,-0.533333333333333,-0.494220906452048,-0.466666666666667,
-0.440308223555295,-0.4,-0.347811892362751,-0.333333333333333,-0.300259179371866,
-0.266666666666667,-0.225562689775402,-0.2,-0.167705687080666,-0.160320336407353,
-0.133333333333333,-0.101040887342883,-0.0903264269085858,-0.0666666666666667,
-0.0341904561345447,-0.0203783416971418),.UNSPECIFIED.);
#302=B_SPLINE_CURVE_WITH_KNOTS('',3,(#6708,#6709,#6710,#6711),
 .UNSPECIFIED.,.F.,.F.,(4,4),(-0.1,0.),.UNSPECIFIED.);
#303=B_SPLINE_CURVE_WITH_KNOTS('',3,(#6713,#6714,#6715,#6716,#6717,#6718),
 .UNSPECIFIED.,.F.,.F.,(4,1,1,4),(-0.159218685166158,-0.0682365793569249,
-0.0341182896784624,0.),.UNSPECIFIED.);
#304=B_SPLINE_CURVE_WITH_KNOTS('',3,(#6720,#6721,#6722,#6723,#6724,#6725),
 .UNSPECIFIED.,.F.,.F.,(4,1,1,4),(-0.521030351231047,-0.372164536594686,
-0.223298721958325,-3.78287294937131E-12),.UNSPECIFIED.);
#305=B_SPLINE_CURVE_WITH_KNOTS('',3,(#6727,#6728,#6729,#6730,#6731),
 .UNSPECIFIED.,.F.,.F.,(4,1,4),(-0.144356255451773,-0.0824892888295865,
-5.08591175097446E-15),.UNSPECIFIED.);
#306=B_SPLINE_CURVE_WITH_KNOTS('',3,(#6733,#6734,#6735,#6736),
 .UNSPECIFIED.,.F.,.F.,(4,4),(-0.0999999999999959,0.),.UNSPECIFIED.);
#307=B_SPLINE_CURVE_WITH_KNOTS('',3,(#6738,#6739,#6740,#6741,#6742,#6743),
 .UNSPECIFIED.,.F.,.F.,(4,1,1,4),(-0.144357190650151,-0.0824898232286578,
-0.0412449116143289,-2.62112569186691E-17),.UNSPECIFIED.);
#308=B_SPLINE_CURVE_WITH_KNOTS('',3,(#6745,#6746,#6747,#6748,#6749,#6750),
 .UNSPECIFIED.,.F.,.F.,(4,1,1,4),(-0.52102110820949,-0.22329476066121,-0.111647380330605,
0.),.UNSPECIFIED.);
#309=B_SPLINE_CURVE_WITH_KNOTS('',3,(#6751,#6752,#6753,#6754,#6755,#6756),
 .UNSPECIFIED.,.F.,.F.,(4,1,1,4),(-0.15922017290824,-0.125101564427903,
-0.0909829559475656,0.),.UNSPECIFIED.);
#310=B_SPLINE_CURVE_WITH_KNOTS('',3,(#6784,#6785,#6786,#6787),
 .UNSPECIFIED.,.F.,.F.,(4,4),(-0.1,0.),.UNSPECIFIED.);
#311=B_SPLINE_CURVE_WITH_KNOTS('',3,(#6790,#6791,#6792,#6793),
 .UNSPECIFIED.,.F.,.F.,(4,4),(0.,0.1),.UNSPECIFIED.);
#312=B_SPLINE_CURVE_WITH_KNOTS('',3,(#6832,#6833,#6834,#6835,#6836,#6837),
 .UNSPECIFIED.,.F.,.F.,(4,1,1,4),(-0.1567391505039,-0.0895652288593713,
-0.0447826144296856,0.),.UNSPECIFIED.);
#313=B_SPLINE_CURVE_WITH_KNOTS('',3,(#6860,#6861,#6862,#6863),
 .UNSPECIFIED.,.F.,.F.,(4,4),(-0.526710245086992,-7.68311186697922E-15),
 .UNSPECIFIED.);
#314=B_SPLINE_CURVE_WITH_KNOTS('',3,(#6891,#6892,#6893,#6894,#6895),
 .UNSPECIFIED.,.F.,.F.,(4,1,4),(-0.141436553214014,-0.0606156656632669,
-2.06498957378127E-13),.UNSPECIFIED.);
#315=B_SPLINE_CURVE_WITH_KNOTS('',3,(#6918,#6919,#6920,#6921),
 .UNSPECIFIED.,.F.,.F.,(4,4),(-0.0999999999999961,-5.98692152710601E-17),
 .UNSPECIFIED.);
#316=B_SPLINE_CURVE_WITH_KNOTS('',3,(#6950,#6951,#6952,#6953,#6954),
 .UNSPECIFIED.,.F.,.F.,(4,1,4),(-0.141436991402039,-0.0606158534580166,
0.),.UNSPECIFIED.);
#317=B_SPLINE_CURVE_WITH_KNOTS('',3,(#6955,#6956,#6957,#6958,#6959),
 .UNSPECIFIED.,.F.,.F.,(4,1,4),(0.,0.0606158534580166,0.141436991402039),
 .UNSPECIFIED.);
#318=B_SPLINE_CURVE_WITH_KNOTS('',3,(#6983,#6984,#6985,#6986),
 .UNSPECIFIED.,.F.,.F.,(4,4),(-0.52671024508699,0.),.UNSPECIFIED.);
#319=B_SPLINE_CURVE_WITH_KNOTS('',3,(#6987,#6988,#6989,#6990),
 .UNSPECIFIED.,.F.,.F.,(4,4),(0.,0.52671024508699),.UNSPECIFIED.);
#320=B_SPLINE_CURVE_WITH_KNOTS('',3,(#7033,#7034,#7035,#7036,#7037,#7038,
#7039),.UNSPECIFIED.,.F.,.F.,(4,1,1,1,4),(-0.156741106313036,-0.123153726388814,
-0.0895663464645921,-0.044783173232296,0.),.UNSPECIFIED.);
#321=B_SPLINE_CURVE_WITH_KNOTS('',3,(#7040,#7041,#7042,#7043,#7044,#7045,
#7046),.UNSPECIFIED.,.F.,.F.,(4,1,1,1,4),(0.,0.044783173232296,0.0895663464645921,
0.123153726388814,0.156741106313036),.UNSPECIFIED.);
#322=B_SPLINE_CURVE_WITH_KNOTS('',3,(#7080,#7081,#7082,#7083,#7084,#7085,
#7086,#7087,#7088,#7089,#7090,#7091,#7092),.UNSPECIFIED.,.F.,.F.,(4,2,1,
1,1,1,1,1,1,4),(0.0667973946694299,0.082708001896671,0.105640301849254,
0.128572601801837,0.174437201707004,0.266166401517337,0.449624801138003,
0.633083200758668,0.816541600379334,1.),.UNSPECIFIED.);
#323=B_SPLINE_CURVE_WITH_KNOTS('',3,(#7094,#7095,#7096,#7097,#7098,#7099,
#7100,#7101,#7102,#7103,#7104,#7105,#7106,#7107,#7108,#7109,#7110,#7111,
#7112),.UNSPECIFIED.,.F.,.F.,(4,3,3,3,3,3,4),(0.,0.0406790662341613,0.0795377507377841,
0.0955732525158279,0.135197983699119,0.173887197156559,0.182659863758539),
 .UNSPECIFIED.);
#324=B_SPLINE_CURVE_WITH_KNOTS('',3,(#7116,#7117,#7118,#7119,#7120,#7121,
#7122,#7123,#7124,#7125,#7126,#7127,#7128,#7129,#7130,#7131,#7132,#7133,
#7134),.UNSPECIFIED.,.F.,.F.,(4,3,3,3,3,3,4),(0.000146016180749498,0.0390655125465018,
0.0789132183770965,0.087847938016189,0.126860202072277,0.167606382551465,
0.184096449976725),.UNSPECIFIED.);
#325=B_SPLINE_CURVE_WITH_KNOTS('',3,(#7135,#7136,#7137,#7138,#7139,#7140,
#7141,#7142,#7143,#7144,#7145),.UNSPECIFIED.,.F.,.F.,(4,1,1,1,1,1,2,4),
(-1.,-0.816541600379334,-0.633083200758668,-0.449624801138002,-0.266166401517336,
-0.174437201707003,-0.08270800189667,-0.0667973997281416),.UNSPECIFIED.);
#326=B_SPLINE_CURVE_WITH_KNOTS('',3,(#7148,#7149,#7150,#7151),
 .UNSPECIFIED.,.F.,.F.,(4,4),(-0.1,0.),.UNSPECIFIED.);
#327=B_SPLINE_CURVE_WITH_KNOTS('',3,(#7153,#7154,#7155,#7156,#7157,#7158),
 .UNSPECIFIED.,.F.,.F.,(4,1,1,4),(-0.1567391505039,-0.0895652288593716,
-0.0447826144296858,-5.53857998469457E-17),.UNSPECIFIED.);
#328=B_SPLINE_CURVE_WITH_KNOTS('',3,(#7160,#7161,#7162,#7163),
 .UNSPECIFIED.,.F.,.F.,(4,4),(-0.526710245086995,-6.70474251073529E-15),
 .UNSPECIFIED.);
#329=B_SPLINE_CURVE_WITH_KNOTS('',3,(#7165,#7166,#7167,#7168,#7169),
 .UNSPECIFIED.,.F.,.F.,(4,1,4),(-0.141436553214005,-0.060615665663262,-2.050074761929E-13),
 .UNSPECIFIED.);
#330=B_SPLINE_CURVE_WITH_KNOTS('',3,(#7171,#7172,#7173,#7174),
 .UNSPECIFIED.,.F.,.F.,(4,4),(-0.0999999999999958,0.),.UNSPECIFIED.);
#331=B_SPLINE_CURVE_WITH_KNOTS('',3,(#7176,#7177,#7178,#7179,#7180),
 .UNSPECIFIED.,.F.,.F.,(4,1,4),(-0.141436991402048,-0.0606158534580205,
0.),.UNSPECIFIED.);
#332=B_SPLINE_CURVE_WITH_KNOTS('',3,(#7182,#7183,#7184,#7185),
 .UNSPECIFIED.,.F.,.F.,(4,4),(-0.526710245086985,0.),.UNSPECIFIED.);
#333=B_SPLINE_CURVE_WITH_KNOTS('',3,(#7186,#7187,#7188,#7189,#7190,#7191),
 .UNSPECIFIED.,.F.,.F.,(4,1,1,4),(-0.156741106313039,-0.111957933080742,
-0.0671747598484451,0.),.UNSPECIFIED.);
#334=B_SPLINE_CURVE_WITH_KNOTS('',3,(#7220,#7221,#7222,#7223),
 .UNSPECIFIED.,.F.,.F.,(4,4),(0.,0.1),.UNSPECIFIED.);
#335=B_SPLINE_CURVE_WITH_KNOTS('',3,(#7262,#7263,#7264,#7265,#7266,#7267),
 .UNSPECIFIED.,.F.,.F.,(4,1,1,4),(5.53857998469457E-17,0.0447826144296858,
0.0895652288593716,0.1567391505039),.UNSPECIFIED.);
#336=B_SPLINE_CURVE_WITH_KNOTS('',3,(#7290,#7291,#7292,#7293),
 .UNSPECIFIED.,.F.,.F.,(4,4),(6.70474251073529E-15,0.526710245086995),
 .UNSPECIFIED.);
#337=B_SPLINE_CURVE_WITH_KNOTS('',3,(#7321,#7322,#7323,#7324,#7325),
 .UNSPECIFIED.,.F.,.F.,(4,1,4),(2.050074761929E-13,0.060615665663262,0.141436553214005),
 .UNSPECIFIED.);
#338=B_SPLINE_CURVE_WITH_KNOTS('',3,(#7348,#7349,#7350,#7351),
 .UNSPECIFIED.,.F.,.F.,(4,4),(0.,0.0999999999999958),.UNSPECIFIED.);
#339=B_SPLINE_CURVE_WITH_KNOTS('',3,(#7379,#7380,#7381,#7382,#7383),
 .UNSPECIFIED.,.F.,.F.,(4,1,4),(0.,0.0606158534580205,0.141436991402048),
 .UNSPECIFIED.);
#340=B_SPLINE_CURVE_WITH_KNOTS('',3,(#7406,#7407,#7408,#7409),
 .UNSPECIFIED.,.F.,.F.,(4,4),(0.,0.526710245086985),.UNSPECIFIED.);
#341=B_SPLINE_CURVE_WITH_KNOTS('',3,(#7446,#7447,#7448,#7449,#7450,#7451),
 .UNSPECIFIED.,.F.,.F.,(4,1,1,4),(0.,0.0671747598484451,0.111957933080742,
0.156741106313039),.UNSPECIFIED.);
#342=B_SPLINE_CURVE_WITH_KNOTS('',3,(#7456,#7457,#7458,#7459,#7460,#7461),
 .UNSPECIFIED.,.F.,.F.,(4,1,1,4),(2.62112569186691E-17,0.0412449116143289,
0.0824898232286578,0.144357190650151),.UNSPECIFIED.);
#343=B_SPLINE_CURVE_WITH_KNOTS('',3,(#7466,#7467,#7468,#7469,#7470,#7471),
 .UNSPECIFIED.,.F.,.F.,(4,1,1,4),(0.,0.111647380330605,0.22329476066121,
0.52102110820949),.UNSPECIFIED.);
#344=B_SPLINE_CURVE_WITH_KNOTS('',3,(#7475,#7476,#7477,#7478,#7479,#7480),
 .UNSPECIFIED.,.F.,.F.,(4,1,1,4),(0.,0.0909829559475656,0.125101564427903,
0.15922017290824),.UNSPECIFIED.);
#345=B_SPLINE_CURVE_WITH_KNOTS('',3,(#7484,#7485,#7486,#7487),
 .UNSPECIFIED.,.F.,.F.,(4,4),(0.,0.1),.UNSPECIFIED.);
#346=B_SPLINE_CURVE_WITH_KNOTS('',3,(#7538,#7539,#7540,#7541,#7542,#7543),
 .UNSPECIFIED.,.F.,.F.,(4,1,1,4),(0.,0.0341182896784624,0.0682365793569249,
0.159218685166158),.UNSPECIFIED.);
#347=B_SPLINE_CURVE_WITH_KNOTS('',3,(#7576,#7577,#7578,#7579,#7580,#7581),
 .UNSPECIFIED.,.F.,.F.,(4,1,1,4),(3.78287294937131E-12,0.223298721958325,
0.372164536594686,0.521030351231047),.UNSPECIFIED.);
#348=B_SPLINE_CURVE_WITH_KNOTS('',3,(#7609,#7610,#7611,#7612,#7613),
 .UNSPECIFIED.,.F.,.F.,(4,1,4),(5.08591175097446E-15,0.0824892888295865,
0.144356255451773),.UNSPECIFIED.);
#349=B_SPLINE_CURVE_WITH_KNOTS('',3,(#7635,#7636,#7637,#7638),
 .UNSPECIFIED.,.F.,.F.,(4,4),(0.,0.0999999999999959),.UNSPECIFIED.);
#350=B_SPLINE_CURVE_WITH_KNOTS('',3,(#7756,#7757,#7758,#7759,#7760,#7761,
#7762),.UNSPECIFIED.,.F.,.F.,(4,3,4),(-0.490546063624608,-0.245273031812014,
0.),.UNSPECIFIED.);
#351=B_SPLINE_CURVE_WITH_KNOTS('',3,(#7765,#7766,#7767,#7768,#7769,#7770,
#7771),.UNSPECIFIED.,.F.,.F.,(4,3,4),(-0.490546060177465,-0.24527303023919,
0.),.UNSPECIFIED.);
#352=B_SPLINE_CURVE_WITH_KNOTS('',3,(#7869,#7870,#7871,#7872),
 .UNSPECIFIED.,.F.,.F.,(4,4),(-19.4532803901122,-19.4119645793619),
 .UNSPECIFIED.);
#353=B_SPLINE_CURVE_WITH_KNOTS('',3,(#7874,#7875,#7876,#7877,#7878,#7879,
#7880,#7881),.UNSPECIFIED.,.F.,.F.,(4,2,2,4),(-16.1737369652407,-15.4678453419006,
-14.7886325920519,-14.1222869474648),.UNSPECIFIED.);
#354=B_SPLINE_CURVE_WITH_KNOTS('',3,(#7935,#7936,#7937,#7938,#7939,#7940,
#7941,#7942,#7943,#7944,#7945,#7946),.UNSPECIFIED.,.F.,.F.,(4,2,2,2,2,4),
(0.,0.0085741373425047,0.0162453601017417,0.0244700486165396,0.0289771637574093,
0.0333962968231905),.UNSPECIFIED.);
#355=B_SPLINE_CURVE_WITH_KNOTS('',3,(#7949,#7950,#7951,#7952,#7953,#7954,
#7955,#7956,#7957,#7958,#7959,#7960),.UNSPECIFIED.,.F.,.F.,(4,2,2,2,2,4),
(0.,0.0138643254820208,0.0241895200084304,0.0355713308032854,0.0492088334492071,
0.0677322296242449),.UNSPECIFIED.);
#356=B_SPLINE_CURVE_WITH_KNOTS('',3,(#8011,#8012,#8013,#8014,#8015,#8016),
 .UNSPECIFIED.,.F.,.F.,(4,1,1,4),(-0.378620700180743,-0.341566563890421,
-0.32767126278155,-0.313775961672679),.UNSPECIFIED.);
#357=B_SPLINE_CURVE_WITH_KNOTS('',3,(#8019,#8020,#8021,#8022,#8023,#8024),
 .UNSPECIFIED.,.F.,.F.,(4,1,1,4),(0.313775961672679,0.32767126278155,0.341566563890421,
0.378620700180743),.UNSPECIFIED.);
#358=B_SPLINE_CURVE_WITH_KNOTS('',3,(#8044,#8045,#8046,#8047),
 .UNSPECIFIED.,.F.,.F.,(4,4),(-0.0913843661642626,-0.0897923005208029),
 .UNSPECIFIED.);
#359=B_SPLINE_CURVE_WITH_KNOTS('',3,(#8048,#8049,#8050,#8051),
 .UNSPECIFIED.,.F.,.F.,(4,4),(0.0897923005208029,0.0913843661642626),
 .UNSPECIFIED.);
#360=B_SPLINE_CURVE_WITH_KNOTS('',3,(#8083,#8084,#8085,#8086,#8087,#8088,
#8089),.UNSPECIFIED.,.F.,.F.,(4,3,4),(0.,0.0334653926291739,0.0669307967990229),
 .UNSPECIFIED.);
#361=B_SPLINE_CURVE_WITH_KNOTS('',3,(#8119,#8120,#8121,#8122),
 .UNSPECIFIED.,.F.,.F.,(4,4),(0.0540428314393249,0.755441004530104),
 .UNSPECIFIED.);
#362=B_SPLINE_CURVE_WITH_KNOTS('',3,(#8123,#8124,#8125,#8126,#8127,#8128,
#8129,#8130,#8131,#8132,#8133,#8134,#8135,#8136,#8137,#8138,#8139,#8140,
#8141,#8142,#8143,#8144),.UNSPECIFIED.,.F.,.F.,(4,3,3,3,3,3,3,4),(-0.755441004530104,
-0.647600839843815,-0.539821992762647,-0.432359384731483,-0.325962517423743,
-0.220456847285718,-0.116770158151572,-0.0334482006577866),
 .UNSPECIFIED.);
#363=B_SPLINE_CURVE_WITH_KNOTS('',3,(#8161,#8162,#8163,#8164,#8165,#8166,
#8167),.UNSPECIFIED.,.F.,.F.,(4,3,4),(-0.015421874402206,-0.00759673675299557,
0.),.UNSPECIFIED.);
#364=B_SPLINE_CURVE_WITH_KNOTS('',3,(#8168,#8169,#8170,#8171,#8172,#8173),
 .UNSPECIFIED.,.F.,.F.,(4,2,4),(0.,0.00390643816326925,0.00781308147812425),
 .UNSPECIFIED.);
#365=B_SPLINE_CURVE_WITH_KNOTS('',3,(#8231,#8232,#8233,#8234,#8235,#8236),
 .UNSPECIFIED.,.F.,.F.,(4,2,4),(4.03010327995087E-5,0.0299803121246784,
0.0598854498178523),.UNSPECIFIED.);
#366=B_SPLINE_CURVE_WITH_KNOTS('',3,(#8237,#8238,#8239,#8240,#8241,#8242,
#8243,#8244),.UNSPECIFIED.,.F.,.F.,(4,2,2,4),(0.00833183720566003,0.0191656476015841,
0.0520980427666496,0.207993940105479),.UNSPECIFIED.);
#367=B_SPLINE_CURVE_WITH_KNOTS('',3,(#8245,#8246,#8247,#8248,#8249,#8250,
#8251,#8252,#8253,#8254),.UNSPECIFIED.,.F.,.F.,(4,3,3,4),(0.,0.078367956169101,
0.155754101924028,0.156970011782117),.UNSPECIFIED.);
#368=B_SPLINE_CURVE_WITH_KNOTS('',3,(#8276,#8277,#8278,#8279,#8280,#8281,
#8282,#8283,#8284,#8285,#8286,#8287,#8288),.UNSPECIFIED.,.F.,.F.,(4,3,3,
3,4),(-0.0737306666690034,-0.0474528265199093,-0.0367532468345551,-0.0054519544050114,
-1.77414242563333E-5),.UNSPECIFIED.);
#369=B_SPLINE_CURVE_WITH_KNOTS('',3,(#8290,#8291,#8292,#8293,#8294,#8295),
 .UNSPECIFIED.,.F.,.F.,(4,2,4),(0.,0.0766034783696196,0.153961818933699),
 .UNSPECIFIED.);
#370=B_SPLINE_CURVE_WITH_KNOTS('',3,(#8297,#8298,#8299,#8300,#8301,#8302,
#8303,#8304,#8305,#8306,#8307,#8308,#8309,#8310),.UNSPECIFIED.,.F.,.F.,
(4,2,2,2,2,2,4),(0.,0.0670846098862581,0.128059559091318,0.207287199343618,
0.293967408636471,0.387329591444569,0.456927877636529),.UNSPECIFIED.);
#371=B_SPLINE_CURVE_WITH_KNOTS('',3,(#8312,#8313,#8314,#8315,#8316,#8317,
#8318,#8319,#8320,#8321,#8322,#8323,#8324,#8325,#8326,#8327,#8328,#8329,
#8330),.UNSPECIFIED.,.F.,.F.,(4,3,3,3,3,3,4),(-0.29159238803747,-0.234227415671415,
-0.185957885450938,-0.140418060937719,-0.0969501932479199,-0.0557653204751445,
-0.0458277163614762),.UNSPECIFIED.);
#372=B_SPLINE_CURVE_WITH_KNOTS('',3,(#8331,#8332,#8333,#8334,#8335,#8336,
#8337,#8338),.UNSPECIFIED.,.F.,.F.,(4,2,2,4),(0.,0.0782495639256394,0.117982966342889,
0.156052583605419),.UNSPECIFIED.);
#373=B_SPLINE_CURVE_WITH_KNOTS('',3,(#8357,#8358,#8359,#8360,#8361,#8362),
 .UNSPECIFIED.,.F.,.F.,(4,2,4),(8.37987753900067E-11,0.02200698214658,0.0439941108084442),
 .UNSPECIFIED.);
#374=B_SPLINE_CURVE_WITH_KNOTS('',3,(#8363,#8364,#8365,#8366,#8367,#8368),
 .UNSPECIFIED.,.F.,.F.,(4,2,4),(-0.22112227067595,-0.110919106394159,-3.24762462111303E-6),
 .UNSPECIFIED.);
#375=B_SPLINE_CURVE_WITH_KNOTS('',3,(#8372,#8373,#8374,#8375,#8376,#8377,
#8378,#8379),.UNSPECIFIED.,.F.,.F.,(4,2,2,4),(-0.118714719099727,-0.0539726223167238,
-0.0218637330286328,-3.84110831183615E-7),.UNSPECIFIED.);
#376=B_SPLINE_CURVE_WITH_KNOTS('',3,(#8380,#8381,#8382,#8383,#8384,#8385,
#8386,#8387,#8388,#8389,#8390,#8391,#8392,#8393,#8394,#8395,#8396,#8397,
#8398,#8399,#8400,#8401),.UNSPECIFIED.,.F.,.F.,(4,3,3,3,3,3,3,4),(0.,0.0507899899330623,
0.0982324978886067,0.119022734281249,0.151387647694216,0.18279034165762,
0.212458440876917,0.228144734101441),.UNSPECIFIED.);
#377=B_SPLINE_CURVE_WITH_KNOTS('',3,(#8468,#8469,#8470,#8471,#8472,#8473,
#8474,#8475,#8476,#8477),.UNSPECIFIED.,.F.,.F.,(4,2,2,2,4),(9.99145562499692E-7,
0.00347108528717421,0.00664225061662051,0.00970365833408722,0.0129472962173895),
 .UNSPECIFIED.);
#378=B_SPLINE_CURVE_WITH_KNOTS('',5,(#8478,#8479,#8480,#8481,#8482,#8483,
#8484,#8485,#8486,#8487,#8488,#8489,#8490,#8491,#8492,#8493,#8494,#8495,
#8496,#8497),.UNSPECIFIED.,.F.,.F.,(6,1,1,1,1,1,1,1,1,1,1,1,1,1,1,6),(0.0203783413489367,
0.0666666666666667,0.133333333333333,0.2,0.266666666666667,0.333333333333333,
0.4,0.466666666666667,0.533333333333333,0.6,0.666666666666667,0.733333333333333,
0.8,0.866666666666667,0.933333333333333,1.),.UNSPECIFIED.);
#379=B_SPLINE_CURVE_WITH_KNOTS('',3,(#8500,#8501,#8502,#8503,#8504,#8505,
#8506,#8507,#8508,#8509,#8510,#8511,#8512,#8513),.UNSPECIFIED.,.F.,.F.,
(4,1,1,1,1,1,1,1,3,4),(-1.,-0.860054048764134,-0.720108097528268,-0.580162146292402,
-0.440216195056535,-0.300270243820669,-0.160324292584803,-0.125337804775836,
-0.0203783413489367,0.0375967469758794),.UNSPECIFIED.);
#380=B_SPLINE_CURVE_WITH_KNOTS('',3,(#8515,#8516,#8517,#8518,#8519,#8520,
#8521),.UNSPECIFIED.,.F.,.F.,(4,3,4),(1.31667784757749E-5,0.0111701744854454,
0.0223831128065271),.UNSPECIFIED.);
#381=B_SPLINE_CURVE_WITH_KNOTS('',3,(#8522,#8523,#8524,#8525,#8526,#8527,
#8528,#8529,#8530,#8531,#8532,#8533,#8534,#8535,#8536,#8537,#8538,#8539,
#8540),.UNSPECIFIED.,.F.,.F.,(4,3,3,3,3,3,4),(7.16884395625864E-10,0.00528476741317614,
0.00905299748093494,0.0127265341271597,0.0155712902852615,0.0186417066945238,
0.0204751566169188),.UNSPECIFIED.);
#382=B_SPLINE_CURVE_WITH_KNOTS('',3,(#8611,#8612,#8613,#8614,#8615,#8616),
 .UNSPECIFIED.,.F.,.F.,(4,2,4),(-0.0439941099136752,-0.0220069860298514,
-8.3800272276946E-11),.UNSPECIFIED.);
#383=B_SPLINE_CURVE_WITH_KNOTS('',3,(#8617,#8618,#8619,#8620,#8621,#8622,
#8623,#8624,#8625,#8626,#8627,#8628,#8629,#8630),.UNSPECIFIED.,.F.,.F.,
(4,3,1,1,1,1,1,1,1,4),(-0.0375967469758734,0.0203783413489367,0.0903513169668698,
0.160324292584803,0.300270243820669,0.440216195056535,0.580162146292401,
0.720108097528268,0.860054048764134,1.),.UNSPECIFIED.);
#384=B_SPLINE_CURVE_WITH_KNOTS('',3,(#8632,#8633,#8634,#8635,#8636,#8637,
#8638,#8639,#8640,#8641),.UNSPECIFIED.,.F.,.F.,(4,2,2,2,4),(-0.0129483537928269,
-0.00969983943693675,-0.00664225146364816,-0.0034710853260358,-1.00021043627015E-6),
 .UNSPECIFIED.);
#385=B_SPLINE_CURVE_WITH_KNOTS('',3,(#8643,#8644,#8645,#8646,#8647,#8648,
#8649,#8650,#8651,#8652,#8653,#8654),.UNSPECIFIED.,.F.,.F.,(4,2,2,2,2,4),
(-0.0208828070889751,-0.0177510625841738,-0.0150551536731529,-0.0102883274338465,
-0.00335348849865709,-1.00309348880575E-6),.UNSPECIFIED.);
#386=B_SPLINE_CURVE_WITH_KNOTS('',3,(#8655,#8656,#8657,#8658,#8659,#8660,
#8661),.UNSPECIFIED.,.F.,.F.,(4,3,4),(-0.0223886589388613,-0.0111949812445393,
-1.31638595837875E-5),.UNSPECIFIED.);
#387=B_SPLINE_CURVE_WITH_KNOTS('',3,(#8679,#8680,#8681,#8682,#8683,#8684,
#8685,#8686,#8687,#8688,#8689,#8690,#8691,#8692,#8693,#8694,#8695,#8696,
#8697,#8698,#8699,#8700),.UNSPECIFIED.,.F.,.F.,(4,3,3,3,3,3,3,4),(-0.220858759697971,
-0.171690786452427,-0.125763390825355,-0.105637106334975,-0.0743057908773281,
-0.0439059656644014,-0.015185339602236,0.),.UNSPECIFIED.);
#388=B_SPLINE_CURVE_WITH_KNOTS('',3,(#8702,#8703,#8704,#8705,#8706,#8707,
#8708,#8709),.UNSPECIFIED.,.F.,.F.,(4,2,2,4),(0.,0.0518576948458248,0.0775765557609354,
0.0950888535204534),.UNSPECIFIED.);
#389=B_SPLINE_CURVE_WITH_KNOTS('',3,(#8713,#8714,#8715,#8716,#8717,#8718,
#8719,#8720,#8721,#8722,#8723,#8724,#8725,#8726,#8727,#8728,#8729,#8730,
#8731),.UNSPECIFIED.,.F.,.F.,(4,3,3,3,3,3,4),(-0.29161805748278,-0.234125072037571,
-0.185729825385413,-0.14011809282576,-0.0966092871008155,-0.0553996324106927,
-0.0458277163614479),.UNSPECIFIED.);
#390=B_SPLINE_CURVE_WITH_KNOTS('',3,(#8732,#8733,#8734,#8735,#8736,#8737),
 .UNSPECIFIED.,.F.,.F.,(4,2,4),(-0.221130265678661,-0.110919098222387,-3.24762461656772E-6),
 .UNSPECIFIED.);
#391=B_SPLINE_CURVE_WITH_KNOTS('',3,(#8755,#8756,#8757,#8758,#8759,#8760,
#8761,#8762,#8763,#8764,#8765,#8766,#8767,#8768,#8769,#8770),
 .UNSPECIFIED.,.F.,.F.,(4,3,3,3,3,4),(0.,0.0119719202107429,0.0210905681699734,
0.0324240716411337,0.0409099140242919,0.0437567818483274),.UNSPECIFIED.);
#392=B_SPLINE_CURVE_WITH_KNOTS('',3,(#8771,#8772,#8773,#8774,#8775,#8776,
#8777,#8778),.UNSPECIFIED.,.F.,.F.,(4,2,2,4),(0.,0.0685563407141585,0.103660704315473,
0.137549157304583),.UNSPECIFIED.);
#393=B_SPLINE_CURVE_WITH_KNOTS('',3,(#8780,#8781,#8782,#8783,#8784,#8785,
#8786,#8787,#8788,#8789,#8790,#8791,#8792,#8793),.UNSPECIFIED.,.F.,.F.,
(4,2,2,2,2,2,4),(-0.154506460263123,-0.128654961671924,-0.105995808301875,
-0.0762748396525775,-0.0442280460941637,-0.0132907659678572,0.),
 .UNSPECIFIED.);
#394=B_SPLINE_CURVE_WITH_KNOTS('',3,(#8849,#8850,#8851,#8852,#8853,#8854,
#8855,#8856,#8857,#8858,#8859,#8860,#8861),.UNSPECIFIED.,.F.,.F.,(4,1,1,
1,1,1,1,1,2,4),(-1.,-0.816541600379334,-0.633083200758668,-0.449624801138003,
-0.266166401517337,-0.174437201707004,-0.128572601801837,-0.105640301849254,
-0.082708001896671,-0.0586627842487113),.UNSPECIFIED.);
#395=B_SPLINE_CURVE_WITH_KNOTS('',3,(#8865,#8866,#8867,#8868,#8869,#8870,
#8871,#8872,#8873,#8874,#8875,#8876,#8877,#8878,#8879,#8880,#8881,#8882,
#8883),.UNSPECIFIED.,.F.,.F.,(4,3,3,3,3,3,4),(-1.02333498054393,-0.984018766726871,
-0.732064778330625,-0.57915620047948,-0.502731410578277,-0.145184361913071,
0.),.UNSPECIFIED.);
#396=B_SPLINE_CURVE_WITH_KNOTS('',3,(#8884,#8885,#8886,#8887,#8888),
 .UNSPECIFIED.,.F.,.F.,(4,1,4),(2.57127652503184E-15,0.184606830113014,
0.430749270263697),.UNSPECIFIED.);
#397=B_SPLINE_CURVE_WITH_KNOTS('',3,(#8911,#8912,#8913,#8914,#8915),
 .UNSPECIFIED.,.F.,.F.,(4,1,4),(-0.430749270263697,-0.184606830113014,-2.57127652503184E-15),
 .UNSPECIFIED.);
#398=B_SPLINE_CURVE_WITH_KNOTS('',3,(#8918,#8919,#8920,#8921,#8922,#8923),
 .UNSPECIFIED.,.F.,.F.,(4,1,1,4),(-0.31377596167268,-0.299880660563809,
-0.285985359454939,-0.248931223164618),.UNSPECIFIED.);
#399=B_SPLINE_CURVE_WITH_KNOTS('',3,(#8929,#8930,#8931,#8932),
 .UNSPECIFIED.,.F.,.F.,(4,4),(-0.00158551859338838,0.),.UNSPECIFIED.);
#400=B_SPLINE_CURVE_WITH_KNOTS('',3,(#8933,#8934,#8935,#8936),
 .UNSPECIFIED.,.F.,.F.,(4,4),(0.,0.701398173090791),.UNSPECIFIED.);
#401=B_SPLINE_CURVE_WITH_KNOTS('',3,(#8962,#8963,#8964,#8965,#8966,#8967,
#8968,#8969,#8970,#8971,#8972,#8973,#8974,#8975),.UNSPECIFIED.,.F.,.F.,
(4,2,2,2,2,2,4),(0.,0.022361705905316,0.0387946183880958,0.0456885713510175,
0.0526148439701767,0.0651386055486756,0.0825983170733048),.UNSPECIFIED.);
#402=B_SPLINE_CURVE_WITH_KNOTS('',3,(#8976,#8977,#8978,#8979,#8980,#8981,
#8982,#8983,#8984,#8985,#8986,#8987,#8988,#8989,#8990,#8991,#8992,#8993,
#8994,#8995,#8996,#8997),.UNSPECIFIED.,.F.,.F.,(4,3,3,3,3,3,3,4),(-0.721992803872328,
-0.618357985285673,-0.513358825897077,-0.407228176646708,-0.299912312663213,
-0.192235095425026,-0.0843928197820842,0.),.UNSPECIFIED.);
#403=B_SPLINE_CURVE_WITH_KNOTS('',3,(#9007,#9008,#9009,#9010,#9011,#9012,
#9013),.UNSPECIFIED.,.F.,.F.,(4,3,4),(-0.0910117546254124,-0.0790846962792039,
-0.0759282638820383),.UNSPECIFIED.);
#404=B_SPLINE_CURVE_WITH_KNOTS('',3,(#9014,#9015,#9016,#9017,#9018,#9019,
#9020),.UNSPECIFIED.,.F.,.F.,(4,3,4),(0.,0.0334654004148626,0.0669307889829781),
 .UNSPECIFIED.);
#405=B_SPLINE_CURVE_WITH_KNOTS('',3,(#9032,#9033,#9034,#9035,#9036,#9037,
#9038,#9039,#9040,#9041,#9042,#9043,#9044),.UNSPECIFIED.,.F.,.F.,(4,3,3,
3,4),(-0.0739532894367945,-0.0425452170482366,-0.0371573467008868,-0.0107666837673243,
0.),.UNSPECIFIED.);
#406=B_SPLINE_CURVE_WITH_KNOTS('',3,(#9048,#9049,#9050,#9051,#9052,#9053),
 .UNSPECIFIED.,.F.,.F.,(4,2,4),(3.84354629729435E-5,0.0773973148441755,
0.154001730134021),.UNSPECIFIED.);
#407=B_SPLINE_CURVE_WITH_KNOTS('',3,(#9084,#9085,#9086,#9087,#9088,#9089,
#9090,#9091,#9092,#9093,#9094,#9095,#9096,#9097,#9098,#9099),
 .UNSPECIFIED.,.F.,.F.,(4,2,2,2,2,2,2,4),(0.,0.0093418000613845,0.0480498226534621,
0.110554132696043,0.182763535352374,0.237198058569172,0.278503848001104,
0.319168379922201),.UNSPECIFIED.);
#408=B_SPLINE_CURVE_WITH_KNOTS('',3,(#9122,#9123,#9124,#9125,#9126,#9127,
#9128,#9129),.UNSPECIFIED.,.F.,.F.,(4,2,2,4),(-0.0955823229139056,-0.0776630438606979,
-0.0513870325784029,0.),.UNSPECIFIED.);
#409=B_SPLINE_CURVE_WITH_KNOTS('',3,(#9145,#9146,#9147,#9148,#9149,#9150,
#9151),.UNSPECIFIED.,.F.,.F.,(4,3,4),(1.08207739390565E-9,0.0111964391495153,
0.0223820446944227),.UNSPECIFIED.);
#410=B_SPLINE_CURVE_WITH_KNOTS('',3,(#9153,#9154,#9155,#9156,#9157,#9158,
#9159,#9160,#9161,#9162,#9163,#9164,#9165,#9166,#9167,#9168,#9169,#9170,
#9171,#9172,#9173,#9174),.UNSPECIFIED.,.F.,.F.,(4,3,3,3,3,3,3,4),(0.,0.0289451834739937,
0.0589902096973924,0.0904268865517954,0.105513951147914,0.125773493716426,
0.174831510549391,0.220869355956784),.UNSPECIFIED.);
#411=B_SPLINE_CURVE_WITH_KNOTS('',3,(#9177,#9178,#9179,#9180,#9181,#9182,
#9183,#9184,#9185,#9186,#9187,#9188,#9189,#9190,#9191,#9192),
 .UNSPECIFIED.,.F.,.F.,(4,3,3,3,3,4),(-0.0113742652785557,-0.00914966510424901,
-0.00630517889460681,-0.00361520551071827,0.,0.00905327795374716),
 .UNSPECIFIED.);
#412=B_SPLINE_CURVE_WITH_KNOTS('',3,(#9196,#9197,#9198,#9199,#9200,#9201,
#9202,#9203,#9204,#9205),.UNSPECIFIED.,.F.,.F.,(4,2,2,2,4),(1.0004879102034E-6,
0.00405535415208218,0.00791005189186981,0.0118896810871085,0.0162444397214348),
 .UNSPECIFIED.);
#413=B_SPLINE_CURVE_WITH_KNOTS('',5,(#9247,#9248,#9249,#9250,#9251,#9252,
#9253,#9254,#9255,#9256,#9257,#9258,#9259,#9260,#9261,#9262,#9263,#9264,
#9265,#9266),.UNSPECIFIED.,.F.,.F.,(6,1,1,1,1,1,1,1,1,1,1,1,1,1,1,6),(-1.,
-0.933333333333333,-0.866666666666667,-0.8,-0.733333333333333,-0.666666666666667,
-0.6,-0.533333333333333,-0.466666666666667,-0.4,-0.333333333333333,-0.266666666666667,
-0.2,-0.133333333333333,-0.0666666666666667,-0.0203783413489367),
 .UNSPECIFIED.);
#414=B_SPLINE_CURVE_WITH_KNOTS('',3,(#9270,#9271,#9272,#9273,#9274,#9275,
#9276,#9277,#9278,#9279,#9280,#9281,#9282,#9283,#9284,#9285,#9286,#9287,
#9288),.UNSPECIFIED.,.F.,.F.,(4,3,3,3,3,3,4),(7.15492726866573E-10,0.00528476743422122,
0.00905299748103322,0.0127265340404132,0.0155712900664017,0.0186417062685752,
0.0204751566315991),.UNSPECIFIED.);
#415=B_SPLINE_CURVE_WITH_KNOTS('',3,(#9292,#9293,#9294,#9295,#9296,#9297,
#9298,#9299,#9300,#9301),.UNSPECIFIED.,.F.,.F.,(4,2,2,2,4),(-0.0162449319373754,
-0.011890035968649,-0.0079102782433122,-0.00405541503962319,-1.00048796257682E-6),
 .UNSPECIFIED.);
#416=B_SPLINE_CURVE_WITH_KNOTS('',3,(#9315,#9316,#9317,#9318,#9319,#9320,
#9321),.UNSPECIFIED.,.F.,.F.,(4,3,4),(-0.0223820498052225,-0.011219015233375,
-1.07826708862836E-9),.UNSPECIFIED.);
#417=B_SPLINE_CURVE_WITH_KNOTS('',3,(#9323,#9324,#9325,#9326,#9327,#9328,
#9329,#9330,#9331,#9332,#9333,#9334,#9335,#9336,#9337,#9338,#9339,#9340,
#9341,#9342,#9343,#9344),.UNSPECIFIED.,.F.,.F.,(4,3,3,3,3,3,3,4),(-0.228150058365969,
-0.198250730456036,-0.1672153047548,-0.13474235427199,-0.119157962072076,
-0.0982305871564771,-0.0475554296357495,0.),.UNSPECIFIED.);
#418=B_SPLINE_CURVE_WITH_KNOTS('',3,(#9363,#9364,#9365,#9366,#9367,#9368,
#9369,#9370),.UNSPECIFIED.,.F.,.F.,(4,2,2,4),(3.84134824859057E-7,0.0220380917500481,
0.0543531783245393,0.117550609197838),.UNSPECIFIED.);
#419=B_SPLINE_CURVE_WITH_KNOTS('',3,(#9405,#9406,#9407,#9408,#9409,#9410,
#9411,#9412,#9413,#9414,#9415,#9416,#9417,#9418,#9419,#9420),
 .UNSPECIFIED.,.F.,.F.,(4,2,2,2,2,2,2,4),(-0.217759664894382,-0.215923560935973,
-0.202554390394422,-0.182882733279789,-0.134919596055173,-0.0810388885743158,
-0.0402092927378628,0.),.UNSPECIFIED.);
#420=B_SPLINE_CURVE_WITH_KNOTS('',3,(#9425,#9426,#9427,#9428),
 .UNSPECIFIED.,.F.,.F.,(4,4),(-0.956675644719352,-0.915362890269362),
 .UNSPECIFIED.);
#421=B_SPLINE_CURVE_WITH_KNOTS('',3,(#9519,#9520,#9521,#9522,#9523),
 .UNSPECIFIED.,.F.,.F.,(4,1,4),(-0.430749270263696,-0.184606830113013,0.),
 .UNSPECIFIED.);
#422=B_SPLINE_CURVE_WITH_KNOTS('',3,(#9574,#9575,#9576,#9577,#9578,#9579),
 .UNSPECIFIED.,.F.,.F.,(4,1,1,4),(0.248931223164618,0.285985359454939,0.299880660563809,
0.31377596167268),.UNSPECIFIED.);
#423=B_SPLINE_CURVE_WITH_KNOTS('',3,(#9603,#9604,#9605,#9606),
 .UNSPECIFIED.,.F.,.F.,(4,4),(0.,0.00158551859338838),.UNSPECIFIED.);
#424=B_SPLINE_CURVE_WITH_KNOTS('',3,(#9656,#9657,#9658,#9659,#9660,#9661,
#9662,#9663,#9664,#9665,#9666,#9667),.UNSPECIFIED.,.F.,.F.,(4,2,2,2,2,4),
(0.00158551859338825,0.0176594139674996,0.0356764414528948,0.0553610561157673,
0.072990164674551,0.0759281906454672),.UNSPECIFIED.);
#425=B_SPLINE_CURVE_WITH_KNOTS('',3,(#9687,#9688,#9689,#9690,#9691,#9692),
 .UNSPECIFIED.,.F.,.F.,(4,2,4),(0.,0.00390583683773086,0.00781145727173858),
 .UNSPECIFIED.);
#426=B_SPLINE_CURVE_WITH_KNOTS('',3,(#9760,#9761,#9762,#9763,#9764,#9765),
 .UNSPECIFIED.,.F.,.F.,(4,2,4),(0.,0.0298872256859022,0.0598319233525928),
 .UNSPECIFIED.);
#427=B_SPLINE_CURVE_WITH_KNOTS('',3,(#9766,#9767,#9768,#9769,#9770,#9771),
 .UNSPECIFIED.,.F.,.F.,(4,2,4),(0.,0.093847755324262,0.187836244451341),
 .UNSPECIFIED.);
#428=B_SPLINE_CURVE_WITH_KNOTS('',3,(#9793,#9794,#9795,#9796,#9797,#9798,
#9799,#9800),.UNSPECIFIED.,.F.,.F.,(4,2,2,4),(0.,0.0380891239501515,0.0778390370178721,
0.156305198584924),.UNSPECIFIED.);
#429=B_SPLINE_CURVE_WITH_KNOTS('',3,(#9801,#9802,#9803,#9804,#9805,#9806,
#9807,#9808,#9809,#9810,#9811,#9812,#9813,#9814,#9815,#9816,#9817,#9818,
#9819),.UNSPECIFIED.,.F.,.F.,(4,3,3,3,3,3,4),(-0.395325678614224,-0.353903920565708,
-0.310655268799936,-0.263703339021405,-0.213681030613471,-0.156553393724637,
-0.14956100691545),.UNSPECIFIED.);
#430=B_SPLINE_CURVE_WITH_KNOTS('',3,(#9837,#9838,#9839,#9840,#9841,#9842),
 .UNSPECIFIED.,.F.,.F.,(4,2,4),(0.,0.0219856844082579,0.0439912574257759),
 .UNSPECIFIED.);
#431=B_SPLINE_CURVE_WITH_KNOTS('',3,(#9843,#9844,#9845,#9846,#9847,#9848),
 .UNSPECIFIED.,.F.,.F.,(4,2,4),(-0.221120576767279,-0.110216504690721,-8.01109748567393E-6),
 .UNSPECIFIED.);
#432=B_SPLINE_CURVE_WITH_KNOTS('',3,(#9914,#9915,#9916,#9917,#9918,#9919,
#9920,#9921,#9922,#9923,#9924,#9925,#9926,#9927,#9928,#9929,#9930,#9931,
#9932,#9933,#9934,#9935,#9936,#9937,#9938,#9939,#9940,#9941,#9942,#9943,
#9944,#9945,#9946,#9947,#9948,#9949,#9950,#9951,#9952,#9953,#9954,#9955,
#9956,#9957,#9958,#9959,#9960,#9961,#9962,#9963,#9964,#9965,#9966,#9967,
#9968,#9969,#9970,#9971),.UNSPECIFIED.,.F.,.F.,(4,3,3,3,3,3,3,3,3,3,3,3,
3,3,3,3,3,3,3,4),(-0.037596734369196,0.0187983962399404,0.0202677988366243,
0.021457493736032,0.036805202928135,0.0527277151955049,0.0689227207619237,
0.0852988628818864,0.101747302878915,0.118077354847032,0.134236379314874,
0.149997796719513,0.160324292584803,0.300270243820669,0.370243219438602,
0.440216195056535,0.580162146292401,0.720108097528268,0.860054048764134,
1.),.UNSPECIFIED.);
#433=B_SPLINE_CURVE_WITH_KNOTS('',3,(#10042,#10043,#10044,#10045,#10046,
#10047,#10048,#10049,#10050,#10051,#10052,#10053,#10054,#10055),
 .UNSPECIFIED.,.F.,.F.,(4,1,1,1,1,1,1,1,3,4),(-1.,-0.860054048764134,-0.720108097528268,
-0.580162146292401,-0.440216195056535,-0.370243219438602,-0.300270243820669,
-0.160324292584803,-0.0203783413489367,0.0375967343691876),
 .UNSPECIFIED.);
#434=B_SPLINE_CURVE_WITH_KNOTS('',3,(#10056,#10057,#10058,#10059,#10060,
#10061),.UNSPECIFIED.,.F.,.F.,(4,2,4),(-0.0439912578202138,-0.0219856893485424,
0.),.UNSPECIFIED.);
#435=B_SPLINE_CURVE_WITH_KNOTS('',3,(#10079,#10080,#10081,#10082,#10083,
#10084),.UNSPECIFIED.,.F.,.F.,(4,2,4),(-0.221120576767312,-0.110216512864824,
-1.62975059836423E-8),.UNSPECIFIED.);
#436=B_SPLINE_CURVE_WITH_KNOTS('',3,(#10085,#10086,#10087,#10088,#10089,
#10090,#10091,#10092,#10093,#10094,#10095,#10096,#10097,#10098,#10099,#10100,
#10101,#10102,#10103),.UNSPECIFIED.,.F.,.F.,(4,3,3,3,3,3,4),(-0.395325678614242,
-0.353869549056624,-0.310568064553663,-0.263502560797844,-0.213302443733978,
-0.156005874968167,-0.14953533773646),.UNSPECIFIED.);
#437=B_SPLINE_CURVE_WITH_KNOTS('',3,(#10121,#10122,#10123,#10124,#10125,
#10126,#10127,#10128,#10129,#10130,#10131,#10132,#10133,#10134,#10135,#10136),
 .UNSPECIFIED.,.F.,.F.,(4,3,3,3,3,4),(7.73340589741989E-7,0.00878085665868143,
0.0196903361209159,0.0227116372713036,0.0327259003982126,0.0438503718297038),
 .UNSPECIFIED.);
#438=B_SPLINE_CURVE_WITH_KNOTS('',3,(#10137,#10138,#10139,#10140,#10141,
#10142,#10143,#10144),.UNSPECIFIED.,.F.,.F.,(4,2,2,4),(2.1520443296526E-6,
0.0336949418613542,0.0685941483661322,0.1369754915189),.UNSPECIFIED.);
#439=B_SPLINE_CURVE_WITH_KNOTS('',3,(#10190,#10191,#10192,#10193,#10194,
#10195,#10196,#10197,#10198,#10199,#10200),.UNSPECIFIED.,.F.,.F.,(4,2,1,
1,1,1,1,4),(0.0586627342887745,0.08270800189667,0.174437201707003,0.266166401517336,
0.449624801138002,0.633083200758668,0.816541600379334,1.),.UNSPECIFIED.);
#440=B_SPLINE_CURVE_WITH_KNOTS('',3,(#10222,#10223,#10224,#10225,#10226),
 .UNSPECIFIED.,.F.,.F.,(4,1,4),(0.,0.184606830113013,0.430749270263696),
 .UNSPECIFIED.);
#441=TOROIDAL_SURFACE('',#3618,0.899999999999998,0.4);
#442=TOROIDAL_SURFACE('',#3624,0.899999999999994,0.4);
#443=TOROIDAL_SURFACE('',#3630,0.900000000000047,0.4);
#444=TOROIDAL_SURFACE('',#3636,0.899999999999999,0.4);
#445=TOROIDAL_SURFACE('',#3665,0.899999999999998,0.4);
#446=TOROIDAL_SURFACE('',#3670,0.900000000000046,0.4);
#447=TOROIDAL_SURFACE('',#3675,0.899999999999994,0.4);
#448=TOROIDAL_SURFACE('',#3680,0.899999999999999,0.4);
#449=TOROIDAL_SURFACE('',#3714,0.899999999999994,0.4);
#450=TOROIDAL_SURFACE('',#3719,0.899999999999998,0.4);
#451=TOROIDAL_SURFACE('',#3724,0.899999999999999,0.4);
#452=TOROIDAL_SURFACE('',#3730,0.900000000000047,0.4);
#453=TOROIDAL_SURFACE('',#3756,0.900000000000046,0.4);
#454=TOROIDAL_SURFACE('',#3760,0.899999999999998,0.4);
#455=TOROIDAL_SURFACE('',#3764,0.899999999999999,0.4);
#456=TOROIDAL_SURFACE('',#3769,0.899999999999994,0.4);
#457=TOROIDAL_SURFACE('',#3835,29.1666666666667,0.5);
#458=TOROIDAL_SURFACE('',#3850,29.1666666666667,0.5);
#459=FACE_OUTER_BOUND('',#684,.T.);
#460=FACE_OUTER_BOUND('',#685,.T.);
#461=FACE_OUTER_BOUND('',#686,.T.);
#462=FACE_OUTER_BOUND('',#687,.T.);
#463=FACE_OUTER_BOUND('',#688,.T.);
#464=FACE_OUTER_BOUND('',#689,.T.);
#465=FACE_OUTER_BOUND('',#690,.T.);
#466=FACE_OUTER_BOUND('',#691,.T.);
#467=FACE_OUTER_BOUND('',#692,.T.);
#468=FACE_OUTER_BOUND('',#693,.T.);
#469=FACE_OUTER_BOUND('',#694,.T.);
#470=FACE_OUTER_BOUND('',#695,.T.);
#471=FACE_OUTER_BOUND('',#696,.T.);
#472=FACE_OUTER_BOUND('',#699,.T.);
#473=FACE_OUTER_BOUND('',#700,.T.);
#474=FACE_OUTER_BOUND('',#701,.T.);
#475=FACE_OUTER_BOUND('',#702,.T.);
#476=FACE_OUTER_BOUND('',#703,.T.);
#477=FACE_OUTER_BOUND('',#704,.T.);
#478=FACE_OUTER_BOUND('',#705,.T.);
#479=FACE_OUTER_BOUND('',#706,.T.);
#480=FACE_OUTER_BOUND('',#707,.T.);
#481=FACE_OUTER_BOUND('',#708,.T.);
#482=FACE_OUTER_BOUND('',#709,.T.);
#483=FACE_OUTER_BOUND('',#710,.T.);
#484=FACE_OUTER_BOUND('',#711,.T.);
#485=FACE_OUTER_BOUND('',#712,.T.);
#486=FACE_OUTER_BOUND('',#713,.T.);
#487=FACE_OUTER_BOUND('',#714,.T.);
#488=FACE_OUTER_BOUND('',#715,.T.);
#489=FACE_OUTER_BOUND('',#716,.T.);
#490=FACE_OUTER_BOUND('',#717,.T.);
#491=FACE_OUTER_BOUND('',#718,.T.);
#492=FACE_OUTER_BOUND('',#719,.T.);
#493=FACE_OUTER_BOUND('',#720,.T.);
#494=FACE_OUTER_BOUND('',#721,.T.);
#495=FACE_OUTER_BOUND('',#722,.T.);
#496=FACE_OUTER_BOUND('',#723,.T.);
#497=FACE_OUTER_BOUND('',#724,.T.);
#498=FACE_OUTER_BOUND('',#725,.T.);
#499=FACE_OUTER_BOUND('',#726,.T.);
#500=FACE_OUTER_BOUND('',#727,.T.);
#501=FACE_OUTER_BOUND('',#728,.T.);
#502=FACE_OUTER_BOUND('',#729,.T.);
#503=FACE_OUTER_BOUND('',#730,.T.);
#504=FACE_OUTER_BOUND('',#731,.T.);
#505=FACE_OUTER_BOUND('',#732,.T.);
#506=FACE_OUTER_BOUND('',#733,.T.);
#507=FACE_OUTER_BOUND('',#734,.T.);
#508=FACE_OUTER_BOUND('',#735,.T.);
#509=FACE_OUTER_BOUND('',#736,.T.);
#510=FACE_OUTER_BOUND('',#737,.T.);
#511=FACE_OUTER_BOUND('',#738,.T.);
#512=FACE_OUTER_BOUND('',#739,.T.);
#513=FACE_OUTER_BOUND('',#740,.T.);
#514=FACE_OUTER_BOUND('',#741,.T.);
#515=FACE_OUTER_BOUND('',#742,.T.);
#516=FACE_OUTER_BOUND('',#743,.T.);
#517=FACE_OUTER_BOUND('',#744,.T.);
#518=FACE_OUTER_BOUND('',#745,.T.);
#519=FACE_OUTER_BOUND('',#746,.T.);
#520=FACE_OUTER_BOUND('',#749,.T.);
#521=FACE_OUTER_BOUND('',#750,.T.);
#522=FACE_OUTER_BOUND('',#751,.T.);
#523=FACE_OUTER_BOUND('',#752,.T.);
#524=FACE_OUTER_BOUND('',#753,.T.);
#525=FACE_OUTER_BOUND('',#754,.T.);
#526=FACE_OUTER_BOUND('',#755,.T.);
#527=FACE_OUTER_BOUND('',#756,.T.);
#528=FACE_OUTER_BOUND('',#757,.T.);
#529=FACE_OUTER_BOUND('',#758,.T.);
#530=FACE_OUTER_BOUND('',#761,.T.);
#531=FACE_OUTER_BOUND('',#762,.T.);
#532=FACE_OUTER_BOUND('',#763,.T.);
#533=FACE_OUTER_BOUND('',#764,.T.);
#534=FACE_OUTER_BOUND('',#765,.T.);
#535=FACE_OUTER_BOUND('',#766,.T.);
#536=FACE_OUTER_BOUND('',#767,.T.);
#537=FACE_OUTER_BOUND('',#768,.T.);
#538=FACE_OUTER_BOUND('',#769,.T.);
#539=FACE_OUTER_BOUND('',#770,.T.);
#540=FACE_OUTER_BOUND('',#771,.T.);
#541=FACE_OUTER_BOUND('',#772,.T.);
#542=FACE_OUTER_BOUND('',#773,.T.);
#543=FACE_OUTER_BOUND('',#774,.T.);
#544=FACE_OUTER_BOUND('',#775,.T.);
#545=FACE_OUTER_BOUND('',#776,.T.);
#546=FACE_OUTER_BOUND('',#777,.T.);
#547=FACE_OUTER_BOUND('',#778,.T.);
#548=FACE_OUTER_BOUND('',#779,.T.);
#549=FACE_OUTER_BOUND('',#780,.T.);
#550=FACE_OUTER_BOUND('',#781,.T.);
#551=FACE_OUTER_BOUND('',#782,.T.);
#552=FACE_OUTER_BOUND('',#783,.T.);
#553=FACE_OUTER_BOUND('',#784,.T.);
#554=FACE_OUTER_BOUND('',#785,.T.);
#555=FACE_OUTER_BOUND('',#786,.T.);
#556=FACE_OUTER_BOUND('',#787,.T.);
#557=FACE_OUTER_BOUND('',#788,.T.);
#558=FACE_OUTER_BOUND('',#789,.T.);
#559=FACE_OUTER_BOUND('',#790,.T.);
#560=FACE_OUTER_BOUND('',#791,.T.);
#561=FACE_OUTER_BOUND('',#792,.T.);
#562=FACE_OUTER_BOUND('',#793,.T.);
#563=FACE_OUTER_BOUND('',#794,.T.);
#564=FACE_OUTER_BOUND('',#797,.T.);
#565=FACE_OUTER_BOUND('',#798,.T.);
#566=FACE_OUTER_BOUND('',#799,.T.);
#567=FACE_OUTER_BOUND('',#800,.T.);
#568=FACE_OUTER_BOUND('',#801,.T.);
#569=FACE_OUTER_BOUND('',#802,.T.);
#570=FACE_OUTER_BOUND('',#803,.T.);
#571=FACE_OUTER_BOUND('',#804,.T.);
#572=FACE_OUTER_BOUND('',#805,.T.);
#573=FACE_OUTER_BOUND('',#806,.T.);
#574=FACE_OUTER_BOUND('',#809,.T.);
#575=FACE_OUTER_BOUND('',#810,.T.);
#576=FACE_OUTER_BOUND('',#811,.T.);
#577=FACE_OUTER_BOUND('',#812,.T.);
#578=FACE_OUTER_BOUND('',#813,.T.);
#579=FACE_OUTER_BOUND('',#814,.T.);
#580=FACE_OUTER_BOUND('',#815,.T.);
#581=FACE_OUTER_BOUND('',#816,.T.);
#582=FACE_OUTER_BOUND('',#817,.T.);
#583=FACE_OUTER_BOUND('',#818,.T.);
#584=FACE_OUTER_BOUND('',#819,.T.);
#585=FACE_OUTER_BOUND('',#820,.T.);
#586=FACE_OUTER_BOUND('',#821,.T.);
#587=FACE_OUTER_BOUND('',#822,.T.);
#588=FACE_OUTER_BOUND('',#823,.T.);
#589=FACE_OUTER_BOUND('',#824,.T.);
#590=FACE_OUTER_BOUND('',#825,.T.);
#591=FACE_OUTER_BOUND('',#826,.T.);
#592=FACE_OUTER_BOUND('',#827,.T.);
#593=FACE_OUTER_BOUND('',#828,.T.);
#594=FACE_OUTER_BOUND('',#829,.T.);
#595=FACE_OUTER_BOUND('',#830,.T.);
#596=FACE_OUTER_BOUND('',#831,.T.);
#597=FACE_OUTER_BOUND('',#832,.T.);
#598=FACE_OUTER_BOUND('',#833,.T.);
#599=FACE_OUTER_BOUND('',#834,.T.);
#600=FACE_OUTER_BOUND('',#835,.T.);
#601=FACE_OUTER_BOUND('',#836,.T.);
#602=FACE_OUTER_BOUND('',#837,.T.);
#603=FACE_OUTER_BOUND('',#838,.T.);
#604=FACE_OUTER_BOUND('',#839,.T.);
#605=FACE_OUTER_BOUND('',#840,.T.);
#606=FACE_OUTER_BOUND('',#841,.T.);
#607=FACE_OUTER_BOUND('',#842,.T.);
#608=FACE_OUTER_BOUND('',#843,.T.);
#609=FACE_OUTER_BOUND('',#844,.T.);
#610=FACE_OUTER_BOUND('',#845,.T.);
#611=FACE_OUTER_BOUND('',#846,.T.);
#612=FACE_OUTER_BOUND('',#847,.T.);
#613=FACE_OUTER_BOUND('',#848,.T.);
#614=FACE_OUTER_BOUND('',#849,.T.);
#615=FACE_OUTER_BOUND('',#850,.T.);
#616=FACE_OUTER_BOUND('',#851,.T.);
#617=FACE_OUTER_BOUND('',#852,.T.);
#618=FACE_OUTER_BOUND('',#853,.T.);
#619=FACE_OUTER_BOUND('',#854,.T.);
#620=FACE_OUTER_BOUND('',#855,.T.);
#621=FACE_OUTER_BOUND('',#856,.T.);
#622=FACE_OUTER_BOUND('',#857,.T.);
#623=FACE_OUTER_BOUND('',#858,.T.);
#624=FACE_OUTER_BOUND('',#859,.T.);
#625=FACE_OUTER_BOUND('',#860,.T.);
#626=FACE_OUTER_BOUND('',#861,.T.);
#627=FACE_OUTER_BOUND('',#862,.T.);
#628=FACE_OUTER_BOUND('',#863,.T.);
#629=FACE_OUTER_BOUND('',#864,.T.);
#630=FACE_OUTER_BOUND('',#865,.T.);
#631=FACE_OUTER_BOUND('',#866,.T.);
#632=FACE_OUTER_BOUND('',#867,.T.);
#633=FACE_OUTER_BOUND('',#868,.T.);
#634=FACE_OUTER_BOUND('',#869,.T.);
#635=FACE_OUTER_BOUND('',#870,.T.);
#636=FACE_OUTER_BOUND('',#871,.T.);
#637=FACE_OUTER_BOUND('',#872,.T.);
#638=FACE_OUTER_BOUND('',#873,.T.);
#639=FACE_OUTER_BOUND('',#874,.T.);
#640=FACE_OUTER_BOUND('',#875,.T.);
#641=FACE_OUTER_BOUND('',#876,.T.);
#642=FACE_OUTER_BOUND('',#877,.T.);
#643=FACE_OUTER_BOUND('',#878,.T.);
#644=FACE_OUTER_BOUND('',#879,.T.);
#645=FACE_OUTER_BOUND('',#880,.T.);
#646=FACE_OUTER_BOUND('',#881,.T.);
#647=FACE_OUTER_BOUND('',#882,.T.);
#648=FACE_OUTER_BOUND('',#883,.T.);
#649=FACE_OUTER_BOUND('',#884,.T.);
#650=FACE_OUTER_BOUND('',#885,.T.);
#651=FACE_OUTER_BOUND('',#886,.T.);
#652=FACE_OUTER_BOUND('',#887,.T.);
#653=FACE_OUTER_BOUND('',#888,.T.);
#654=FACE_OUTER_BOUND('',#889,.T.);
#655=FACE_OUTER_BOUND('',#890,.T.);
#656=FACE_OUTER_BOUND('',#891,.T.);
#657=FACE_OUTER_BOUND('',#892,.T.);
#658=FACE_OUTER_BOUND('',#893,.T.);
#659=FACE_OUTER_BOUND('',#894,.T.);
#660=FACE_OUTER_BOUND('',#895,.T.);
#661=FACE_OUTER_BOUND('',#896,.T.);
#662=FACE_OUTER_BOUND('',#897,.T.);
#663=FACE_OUTER_BOUND('',#898,.T.);
#664=FACE_OUTER_BOUND('',#899,.T.);
#665=FACE_OUTER_BOUND('',#900,.T.);
#666=FACE_OUTER_BOUND('',#901,.T.);
#667=FACE_OUTER_BOUND('',#902,.T.);
#668=FACE_OUTER_BOUND('',#903,.T.);
#669=FACE_OUTER_BOUND('',#904,.T.);
#670=FACE_OUTER_BOUND('',#905,.T.);
#671=FACE_OUTER_BOUND('',#906,.T.);
#672=FACE_OUTER_BOUND('',#907,.T.);
#673=FACE_OUTER_BOUND('',#908,.T.);
#674=FACE_OUTER_BOUND('',#909,.T.);
#675=FACE_OUTER_BOUND('',#910,.T.);
#676=FACE_OUTER_BOUND('',#911,.T.);
#677=FACE_OUTER_BOUND('',#912,.T.);
#678=FACE_OUTER_BOUND('',#913,.T.);
#679=FACE_OUTER_BOUND('',#914,.T.);
#680=FACE_OUTER_BOUND('',#915,.T.);
#681=FACE_OUTER_BOUND('',#916,.T.);
#682=FACE_OUTER_BOUND('',#917,.T.);
#683=FACE_OUTER_BOUND('',#918,.T.);
#684=EDGE_LOOP('',(#2234,#2235,#2236,#2237));
#685=EDGE_LOOP('',(#2238,#2239,#2240,#2241));
#686=EDGE_LOOP('',(#2242,#2243,#2244,#2245));
#687=EDGE_LOOP('',(#2246,#2247,#2248,#2249));
#688=EDGE_LOOP('',(#2250,#2251,#2252,#2253));
#689=EDGE_LOOP('',(#2254,#2255,#2256,#2257));
#690=EDGE_LOOP('',(#2258,#2259,#2260,#2261));
#691=EDGE_LOOP('',(#2262,#2263,#2264,#2265));
#692=EDGE_LOOP('',(#2266,#2267,#2268,#2269,#2270));
#693=EDGE_LOOP('',(#2271,#2272,#2273,#2274));
#694=EDGE_LOOP('',(#2275,#2276,#2277,#2278));
#695=EDGE_LOOP('',(#2279,#2280,#2281,#2282));
#696=EDGE_LOOP('',(#2283,#2284,#2285,#2286,#2287,#2288));
#697=EDGE_LOOP('',(#2289,#2290,#2291,#2292,#2293,#2294,#2295,#2296));
#698=EDGE_LOOP('',(#2297,#2298,#2299,#2300,#2301,#2302,#2303,#2304));
#699=EDGE_LOOP('',(#2305,#2306,#2307,#2308));
#700=EDGE_LOOP('',(#2309,#2310,#2311,#2312));
#701=EDGE_LOOP('',(#2313,#2314,#2315,#2316));
#702=EDGE_LOOP('',(#2317,#2318,#2319,#2320));
#703=EDGE_LOOP('',(#2321,#2322,#2323,#2324));
#704=EDGE_LOOP('',(#2325,#2326,#2327,#2328));
#705=EDGE_LOOP('',(#2329,#2330,#2331,#2332));
#706=EDGE_LOOP('',(#2333,#2334,#2335,#2336));
#707=EDGE_LOOP('',(#2337,#2338,#2339,#2340));
#708=EDGE_LOOP('',(#2341,#2342,#2343,#2344));
#709=EDGE_LOOP('',(#2345,#2346,#2347,#2348));
#710=EDGE_LOOP('',(#2349,#2350,#2351,#2352,#2353,#2354,#2355,#2356,#2357,
#2358,#2359,#2360,#2361,#2362,#2363,#2364,#2365,#2366,#2367,#2368));
#711=EDGE_LOOP('',(#2369,#2370,#2371,#2372));
#712=EDGE_LOOP('',(#2373,#2374,#2375,#2376));
#713=EDGE_LOOP('',(#2377,#2378,#2379,#2380));
#714=EDGE_LOOP('',(#2381,#2382,#2383,#2384));
#715=EDGE_LOOP('',(#2385,#2386,#2387,#2388));
#716=EDGE_LOOP('',(#2389,#2390,#2391,#2392));
#717=EDGE_LOOP('',(#2393,#2394,#2395,#2396));
#718=EDGE_LOOP('',(#2397,#2398,#2399,#2400));
#719=EDGE_LOOP('',(#2401,#2402,#2403,#2404,#2405));
#720=EDGE_LOOP('',(#2406,#2407,#2408,#2409));
#721=EDGE_LOOP('',(#2410,#2411,#2412,#2413));
#722=EDGE_LOOP('',(#2414,#2415,#2416,#2417));
#723=EDGE_LOOP('',(#2418,#2419,#2420,#2421));
#724=EDGE_LOOP('',(#2422,#2423,#2424,#2425));
#725=EDGE_LOOP('',(#2426,#2427,#2428,#2429));
#726=EDGE_LOOP('',(#2430,#2431,#2432,#2433));
#727=EDGE_LOOP('',(#2434,#2435,#2436,#2437));
#728=EDGE_LOOP('',(#2438,#2439,#2440,#2441));
#729=EDGE_LOOP('',(#2442,#2443,#2444,#2445));
#730=EDGE_LOOP('',(#2446,#2447,#2448,#2449));
#731=EDGE_LOOP('',(#2450,#2451,#2452,#2453));
#732=EDGE_LOOP('',(#2454,#2455,#2456,#2457));
#733=EDGE_LOOP('',(#2458,#2459,#2460,#2461));
#734=EDGE_LOOP('',(#2462,#2463,#2464,#2465));
#735=EDGE_LOOP('',(#2466,#2467,#2468,#2469));
#736=EDGE_LOOP('',(#2470,#2471,#2472,#2473));
#737=EDGE_LOOP('',(#2474,#2475,#2476,#2477));
#738=EDGE_LOOP('',(#2478,#2479,#2480,#2481));
#739=EDGE_LOOP('',(#2482,#2483,#2484,#2485));
#740=EDGE_LOOP('',(#2486,#2487,#2488,#2489));
#741=EDGE_LOOP('',(#2490,#2491,#2492,#2493));
#742=EDGE_LOOP('',(#2494,#2495,#2496,#2497));
#743=EDGE_LOOP('',(#2498,#2499,#2500,#2501));
#744=EDGE_LOOP('',(#2502,#2503,#2504,#2505));
#745=EDGE_LOOP('',(#2506,#2507,#2508,#2509));
#746=EDGE_LOOP('',(#2510,#2511,#2512,#2513,#2514,#2515,#2516,#2517));
#747=EDGE_LOOP('',(#2518,#2519,#2520,#2521,#2522,#2523,#2524,#2525));
#748=EDGE_LOOP('',(#2526,#2527,#2528,#2529,#2530,#2531,#2532,#2533));
#749=EDGE_LOOP('',(#2534,#2535,#2536,#2537));
#750=EDGE_LOOP('',(#2538,#2539,#2540,#2541));
#751=EDGE_LOOP('',(#2542,#2543,#2544,#2545));
#752=EDGE_LOOP('',(#2546,#2547,#2548,#2549));
#753=EDGE_LOOP('',(#2550,#2551,#2552,#2553));
#754=EDGE_LOOP('',(#2554,#2555,#2556,#2557));
#755=EDGE_LOOP('',(#2558,#2559,#2560,#2561));
#756=EDGE_LOOP('',(#2562,#2563,#2564,#2565));
#757=EDGE_LOOP('',(#2566,#2567,#2568,#2569));
#758=EDGE_LOOP('',(#2570,#2571,#2572,#2573));
#759=EDGE_LOOP('',(#2574,#2575,#2576,#2577,#2578,#2579,#2580,#2581));
#760=EDGE_LOOP('',(#2582,#2583,#2584,#2585,#2586,#2587,#2588,#2589));
#761=EDGE_LOOP('',(#2590,#2591,#2592,#2593));
#762=EDGE_LOOP('',(#2594,#2595,#2596,#2597));
#763=EDGE_LOOP('',(#2598,#2599,#2600,#2601));
#764=EDGE_LOOP('',(#2602,#2603,#2604,#2605));
#765=EDGE_LOOP('',(#2606,#2607,#2608,#2609));
#766=EDGE_LOOP('',(#2610,#2611,#2612,#2613));
#767=EDGE_LOOP('',(#2614,#2615,#2616,#2617));
#768=EDGE_LOOP('',(#2618,#2619,#2620,#2621));
#769=EDGE_LOOP('',(#2622,#2623,#2624,#2625));
#770=EDGE_LOOP('',(#2626,#2627,#2628,#2629));
#771=EDGE_LOOP('',(#2630,#2631,#2632,#2633));
#772=EDGE_LOOP('',(#2634,#2635,#2636,#2637));
#773=EDGE_LOOP('',(#2638,#2639,#2640,#2641));
#774=EDGE_LOOP('',(#2642,#2643,#2644,#2645));
#775=EDGE_LOOP('',(#2646,#2647,#2648,#2649));
#776=EDGE_LOOP('',(#2650,#2651,#2652,#2653));
#777=EDGE_LOOP('',(#2654,#2655,#2656,#2657));
#778=EDGE_LOOP('',(#2658,#2659,#2660,#2661));
#779=EDGE_LOOP('',(#2662,#2663,#2664,#2665));
#780=EDGE_LOOP('',(#2666,#2667,#2668,#2669));
#781=EDGE_LOOP('',(#2670,#2671,#2672,#2673));
#782=EDGE_LOOP('',(#2674,#2675,#2676,#2677));
#783=EDGE_LOOP('',(#2678,#2679,#2680,#2681));
#784=EDGE_LOOP('',(#2682,#2683,#2684,#2685));
#785=EDGE_LOOP('',(#2686,#2687,#2688,#2689));
#786=EDGE_LOOP('',(#2690,#2691,#2692,#2693));
#787=EDGE_LOOP('',(#2694,#2695,#2696,#2697));
#788=EDGE_LOOP('',(#2698,#2699,#2700,#2701));
#789=EDGE_LOOP('',(#2702,#2703,#2704,#2705));
#790=EDGE_LOOP('',(#2706,#2707,#2708,#2709));
#791=EDGE_LOOP('',(#2710,#2711,#2712,#2713));
#792=EDGE_LOOP('',(#2714,#2715,#2716,#2717));
#793=EDGE_LOOP('',(#2718,#2719,#2720,#2721));
#794=EDGE_LOOP('',(#2722,#2723,#2724,#2725));
#795=EDGE_LOOP('',(#2726,#2727,#2728,#2729,#2730,#2731,#2732,#2733));
#796=EDGE_LOOP('',(#2734,#2735,#2736,#2737,#2738,#2739,#2740,#2741));
#797=EDGE_LOOP('',(#2742,#2743,#2744,#2745));
#798=EDGE_LOOP('',(#2746,#2747,#2748,#2749));
#799=EDGE_LOOP('',(#2750,#2751,#2752,#2753));
#800=EDGE_LOOP('',(#2754,#2755,#2756,#2757));
#801=EDGE_LOOP('',(#2758,#2759,#2760,#2761));
#802=EDGE_LOOP('',(#2762,#2763,#2764,#2765));
#803=EDGE_LOOP('',(#2766,#2767,#2768,#2769));
#804=EDGE_LOOP('',(#2770,#2771,#2772,#2773));
#805=EDGE_LOOP('',(#2774,#2775,#2776,#2777));
#806=EDGE_LOOP('',(#2778,#2779,#2780,#2781,#2782,#2783));
#807=EDGE_LOOP('',(#2784,#2785,#2786,#2787,#2788,#2789,#2790,#2791));
#808=EDGE_LOOP('',(#2792,#2793,#2794,#2795,#2796,#2797,#2798,#2799));
#809=EDGE_LOOP('',(#2800,#2801,#2802,#2803));
#810=EDGE_LOOP('',(#2804,#2805,#2806,#2807));
#811=EDGE_LOOP('',(#2808,#2809,#2810,#2811));
#812=EDGE_LOOP('',(#2812,#2813,#2814,#2815));
#813=EDGE_LOOP('',(#2816,#2817,#2818,#2819));
#814=EDGE_LOOP('',(#2820,#2821,#2822,#2823));
#815=EDGE_LOOP('',(#2824,#2825,#2826,#2827));
#816=EDGE_LOOP('',(#2828,#2829,#2830,#2831));
#817=EDGE_LOOP('',(#2832,#2833,#2834,#2835));
#818=EDGE_LOOP('',(#2836,#2837,#2838,#2839));
#819=EDGE_LOOP('',(#2840,#2841,#2842,#2843));
#820=EDGE_LOOP('',(#2844,#2845,#2846,#2847));
#821=EDGE_LOOP('',(#2848,#2849,#2850,#2851));
#822=EDGE_LOOP('',(#2852,#2853,#2854,#2855));
#823=EDGE_LOOP('',(#2856,#2857,#2858,#2859));
#824=EDGE_LOOP('',(#2860,#2861,#2862,#2863));
#825=EDGE_LOOP('',(#2864,#2865,#2866,#2867));
#826=EDGE_LOOP('',(#2868,#2869,#2870,#2871));
#827=EDGE_LOOP('',(#2872,#2873,#2874,#2875));
#828=EDGE_LOOP('',(#2876,#2877,#2878,#2879));
#829=EDGE_LOOP('',(#2880,#2881,#2882,#2883));
#830=EDGE_LOOP('',(#2884,#2885,#2886,#2887));
#831=EDGE_LOOP('',(#2888,#2889,#2890,#2891));
#832=EDGE_LOOP('',(#2892,#2893,#2894,#2895));
#833=EDGE_LOOP('',(#2896,#2897,#2898,#2899));
#834=EDGE_LOOP('',(#2900,#2901,#2902,#2903,#2904));
#835=EDGE_LOOP('',(#2905,#2906,#2907,#2908));
#836=EDGE_LOOP('',(#2909,#2910,#2911,#2912));
#837=EDGE_LOOP('',(#2913,#2914,#2915,#2916,#2917));
#838=EDGE_LOOP('',(#2918,#2919,#2920,#2921,#2922,#2923,#2924,#2925,#2926,
#2927,#2928,#2929));
#839=EDGE_LOOP('',(#2930,#2931,#2932,#2933));
#840=EDGE_LOOP('',(#2934,#2935,#2936,#2937));
#841=EDGE_LOOP('',(#2938,#2939,#2940,#2941));
#842=EDGE_LOOP('',(#2942,#2943,#2944,#2945));
#843=EDGE_LOOP('',(#2946,#2947,#2948,#2949));
#844=EDGE_LOOP('',(#2950,#2951,#2952,#2953));
#845=EDGE_LOOP('',(#2954,#2955,#2956,#2957));
#846=EDGE_LOOP('',(#2958,#2959,#2960,#2961));
#847=EDGE_LOOP('',(#2962,#2963,#2964,#2965));
#848=EDGE_LOOP('',(#2966,#2967,#2968,#2969));
#849=EDGE_LOOP('',(#2970,#2971,#2972,#2973,#2974));
#850=EDGE_LOOP('',(#2975,#2976,#2977,#2978));
#851=EDGE_LOOP('',(#2979,#2980,#2981,#2982));
#852=EDGE_LOOP('',(#2983,#2984,#2985,#2986));
#853=EDGE_LOOP('',(#2987,#2988,#2989,#2990));
#854=EDGE_LOOP('',(#2991,#2992,#2993,#2994));
#855=EDGE_LOOP('',(#2995,#2996,#2997,#2998));
#856=EDGE_LOOP('',(#2999,#3000,#3001,#3002));
#857=EDGE_LOOP('',(#3003,#3004,#3005,#3006));
#858=EDGE_LOOP('',(#3007,#3008));
#859=EDGE_LOOP('',(#3009,#3010,#3011,#3012));
#860=EDGE_LOOP('',(#3013,#3014,#3015,#3016));
#861=EDGE_LOOP('',(#3017,#3018,#3019,#3020));
#862=EDGE_LOOP('',(#3021,#3022,#3023,#3024));
#863=EDGE_LOOP('',(#3025,#3026,#3027,#3028));
#864=EDGE_LOOP('',(#3029,#3030,#3031,#3032,#3033,#3034));
#865=EDGE_LOOP('',(#3035,#3036,#3037,#3038,#3039,#3040));
#866=EDGE_LOOP('',(#3041,#3042,#3043,#3044,#3045,#3046,#3047));
#867=EDGE_LOOP('',(#3048,#3049,#3050,#3051));
#868=EDGE_LOOP('',(#3052,#3053,#3054,#3055,#3056,#3057,#3058));
#869=EDGE_LOOP('',(#3059,#3060,#3061,#3062,#3063,#3064));
#870=EDGE_LOOP('',(#3065,#3066,#3067,#3068,#3069,#3070));
#871=EDGE_LOOP('',(#3071,#3072,#3073,#3074));
#872=EDGE_LOOP('',(#3075,#3076,#3077,#3078,#3079,#3080,#3081,#3082,#3083,
#3084,#3085,#3086,#3087,#3088,#3089,#3090,#3091,#3092,#3093,#3094,#3095,
#3096));
#873=EDGE_LOOP('',(#3097,#3098,#3099,#3100));
#874=EDGE_LOOP('',(#3101,#3102,#3103,#3104));
#875=EDGE_LOOP('',(#3105,#3106,#3107,#3108,#3109,#3110,#3111,#3112));
#876=EDGE_LOOP('',(#3113,#3114,#3115,#3116));
#877=EDGE_LOOP('',(#3117,#3118,#3119,#3120,#3121,#3122,#3123,#3124));
#878=EDGE_LOOP('',(#3125,#3126,#3127,#3128,#3129,#3130));
#879=EDGE_LOOP('',(#3131,#3132,#3133,#3134));
#880=EDGE_LOOP('',(#3135,#3136,#3137,#3138));
#881=EDGE_LOOP('',(#3139,#3140,#3141,#3142));
#882=EDGE_LOOP('',(#3143,#3144,#3145,#3146));
#883=EDGE_LOOP('',(#3147,#3148,#3149,#3150,#3151,#3152));
#884=EDGE_LOOP('',(#3153,#3154,#3155,#3156));
#885=EDGE_LOOP('',(#3157,#3158,#3159,#3160));
#886=EDGE_LOOP('',(#3161,#3162,#3163,#3164));
#887=EDGE_LOOP('',(#3165,#3166,#3167,#3168));
#888=EDGE_LOOP('',(#3169,#3170,#3171,#3172));
#889=EDGE_LOOP('',(#3173,#3174,#3175,#3176,#3177,#3178));
#890=EDGE_LOOP('',(#3179,#3180,#3181,#3182));
#891=EDGE_LOOP('',(#3183,#3184,#3185,#3186));
#892=EDGE_LOOP('',(#3187,#3188,#3189,#3190));
#893=EDGE_LOOP('',(#3191,#3192,#3193,#3194));
#894=EDGE_LOOP('',(#3195,#3196,#3197,#3198));
#895=EDGE_LOOP('',(#3199,#3200,#3201,#3202,#3203));
#896=EDGE_LOOP('',(#3204,#3205,#3206,#3207));
#897=EDGE_LOOP('',(#3208,#3209,#3210,#3211));
#898=EDGE_LOOP('',(#3212,#3213,#3214,#3215));
#899=EDGE_LOOP('',(#3216,#3217,#3218,#3219));
#900=EDGE_LOOP('',(#3220,#3221,#3222,#3223));
#901=EDGE_LOOP('',(#3224,#3225,#3226,#3227));
#902=EDGE_LOOP('',(#3228,#3229,#3230,#3231));
#903=EDGE_LOOP('',(#3232,#3233,#3234,#3235));
#904=EDGE_LOOP('',(#3236,#3237,#3238,#3239));
#905=EDGE_LOOP('',(#3240,#3241,#3242,#3243));
#906=EDGE_LOOP('',(#3244,#3245,#3246,#3247));
#907=EDGE_LOOP('',(#3248,#3249,#3250,#3251));
#908=EDGE_LOOP('',(#3252,#3253,#3254,#3255,#3256,#3257));
#909=EDGE_LOOP('',(#3258,#3259,#3260,#3261,#3262,#3263));
#910=EDGE_LOOP('',(#3264,#3265,#3266,#3267,#3268,#3269,#3270));
#911=EDGE_LOOP('',(#3271,#3272,#3273,#3274));
#912=EDGE_LOOP('',(#3275,#3276,#3277,#3278,#3279,#3280,#3281));
#913=EDGE_LOOP('',(#3282,#3283,#3284,#3285,#3286,#3287));
#914=EDGE_LOOP('',(#3288,#3289,#3290,#3291,#3292,#3293));
#915=EDGE_LOOP('',(#3294,#3295,#3296,#3297));
#916=EDGE_LOOP('',(#3298,#3299,#3300,#3301));
#917=EDGE_LOOP('',(#3302,#3303,#3304,#3305,#3306,#3307,#3308,#3309,#3310,
#3311,#3312,#3313,#3314,#3315,#3316,#3317,#3318,#3319,#3320,#3321,#3322,
#3323));
#918=EDGE_LOOP('',(#3324,#3325,#3326,#3327));
#919=LINE('',#4563,#1070);
#920=LINE('',#4566,#1071);
#921=LINE('',#4577,#1072);
#922=LINE('',#4578,#1073);
#923=LINE('',#4589,#1074);
#924=LINE('',#4590,#1075);
#925=LINE('',#4601,#1076);
#926=LINE('',#4602,#1077);
#927=LINE('',#4608,#1078);
#928=LINE('',#4620,#1079);
#929=LINE('',#4623,#1080);
#930=LINE('',#4630,#1081);
#931=LINE('',#4638,#1082);
#932=LINE('',#4646,#1083);
#933=LINE('',#4648,#1084);
#934=LINE('',#4650,#1085);
#935=LINE('',#4664,#1086);
#936=LINE('',#4668,#1087);
#937=LINE('',#4672,#1088);
#938=LINE('',#4676,#1089);
#939=LINE('',#4989,#1090);
#940=LINE('',#4999,#1091);
#941=LINE('',#5039,#1092);
#942=LINE('',#5043,#1093);
#943=LINE('',#5046,#1094);
#944=LINE('',#5051,#1095);
#945=LINE('',#5060,#1096);
#946=LINE('',#5068,#1097);
#947=LINE('',#5076,#1098);
#948=LINE('',#5081,#1099);
#949=LINE('',#5093,#1100);
#950=LINE('',#5096,#1101);
#951=LINE('',#5103,#1102);
#952=LINE('',#5112,#1103);
#953=LINE('',#5395,#1104);
#954=LINE('',#5674,#1105);
#955=LINE('',#5677,#1106);
#956=LINE('',#5680,#1107);
#957=LINE('',#5681,#1108);
#958=LINE('',#5684,#1109);
#959=LINE('',#5688,#1110);
#960=LINE('',#5689,#1111);
#961=LINE('',#5750,#1112);
#962=LINE('',#5784,#1113);
#963=LINE('',#5846,#1114);
#964=LINE('',#5849,#1115);
#965=LINE('',#5857,#1116);
#966=LINE('',#5865,#1117);
#967=LINE('',#5876,#1118);
#968=LINE('',#5877,#1119);
#969=LINE('',#5882,#1120);
#970=LINE('',#5886,#1121);
#971=LINE('',#5888,#1122);
#972=LINE('',#5890,#1123);
#973=LINE('',#5891,#1124);
#974=LINE('',#5894,#1125);
#975=LINE('',#5898,#1126);
#976=LINE('',#5902,#1127);
#977=LINE('',#5906,#1128);
#978=LINE('',#6142,#1129);
#979=LINE('',#6145,#1130);
#980=LINE('',#6148,#1131);
#981=LINE('',#6149,#1132);
#982=LINE('',#6152,#1133);
#983=LINE('',#6156,#1134);
#984=LINE('',#6157,#1135);
#985=LINE('',#6161,#1136);
#986=LINE('',#6178,#1137);
#987=LINE('',#6182,#1138);
#988=LINE('',#6506,#1139);
#989=LINE('',#6514,#1140);
#990=LINE('',#6517,#1141);
#991=LINE('',#6524,#1142);
#992=LINE('',#6532,#1143);
#993=LINE('',#6599,#1144);
#994=LINE('',#7048,#1145);
#995=LINE('',#7114,#1146);
#996=LINE('',#7454,#1147);
#997=LINE('',#7462,#1148);
#998=LINE('',#7465,#1149);
#999=LINE('',#7474,#1150);
#1000=LINE('',#7483,#1151);
#1001=LINE('',#7732,#1152);
#1002=LINE('',#7733,#1153);
#1003=LINE('',#7735,#1154);
#1004=LINE('',#7738,#1155);
#1005=LINE('',#7740,#1156);
#1006=LINE('',#7743,#1157);
#1007=LINE('',#7745,#1158);
#1008=LINE('',#7764,#1159);
#1009=LINE('',#7773,#1160);
#1010=LINE('',#7775,#1161);
#1011=LINE('',#7778,#1162);
#1012=LINE('',#7780,#1163);
#1013=LINE('',#7784,#1164);
#1014=LINE('',#7786,#1165);
#1015=LINE('',#7882,#1166);
#1016=LINE('',#7933,#1167);
#1017=LINE('',#7948,#1168);
#1018=LINE('',#7978,#1169);
#1019=LINE('',#7980,#1170);
#1020=LINE('',#7984,#1171);
#1021=LINE('',#7985,#1172);
#1022=LINE('',#8018,#1173);
#1023=LINE('',#8043,#1174);
#1024=LINE('',#8053,#1175);
#1025=LINE('',#8054,#1176);
#1026=LINE('',#8082,#1177);
#1027=LINE('',#8091,#1178);
#1028=LINE('',#8094,#1179);
#1029=LINE('',#8191,#1180);
#1030=LINE('',#8195,#1181);
#1031=LINE('',#8499,#1182);
#1032=LINE('',#8543,#1183);
#1033=LINE('',#8544,#1184);
#1034=LINE('',#8848,#1185);
#1035=LINE('',#8889,#1186);
#1036=LINE('',#8910,#1187);
#1037=LINE('',#8927,#1188);
#1038=LINE('',#9045,#1189);
#1039=LINE('',#9054,#1190);
#1040=LINE('',#9100,#1191);
#1041=LINE('',#9104,#1192);
#1042=LINE('',#9130,#1193);
#1043=LINE('',#9152,#1194);
#1044=LINE('',#9193,#1195);
#1045=LINE('',#9206,#1196);
#1046=LINE('',#9289,#1197);
#1047=LINE('',#9290,#1198);
#1048=LINE('',#9345,#1199);
#1049=LINE('',#9371,#1200);
#1050=LINE('',#9375,#1201);
#1051=LINE('',#9421,#1202);
#1052=LINE('',#9526,#1203);
#1053=LINE('',#9528,#1204);
#1054=LINE('',#9529,#1205);
#1055=LINE('',#9547,#1206);
#1056=LINE('',#9580,#1207);
#1057=LINE('',#9583,#1208);
#1058=LINE('',#9584,#1209);
#1059=LINE('',#9602,#1210);
#1060=LINE('',#9668,#1211);
#1061=LINE('',#9686,#1212);
#1062=LINE('',#9711,#1213);
#1063=LINE('',#9730,#1214);
#1064=LINE('',#9733,#1215);
#1065=LINE('',#9972,#1216);
#1066=LINE('',#9975,#1217);
#1067=LINE('',#9976,#1218);
#1068=LINE('',#10201,#1219);
#1069=LINE('',#10228,#1220);
#1070=VECTOR('',#3885,10.);
#1071=VECTOR('',#3888,10.);
#1072=VECTOR('',#3901,10.);
#1073=VECTOR('',#3902,10.);
#1074=VECTOR('',#3915,10.);
#1075=VECTOR('',#3916,10.);
#1076=VECTOR('',#3929,10.);
#1077=VECTOR('',#3930,10.);
#1078=VECTOR('',#3939,10.);
#1079=VECTOR('',#3940,10.);
#1080=VECTOR('',#3943,10.);
#1081=VECTOR('',#3946,10.);
#1082=VECTOR('',#3949,10.);
#1083=VECTOR('',#3952,10.);
#1084=VECTOR('',#3953,10.);
#1085=VECTOR('',#3954,10.);
#1086=VECTOR('',#3957,10.);
#1087=VECTOR('',#3960,10.);
#1088=VECTOR('',#3963,10.);
#1089=VECTOR('',#3966,10.);
#1090=VECTOR('',#3991,10.);
#1091=VECTOR('',#3992,10.);
#1092=VECTOR('',#3993,10.);
#1093=VECTOR('',#3996,10.);
#1094=VECTOR('',#3999,10.);
#1095=VECTOR('',#4004,10.);
#1096=VECTOR('',#4017,10.);
#1097=VECTOR('',#4028,10.);
#1098=VECTOR('',#4039,10.);
#1099=VECTOR('',#4046,10.);
#1100=VECTOR('',#4047,10.);
#1101=VECTOR('',#4050,10.);
#1102=VECTOR('',#4053,10.);
#1103=VECTOR('',#4056,10.);
#1104=VECTOR('',#4079,10.);
#1105=VECTOR('',#4098,10.);
#1106=VECTOR('',#4101,10.);
#1107=VECTOR('',#4104,10.);
#1108=VECTOR('',#4105,10.);
#1109=VECTOR('',#4108,10.);
#1110=VECTOR('',#4113,10.);
#1111=VECTOR('',#4114,10.);
#1112=VECTOR('',#4115,10.);
#1113=VECTOR('',#4116,10.);
#1114=VECTOR('',#4121,10.);
#1115=VECTOR('',#4124,10.);
#1116=VECTOR('',#4135,10.);
#1117=VECTOR('',#4146,10.);
#1118=VECTOR('',#4159,10.);
#1119=VECTOR('',#4160,10.);
#1120=VECTOR('',#4169,10.);
#1121=VECTOR('',#4172,10.);
#1122=VECTOR('',#4173,10.);
#1123=VECTOR('',#4174,10.);
#1124=VECTOR('',#4175,10.);
#1125=VECTOR('',#4176,10.);
#1126=VECTOR('',#4179,10.);
#1127=VECTOR('',#4182,10.);
#1128=VECTOR('',#4185,10.);
#1129=VECTOR('',#4206,10.);
#1130=VECTOR('',#4209,10.);
#1131=VECTOR('',#4212,10.);
#1132=VECTOR('',#4213,10.);
#1133=VECTOR('',#4216,10.);
#1134=VECTOR('',#4221,10.);
#1135=VECTOR('',#4222,10.);
#1136=VECTOR('',#4227,10.);
#1137=VECTOR('',#4256,10.);
#1138=VECTOR('',#4263,10.);
#1139=VECTOR('',#4282,10.);
#1140=VECTOR('',#4283,10.);
#1141=VECTOR('',#4286,10.);
#1142=VECTOR('',#4289,10.);
#1143=VECTOR('',#4292,10.);
#1144=VECTOR('',#4293,10.);
#1145=VECTOR('',#4312,10.);
#1146=VECTOR('',#4313,10.);
#1147=VECTOR('',#4332,10.);
#1148=VECTOR('',#4333,10.);
#1149=VECTOR('',#4336,10.);
#1150=VECTOR('',#4339,10.);
#1151=VECTOR('',#4342,10.);
#1152=VECTOR('',#4361,10.);
#1153=VECTOR('',#4362,10.);
#1154=VECTOR('',#4365,10.);
#1155=VECTOR('',#4370,10.);
#1156=VECTOR('',#4373,10.);
#1157=VECTOR('',#4378,10.);
#1158=VECTOR('',#4381,10.);
#1159=VECTOR('',#4384,10.);
#1160=VECTOR('',#4387,10.);
#1161=VECTOR('',#4390,10.);
#1162=VECTOR('',#4395,10.);
#1163=VECTOR('',#4398,10.);
#1164=VECTOR('',#4405,10.);
#1165=VECTOR('',#4408,10.);
#1166=VECTOR('',#4411,10.);
#1167=VECTOR('',#4412,10.);
#1168=VECTOR('',#4413,10.);
#1169=VECTOR('',#4414,10.);
#1170=VECTOR('',#4415,10.);
#1171=VECTOR('',#4420,10.);
#1172=VECTOR('',#4421,10.);
#1173=VECTOR('',#4422,10.);
#1174=VECTOR('',#4423,10.);
#1175=VECTOR('',#4426,10.);
#1176=VECTOR('',#4427,10.);
#1177=VECTOR('',#4438,10.);
#1178=VECTOR('',#4439,10.);
#1179=VECTOR('',#4444,10.);
#1180=VECTOR('',#4445,10.);
#1181=VECTOR('',#4450,10.);
#1182=VECTOR('',#4455,10.);
#1183=VECTOR('',#4458,10.);
#1184=VECTOR('',#4459,10.);
#1185=VECTOR('',#4464,10.);
#1186=VECTOR('',#4467,10.);
#1187=VECTOR('',#4468,10.);
#1188=VECTOR('',#4475,10.);
#1189=VECTOR('',#4478,10.);
#1190=VECTOR('',#4481,10.);
#1191=VECTOR('',#4482,10.);
#1192=VECTOR('',#4487,10.);
#1193=VECTOR('',#4488,10.);
#1194=VECTOR('',#4489,10.);
#1195=VECTOR('',#4492,10.);
#1196=VECTOR('',#4495,10.);
#1197=VECTOR('',#4498,10.);
#1198=VECTOR('',#4499,10.);
#1199=VECTOR('',#4502,10.);
#1200=VECTOR('',#4503,10.);
#1201=VECTOR('',#4508,10.);
#1202=VECTOR('',#4509,10.);
#1203=VECTOR('',#4518,10.);
#1204=VECTOR('',#4519,10.);
#1205=VECTOR('',#4520,10.);
#1206=VECTOR('',#4521,10.);
#1207=VECTOR('',#4524,10.);
#1208=VECTOR('',#4527,10.);
#1209=VECTOR('',#4528,10.);
#1210=VECTOR('',#4529,10.);
#1211=VECTOR('',#4530,10.);
#1212=VECTOR('',#4531,10.);
#1213=VECTOR('',#4534,10.);
#1214=VECTOR('',#4537,10.);
#1215=VECTOR('',#4540,10.);
#1216=VECTOR('',#4543,10.);
#1217=VECTOR('',#4546,10.);
#1218=VECTOR('',#4547,10.);
#1219=VECTOR('',#4548,10.);
#1220=VECTOR('',#4551,10.);
#1221=CIRCLE('',#3616,0.400000000000003);
#1222=CIRCLE('',#3617,0.4);
#1223=CIRCLE('',#3619,0.399999999999999);
#1224=CIRCLE('',#3620,0.899999999999998);
#1225=CIRCLE('',#3621,0.499999999999998);
#1226=CIRCLE('',#3623,0.4);
#1227=CIRCLE('',#3625,0.399999999999991);
#1228=CIRCLE('',#3626,0.899999999999994);
#1229=CIRCLE('',#3627,0.499999999999994);
#1230=CIRCLE('',#3629,0.4);
#1231=CIRCLE('',#3631,0.400000000000001);
#1232=CIRCLE('',#3632,0.900000000000047);
#1233=CIRCLE('',#3633,0.500000000000047);
#1234=CIRCLE('',#3635,0.4);
#1235=CIRCLE('',#3637,0.899999999999999);
#1236=CIRCLE('',#3638,0.499999999999999);
#1237=CIRCLE('',#3644,29.1666666666667);
#1238=CIRCLE('',#3645,0.899999999999998);
#1239=CIRCLE('',#3646,0.900000000000046);
#1240=CIRCLE('',#3647,0.899999999999994);
#1241=CIRCLE('',#3648,0.899999999999999);
#1242=CIRCLE('',#3649,0.4);
#1243=CIRCLE('',#3650,0.39999999999999);
#1244=CIRCLE('',#3651,0.4);
#1245=CIRCLE('',#3652,0.399999999999999);
#1246=CIRCLE('',#3653,0.4);
#1247=CIRCLE('',#3654,0.4);
#1248=CIRCLE('',#3655,0.400000000000009);
#1249=CIRCLE('',#3656,0.4);
#1250=CIRCLE('',#3657,0.4);
#1251=CIRCLE('',#3658,0.4);
#1252=CIRCLE('',#3663,0.400000000000003);
#1253=CIRCLE('',#3664,0.4);
#1254=CIRCLE('',#3666,0.4);
#1255=CIRCLE('',#3667,0.499999999999998);
#1256=CIRCLE('',#3669,0.4);
#1257=CIRCLE('',#3671,0.399999999999991);
#1258=CIRCLE('',#3672,0.500000000000046);
#1259=CIRCLE('',#3674,0.4);
#1260=CIRCLE('',#3676,0.4);
#1261=CIRCLE('',#3677,0.499999999999994);
#1262=CIRCLE('',#3679,0.399999999999999);
#1263=CIRCLE('',#3681,0.499999999999999);
#1264=CIRCLE('',#3686,0.400000000000009);
#1265=CIRCLE('',#3687,0.399999999999992);
#1266=CIRCLE('',#3688,0.4);
#1267=CIRCLE('',#3689,0.399999999999987);
#1268=CIRCLE('',#3690,0.400000000000001);
#1269=CIRCLE('',#3691,0.399999999999999);
#1270=CIRCLE('',#3692,0.399999999999991);
#1271=CIRCLE('',#3693,0.4);
#1272=CIRCLE('',#3694,0.400000000000001);
#1273=CIRCLE('',#3695,0.4);
#1274=CIRCLE('',#3697,0.4);
#1275=CIRCLE('',#3698,0.4);
#1276=CIRCLE('',#3699,0.4);
#1277=CIRCLE('',#3700,0.4);
#1278=CIRCLE('',#3701,0.400000000000005);
#1279=CIRCLE('',#3702,0.399999999999996);
#1280=CIRCLE('',#3703,0.4);
#1281=CIRCLE('',#3704,0.4);
#1282=CIRCLE('',#3706,0.499999999999994);
#1283=CIRCLE('',#3709,0.499999999999998);
#1284=CIRCLE('',#3712,0.4);
#1285=CIRCLE('',#3713,0.4);
#1286=CIRCLE('',#3715,0.4);
#1287=CIRCLE('',#3716,0.899999999999994);
#1288=CIRCLE('',#3718,0.4);
#1289=CIRCLE('',#3720,0.4);
#1290=CIRCLE('',#3721,0.899999999999998);
#1291=CIRCLE('',#3723,0.4);
#1292=CIRCLE('',#3725,0.4);
#1293=CIRCLE('',#3726,0.899999999999999);
#1294=CIRCLE('',#3727,0.499999999999999);
#1295=CIRCLE('',#3729,0.4);
#1296=CIRCLE('',#3731,0.900000000000047);
#1297=CIRCLE('',#3732,0.500000000000047);
#1298=CIRCLE('',#3735,0.900000000000046);
#1299=CIRCLE('',#3736,0.899999999999998);
#1300=CIRCLE('',#3737,0.899999999999999);
#1301=CIRCLE('',#3738,0.899999999999994);
#1302=CIRCLE('',#3739,0.399999999999996);
#1303=CIRCLE('',#3740,0.4);
#1304=CIRCLE('',#3741,0.399999999999999);
#1305=CIRCLE('',#3742,0.400000000000001);
#1306=CIRCLE('',#3743,0.399999999999996);
#1307=CIRCLE('',#3744,0.4);
#1308=CIRCLE('',#3745,0.400000000000001);
#1309=CIRCLE('',#3746,0.4);
#1310=CIRCLE('',#3748,0.500000000000046);
#1311=CIRCLE('',#3751,0.499999999999998);
#1312=CIRCLE('',#3754,0.4);
#1313=CIRCLE('',#3755,0.4);
#1314=CIRCLE('',#3757,0.4);
#1315=CIRCLE('',#3759,0.4);
#1316=CIRCLE('',#3761,0.4);
#1317=CIRCLE('',#3763,0.4);
#1318=CIRCLE('',#3765,0.4);
#1319=CIRCLE('',#3766,0.499999999999999);
#1320=CIRCLE('',#3768,0.399999999999999);
#1321=CIRCLE('',#3770,0.499999999999994);
#1322=CIRCLE('',#3772,0.400000000000002);
#1323=CIRCLE('',#3773,0.4);
#1324=CIRCLE('',#3774,0.4);
#1325=CIRCLE('',#3775,0.400000000000001);
#1326=CIRCLE('',#3776,0.399999999999999);
#1327=CIRCLE('',#3777,0.399999999999999);
#1328=CIRCLE('',#3778,0.400000000000001);
#1329=CIRCLE('',#3779,0.4);
#1330=CIRCLE('',#3784,0.399999999999999);
#1331=CIRCLE('',#3785,0.4);
#1332=CIRCLE('',#3786,0.4);
#1333=CIRCLE('',#3787,0.4);
#1334=CIRCLE('',#3788,0.4);
#1335=CIRCLE('',#3789,0.400000000000001);
#1336=CIRCLE('',#3790,0.4);
#1337=CIRCLE('',#3791,0.400000000000001);
#1338=CIRCLE('',#3793,0.4);
#1339=CIRCLE('',#3794,0.399999999999999);
#1340=CIRCLE('',#3795,0.4);
#1341=CIRCLE('',#3796,0.4);
#1342=CIRCLE('',#3797,0.399999999999999);
#1343=CIRCLE('',#3798,0.399999999999999);
#1344=CIRCLE('',#3799,0.399999999999999);
#1345=CIRCLE('',#3800,0.400000000000001);
#1346=CIRCLE('',#3805,0.399999999999999);
#1347=CIRCLE('',#3806,0.399999999999999);
#1348=CIRCLE('',#3807,0.4);
#1349=CIRCLE('',#3808,0.4);
#1350=CIRCLE('',#3809,0.400000000000001);
#1351=CIRCLE('',#3810,0.399999999999999);
#1352=CIRCLE('',#3811,0.399999999999999);
#1353=CIRCLE('',#3812,0.4);
#1354=CIRCLE('',#3836,0.500000000000001);
#1355=CIRCLE('',#3837,29.1666666666667);
#1356=CIRCLE('',#3838,0.5);
#1357=CIRCLE('',#3839,29.6666666666667);
#1358=CIRCLE('',#3840,14.6999986229812);
#1359=CIRCLE('',#3844,30.3000418639461);
#1360=CIRCLE('',#3848,6.6981508982882);
#1361=CIRCLE('',#3851,29.6666666666667);
#1362=CIRCLE('',#3864,6.69970925171988);
#1363=CIRCLE('',#3869,14.6999986229548);
#1364=CIRCLE('',#3872,30.3000418639419);
#1365=VERTEX_POINT('',#4559);
#1366=VERTEX_POINT('',#4560);
#1367=VERTEX_POINT('',#4562);
#1368=VERTEX_POINT('',#4564);
#1369=VERTEX_POINT('',#4568);
#1370=VERTEX_POINT('',#4569);
#1371=VERTEX_POINT('',#4574);
#1372=VERTEX_POINT('',#4575);
#1373=VERTEX_POINT('',#4580);
#1374=VERTEX_POINT('',#4581);
#1375=VERTEX_POINT('',#4586);
#1376=VERTEX_POINT('',#4587);
#1377=VERTEX_POINT('',#4592);
#1378=VERTEX_POINT('',#4593);
#1379=VERTEX_POINT('',#4598);
#1380=VERTEX_POINT('',#4599);
#1381=VERTEX_POINT('',#4607);
#1382=VERTEX_POINT('',#4609);
#1383=VERTEX_POINT('',#4614);
#1384=VERTEX_POINT('',#4622);
#1385=VERTEX_POINT('',#4629);
#1386=VERTEX_POINT('',#4637);
#1387=VERTEX_POINT('',#4644);
#1388=VERTEX_POINT('',#4645);
#1389=VERTEX_POINT('',#4647);
#1390=VERTEX_POINT('',#4649);
#1391=VERTEX_POINT('',#4651);
#1392=VERTEX_POINT('',#4656);
#1393=VERTEX_POINT('',#4662);
#1394=VERTEX_POINT('',#4663);
#1395=VERTEX_POINT('',#4665);
#1396=VERTEX_POINT('',#4667);
#1397=VERTEX_POINT('',#4669);
#1398=VERTEX_POINT('',#4671);
#1399=VERTEX_POINT('',#4673);
#1400=VERTEX_POINT('',#4675);
#1401=VERTEX_POINT('',#4703);
#1402=VERTEX_POINT('',#4704);
#1403=VERTEX_POINT('',#4706);
#1404=VERTEX_POINT('',#4712);
#1405=VERTEX_POINT('',#4739);
#1406=VERTEX_POINT('',#4774);
#1407=VERTEX_POINT('',#4801);
#1408=VERTEX_POINT('',#4827);
#1409=VERTEX_POINT('',#4858);
#1410=VERTEX_POINT('',#4885);
#1411=VERTEX_POINT('',#4916);
#1412=VERTEX_POINT('',#4917);
#1413=VERTEX_POINT('',#4949);
#1414=VERTEX_POINT('',#4950);
#1415=VERTEX_POINT('',#4998);
#1416=VERTEX_POINT('',#5000);
#1417=VERTEX_POINT('',#5005);
#1418=VERTEX_POINT('',#5010);
#1419=VERTEX_POINT('',#5017);
#1420=VERTEX_POINT('',#5022);
#1421=VERTEX_POINT('',#5028);
#1422=VERTEX_POINT('',#5033);
#1423=VERTEX_POINT('',#5038);
#1424=VERTEX_POINT('',#5040);
#1425=VERTEX_POINT('',#5042);
#1426=VERTEX_POINT('',#5044);
#1427=VERTEX_POINT('',#5048);
#1428=VERTEX_POINT('',#5050);
#1429=VERTEX_POINT('',#5054);
#1430=VERTEX_POINT('',#5058);
#1431=VERTEX_POINT('',#5062);
#1432=VERTEX_POINT('',#5066);
#1433=VERTEX_POINT('',#5070);
#1434=VERTEX_POINT('',#5074);
#1435=VERTEX_POINT('',#5080);
#1436=VERTEX_POINT('',#5082);
#1437=VERTEX_POINT('',#5087);
#1438=VERTEX_POINT('',#5095);
#1439=VERTEX_POINT('',#5102);
#1440=VERTEX_POINT('',#5111);
#1441=VERTEX_POINT('',#5142);
#1442=VERTEX_POINT('',#5143);
#1443=VERTEX_POINT('',#5150);
#1444=VERTEX_POINT('',#5177);
#1445=VERTEX_POINT('',#5337);
#1446=VERTEX_POINT('',#5364);
#1447=VERTEX_POINT('',#5416);
#1448=VERTEX_POINT('',#5417);
#1449=VERTEX_POINT('',#5419);
#1450=VERTEX_POINT('',#5424);
#1451=VERTEX_POINT('',#5455);
#1452=VERTEX_POINT('',#5456);
#1453=VERTEX_POINT('',#5488);
#1454=VERTEX_POINT('',#5489);
#1455=VERTEX_POINT('',#5524);
#1456=VERTEX_POINT('',#5525);
#1457=VERTEX_POINT('',#5557);
#1458=VERTEX_POINT('',#5558);
#1459=VERTEX_POINT('',#5593);
#1460=VERTEX_POINT('',#5594);
#1461=VERTEX_POINT('',#5626);
#1462=VERTEX_POINT('',#5627);
#1463=VERTEX_POINT('',#5673);
#1464=VERTEX_POINT('',#5675);
#1465=VERTEX_POINT('',#5679);
#1466=VERTEX_POINT('',#5683);
#1467=VERTEX_POINT('',#5687);
#1468=VERTEX_POINT('',#5730);
#1469=VERTEX_POINT('',#5731);
#1470=VERTEX_POINT('',#5738);
#1471=VERTEX_POINT('',#5749);
#1472=VERTEX_POINT('',#5751);
#1473=VERTEX_POINT('',#5762);
#1474=VERTEX_POINT('',#5769);
#1475=VERTEX_POINT('',#5783);
#1476=VERTEX_POINT('',#5798);
#1477=VERTEX_POINT('',#5799);
#1478=VERTEX_POINT('',#5804);
#1479=VERTEX_POINT('',#5810);
#1480=VERTEX_POINT('',#5815);
#1481=VERTEX_POINT('',#5821);
#1482=VERTEX_POINT('',#5826);
#1483=VERTEX_POINT('',#5832);
#1484=VERTEX_POINT('',#5843);
#1485=VERTEX_POINT('',#5844);
#1486=VERTEX_POINT('',#5847);
#1487=VERTEX_POINT('',#5851);
#1488=VERTEX_POINT('',#5855);
#1489=VERTEX_POINT('',#5859);
#1490=VERTEX_POINT('',#5863);
#1491=VERTEX_POINT('',#5867);
#1492=VERTEX_POINT('',#5868);
#1493=VERTEX_POINT('',#5873);
#1494=VERTEX_POINT('',#5874);
#1495=VERTEX_POINT('',#5884);
#1496=VERTEX_POINT('',#5885);
#1497=VERTEX_POINT('',#5887);
#1498=VERTEX_POINT('',#5889);
#1499=VERTEX_POINT('',#5892);
#1500=VERTEX_POINT('',#5893);
#1501=VERTEX_POINT('',#5895);
#1502=VERTEX_POINT('',#5897);
#1503=VERTEX_POINT('',#5899);
#1504=VERTEX_POINT('',#5901);
#1505=VERTEX_POINT('',#5903);
#1506=VERTEX_POINT('',#5905);
#1507=VERTEX_POINT('',#5928);
#1508=VERTEX_POINT('',#5930);
#1509=VERTEX_POINT('',#5961);
#1510=VERTEX_POINT('',#5988);
#1511=VERTEX_POINT('',#6019);
#1512=VERTEX_POINT('',#6046);
#1513=VERTEX_POINT('',#6077);
#1514=VERTEX_POINT('',#6104);
#1515=VERTEX_POINT('',#6141);
#1516=VERTEX_POINT('',#6143);
#1517=VERTEX_POINT('',#6147);
#1518=VERTEX_POINT('',#6151);
#1519=VERTEX_POINT('',#6155);
#1520=VERTEX_POINT('',#6159);
#1521=VERTEX_POINT('',#6172);
#1522=VERTEX_POINT('',#6176);
#1523=VERTEX_POINT('',#6203);
#1524=VERTEX_POINT('',#6204);
#1525=VERTEX_POINT('',#6206);
#1526=VERTEX_POINT('',#6211);
#1527=VERTEX_POINT('',#6242);
#1528=VERTEX_POINT('',#6243);
#1529=VERTEX_POINT('',#6285);
#1530=VERTEX_POINT('',#6286);
#1531=VERTEX_POINT('',#6330);
#1532=VERTEX_POINT('',#6331);
#1533=VERTEX_POINT('',#6361);
#1534=VERTEX_POINT('',#6362);
#1535=VERTEX_POINT('',#6402);
#1536=VERTEX_POINT('',#6403);
#1537=VERTEX_POINT('',#6447);
#1538=VERTEX_POINT('',#6448);
#1539=VERTEX_POINT('',#6505);
#1540=VERTEX_POINT('',#6507);
#1541=VERTEX_POINT('',#6516);
#1542=VERTEX_POINT('',#6523);
#1543=VERTEX_POINT('',#6531);
#1544=VERTEX_POINT('',#6577);
#1545=VERTEX_POINT('',#6598);
#1546=VERTEX_POINT('',#6706);
#1547=VERTEX_POINT('',#6707);
#1548=VERTEX_POINT('',#6712);
#1549=VERTEX_POINT('',#6719);
#1550=VERTEX_POINT('',#6726);
#1551=VERTEX_POINT('',#6732);
#1552=VERTEX_POINT('',#6737);
#1553=VERTEX_POINT('',#6744);
#1554=VERTEX_POINT('',#6781);
#1555=VERTEX_POINT('',#6783);
#1556=VERTEX_POINT('',#6788);
#1557=VERTEX_POINT('',#6830);
#1558=VERTEX_POINT('',#6858);
#1559=VERTEX_POINT('',#6889);
#1560=VERTEX_POINT('',#6916);
#1561=VERTEX_POINT('',#6947);
#1562=VERTEX_POINT('',#6948);
#1563=VERTEX_POINT('',#6980);
#1564=VERTEX_POINT('',#6981);
#1565=VERTEX_POINT('',#7079);
#1566=VERTEX_POINT('',#7093);
#1567=VERTEX_POINT('',#7113);
#1568=VERTEX_POINT('',#7115);
#1569=VERTEX_POINT('',#7146);
#1570=VERTEX_POINT('',#7147);
#1571=VERTEX_POINT('',#7152);
#1572=VERTEX_POINT('',#7159);
#1573=VERTEX_POINT('',#7164);
#1574=VERTEX_POINT('',#7170);
#1575=VERTEX_POINT('',#7175);
#1576=VERTEX_POINT('',#7181);
#1577=VERTEX_POINT('',#7216);
#1578=VERTEX_POINT('',#7218);
#1579=VERTEX_POINT('',#7260);
#1580=VERTEX_POINT('',#7288);
#1581=VERTEX_POINT('',#7319);
#1582=VERTEX_POINT('',#7346);
#1583=VERTEX_POINT('',#7377);
#1584=VERTEX_POINT('',#7404);
#1585=VERTEX_POINT('',#7453);
#1586=VERTEX_POINT('',#7455);
#1587=VERTEX_POINT('',#7464);
#1588=VERTEX_POINT('',#7473);
#1589=VERTEX_POINT('',#7482);
#1590=VERTEX_POINT('',#7536);
#1591=VERTEX_POINT('',#7574);
#1592=VERTEX_POINT('',#7607);
#1593=VERTEX_POINT('',#7755);
#1594=VERTEX_POINT('',#7763);
#1595=VERTEX_POINT('',#7868);
#1596=VERTEX_POINT('',#7873);
#1597=VERTEX_POINT('',#7931);
#1598=VERTEX_POINT('',#7932);
#1599=VERTEX_POINT('',#7934);
#1600=VERTEX_POINT('',#7947);
#1601=VERTEX_POINT('',#7977);
#1602=VERTEX_POINT('',#7979);
#1603=VERTEX_POINT('',#7983);
#1604=VERTEX_POINT('',#8010);
#1605=VERTEX_POINT('',#8017);
#1606=VERTEX_POINT('',#8041);
#1607=VERTEX_POINT('',#8042);
#1608=VERTEX_POINT('',#8056);
#1609=VERTEX_POINT('',#8057);
#1610=VERTEX_POINT('',#8059);
#1611=VERTEX_POINT('',#8061);
#1612=VERTEX_POINT('',#8080);
#1613=VERTEX_POINT('',#8081);
#1614=VERTEX_POINT('',#8090);
#1615=VERTEX_POINT('',#8190);
#1616=VERTEX_POINT('',#8194);
#1617=VERTEX_POINT('',#8229);
#1618=VERTEX_POINT('',#8230);
#1619=VERTEX_POINT('',#8275);
#1620=VERTEX_POINT('',#8289);
#1621=VERTEX_POINT('',#8296);
#1622=VERTEX_POINT('',#8311);
#1623=VERTEX_POINT('',#8355);
#1624=VERTEX_POINT('',#8356);
#1625=VERTEX_POINT('',#8369);
#1626=VERTEX_POINT('',#8371);
#1627=VERTEX_POINT('',#8466);
#1628=VERTEX_POINT('',#8467);
#1629=VERTEX_POINT('',#8498);
#1630=VERTEX_POINT('',#8514);
#1631=VERTEX_POINT('',#8542);
#1632=VERTEX_POINT('',#8609);
#1633=VERTEX_POINT('',#8610);
#1634=VERTEX_POINT('',#8631);
#1635=VERTEX_POINT('',#8642);
#1636=VERTEX_POINT('',#8678);
#1637=VERTEX_POINT('',#8701);
#1638=VERTEX_POINT('',#8710);
#1639=VERTEX_POINT('',#8712);
#1640=VERTEX_POINT('',#8754);
#1641=VERTEX_POINT('',#8779);
#1642=VERTEX_POINT('',#8847);
#1643=VERTEX_POINT('',#8863);
#1644=VERTEX_POINT('',#8864);
#1645=VERTEX_POINT('',#8917);
#1646=VERTEX_POINT('',#8926);
#1647=VERTEX_POINT('',#8928);
#1648=VERTEX_POINT('',#8961);
#1649=VERTEX_POINT('',#9006);
#1650=VERTEX_POINT('',#9029);
#1651=VERTEX_POINT('',#9031);
#1652=VERTEX_POINT('',#9047);
#1653=VERTEX_POINT('',#9083);
#1654=VERTEX_POINT('',#9102);
#1655=VERTEX_POINT('',#9121);
#1656=VERTEX_POINT('',#9143);
#1657=VERTEX_POINT('',#9144);
#1658=VERTEX_POINT('',#9176);
#1659=VERTEX_POINT('',#9195);
#1660=VERTEX_POINT('',#9268);
#1661=VERTEX_POINT('',#9269);
#1662=VERTEX_POINT('',#9314);
#1663=VERTEX_POINT('',#9322);
#1664=VERTEX_POINT('',#9362);
#1665=VERTEX_POINT('',#9373);
#1666=VERTEX_POINT('',#9404);
#1667=VERTEX_POINT('',#9525);
#1668=VERTEX_POINT('',#9527);
#1669=VERTEX_POINT('',#9546);
#1670=VERTEX_POINT('',#9573);
#1671=VERTEX_POINT('',#9582);
#1672=VERTEX_POINT('',#9601);
#1673=VERTEX_POINT('',#9655);
#1674=VERTEX_POINT('',#9685);
#1675=VERTEX_POINT('',#9709);
#1676=VERTEX_POINT('',#9728);
#1677=VERTEX_POINT('',#9732);
#1678=VERTEX_POINT('',#9759);
#1679=VERTEX_POINT('',#9792);
#1680=VERTEX_POINT('',#9836);
#1681=VERTEX_POINT('',#9913);
#1682=VERTEX_POINT('',#9974);
#1683=VERTEX_POINT('',#10041);
#1684=VERTEX_POINT('',#10078);
#1685=VERTEX_POINT('',#10120);
#1686=VERTEX_POINT('',#10189);
#1687=EDGE_CURVE('',#1365,#1366,#1221,.T.);
#1688=EDGE_CURVE('',#1366,#1367,#919,.T.);
#1689=EDGE_CURVE('',#1367,#1368,#1222,.T.);
#1690=EDGE_CURVE('',#1368,#1365,#920,.T.);
#1691=EDGE_CURVE('',#1369,#1370,#1223,.T.);
#1692=EDGE_CURVE('',#1370,#1368,#1224,.T.);
#1693=EDGE_CURVE('',#1367,#1369,#1225,.T.);
#1694=EDGE_CURVE('',#1371,#1372,#1226,.T.);
#1695=EDGE_CURVE('',#1372,#1370,#921,.T.);
#1696=EDGE_CURVE('',#1369,#1371,#922,.T.);
#1697=EDGE_CURVE('',#1373,#1374,#1227,.T.);
#1698=EDGE_CURVE('',#1374,#1372,#1228,.T.);
#1699=EDGE_CURVE('',#1371,#1373,#1229,.T.);
#1700=EDGE_CURVE('',#1375,#1376,#1230,.T.);
#1701=EDGE_CURVE('',#1376,#1374,#923,.T.);
#1702=EDGE_CURVE('',#1373,#1375,#924,.T.);
#1703=EDGE_CURVE('',#1377,#1378,#1231,.T.);
#1704=EDGE_CURVE('',#1378,#1376,#1232,.T.);
#1705=EDGE_CURVE('',#1375,#1377,#1233,.T.);
#1706=EDGE_CURVE('',#1379,#1380,#1234,.T.);
#1707=EDGE_CURVE('',#1380,#1378,#925,.T.);
#1708=EDGE_CURVE('',#1377,#1379,#926,.T.);
#1709=EDGE_CURVE('',#1365,#1380,#1235,.T.);
#1710=EDGE_CURVE('',#1379,#1366,#1236,.T.);
#1711=EDGE_CURVE('',#1371,#1381,#927,.T.);
#1712=EDGE_CURVE('',#1382,#1381,#200,.T.);
#1713=EDGE_CURVE('',#1383,#1382,#201,.T.);
#1714=EDGE_CURVE('',#1373,#1383,#928,.T.);
#1715=EDGE_CURVE('',#1384,#1369,#929,.T.);
#1716=EDGE_CURVE('',#1381,#1384,#202,.T.);
#1717=EDGE_CURVE('',#1367,#1385,#930,.T.);
#1718=EDGE_CURVE('',#1384,#1385,#203,.T.);
#1719=EDGE_CURVE('',#1366,#1386,#931,.T.);
#1720=EDGE_CURVE('',#1385,#1386,#204,.T.);
#1721=EDGE_CURVE('',#1387,#1388,#932,.T.);
#1722=EDGE_CURVE('',#1389,#1387,#933,.T.);
#1723=EDGE_CURVE('',#1390,#1389,#934,.T.);
#1724=EDGE_CURVE('',#1391,#1390,#205,.T.);
#1725=EDGE_CURVE('',#1392,#1391,#1237,.T.);
#1726=EDGE_CURVE('',#1388,#1392,#206,.T.);
#1727=EDGE_CURVE('',#1393,#1394,#935,.T.);
#1728=EDGE_CURVE('',#1395,#1393,#1238,.T.);
#1729=EDGE_CURVE('',#1396,#1395,#936,.T.);
#1730=EDGE_CURVE('',#1397,#1396,#1239,.T.);
#1731=EDGE_CURVE('',#1398,#1397,#937,.T.);
#1732=EDGE_CURVE('',#1399,#1398,#1240,.T.);
#1733=EDGE_CURVE('',#1400,#1399,#938,.T.);
#1734=EDGE_CURVE('',#1394,#1400,#1241,.T.);
#1735=EDGE_CURVE('',#1401,#1402,#1242,.T.);
#1736=EDGE_CURVE('',#1402,#1403,#207,.T.);
#1737=EDGE_CURVE('',#1403,#1404,#1243,.T.);
#1738=EDGE_CURVE('',#1404,#1401,#208,.T.);
#1739=EDGE_CURVE('',#1383,#1405,#1244,.T.);
#1740=EDGE_CURVE('',#1405,#1402,#209,.T.);
#1741=EDGE_CURVE('',#1401,#1383,#210,.T.);
#1742=EDGE_CURVE('',#1382,#1406,#1245,.T.);
#1743=EDGE_CURVE('',#1406,#1405,#211,.T.);
#1744=EDGE_CURVE('',#1381,#1407,#1246,.T.);
#1745=EDGE_CURVE('',#1407,#1406,#212,.T.);
#1746=EDGE_CURVE('',#1384,#1408,#1247,.T.);
#1747=EDGE_CURVE('',#1408,#1407,#213,.T.);
#1748=EDGE_CURVE('',#1385,#1409,#1248,.T.);
#1749=EDGE_CURVE('',#1409,#1408,#214,.T.);
#1750=EDGE_CURVE('',#1386,#1410,#1249,.T.);
#1751=EDGE_CURVE('',#1410,#1409,#215,.T.);
#1752=EDGE_CURVE('',#1411,#1412,#1250,.T.);
#1753=EDGE_CURVE('',#1412,#1410,#216,.T.);
#1754=EDGE_CURVE('',#1386,#1411,#217,.T.);
#1755=EDGE_CURVE('',#1413,#1414,#1251,.T.);
#1756=EDGE_CURVE('',#1414,#1412,#218,.T.);
#1757=EDGE_CURVE('',#1411,#1413,#219,.T.);
#1758=EDGE_CURVE('',#1403,#1414,#220,.T.);
#1759=EDGE_CURVE('',#1413,#1404,#221,.T.);
#1760=EDGE_CURVE('',#1375,#1401,#939,.T.);
#1761=EDGE_CURVE('',#1403,#1415,#940,.T.);
#1762=EDGE_CURVE('',#1416,#1415,#222,.T.);
#1763=EDGE_CURVE('',#1417,#1416,#223,.T.);
#1764=EDGE_CURVE('',#1418,#1417,#224,.T.);
#1765=EDGE_CURVE('',#1419,#1418,#225,.T.);
#1766=EDGE_CURVE('',#1420,#1419,#226,.T.);
#1767=EDGE_CURVE('',#1421,#1420,#227,.T.);
#1768=EDGE_CURVE('',#1422,#1421,#228,.T.);
#1769=EDGE_CURVE('',#1422,#1423,#941,.T.);
#1770=EDGE_CURVE('',#1424,#1423,#21,.T.);
#1771=EDGE_CURVE('',#1425,#1424,#942,.T.);
#1772=EDGE_CURVE('',#1426,#1425,#22,.T.);
#1773=EDGE_CURVE('',#1426,#1406,#943,.T.);
#1774=EDGE_CURVE('',#1394,#1427,#1252,.T.);
#1775=EDGE_CURVE('',#1427,#1428,#944,.T.);
#1776=EDGE_CURVE('',#1428,#1393,#1253,.T.);
#1777=EDGE_CURVE('',#1429,#1395,#1254,.T.);
#1778=EDGE_CURVE('',#1428,#1429,#1255,.T.);
#1779=EDGE_CURVE('',#1430,#1396,#1256,.T.);
#1780=EDGE_CURVE('',#1429,#1430,#945,.T.);
#1781=EDGE_CURVE('',#1431,#1397,#1257,.T.);
#1782=EDGE_CURVE('',#1430,#1431,#1258,.T.);
#1783=EDGE_CURVE('',#1432,#1398,#1259,.T.);
#1784=EDGE_CURVE('',#1431,#1432,#946,.T.);
#1785=EDGE_CURVE('',#1433,#1399,#1260,.T.);
#1786=EDGE_CURVE('',#1432,#1433,#1261,.T.);
#1787=EDGE_CURVE('',#1434,#1400,#1262,.T.);
#1788=EDGE_CURVE('',#1433,#1434,#947,.T.);
#1789=EDGE_CURVE('',#1434,#1427,#1263,.T.);
#1790=EDGE_CURVE('',#1430,#1435,#948,.T.);
#1791=EDGE_CURVE('',#1436,#1435,#229,.T.);
#1792=EDGE_CURVE('',#1437,#1436,#230,.T.);
#1793=EDGE_CURVE('',#1431,#1437,#949,.T.);
#1794=EDGE_CURVE('',#1429,#1438,#950,.T.);
#1795=EDGE_CURVE('',#1435,#1438,#231,.T.);
#1796=EDGE_CURVE('',#1428,#1439,#951,.T.);
#1797=EDGE_CURVE('',#1438,#1439,#232,.T.);
#1798=EDGE_CURVE('',#1427,#1440,#952,.T.);
#1799=EDGE_CURVE('',#1439,#1440,#233,.T.);
#1800=EDGE_CURVE('',#1441,#1442,#1264,.T.);
#1801=EDGE_CURVE('',#1442,#1422,#234,.T.);
#1802=EDGE_CURVE('',#1422,#1443,#1265,.T.);
#1803=EDGE_CURVE('',#1443,#1441,#235,.T.);
#1804=EDGE_CURVE('',#1437,#1444,#1266,.T.);
#1805=EDGE_CURVE('',#1444,#1442,#236,.T.);
#1806=EDGE_CURVE('',#1441,#1437,#237,.T.);
#1807=EDGE_CURVE('',#1436,#1415,#1267,.T.);
#1808=EDGE_CURVE('',#1415,#1444,#238,.T.);
#1809=EDGE_CURVE('',#1435,#1416,#1268,.T.);
#1810=EDGE_CURVE('',#1438,#1417,#1269,.T.);
#1811=EDGE_CURVE('',#1439,#1418,#1270,.T.);
#1812=EDGE_CURVE('',#1440,#1419,#1271,.T.);
#1813=EDGE_CURVE('',#1445,#1420,#1272,.T.);
#1814=EDGE_CURVE('',#1440,#1445,#239,.T.);
#1815=EDGE_CURVE('',#1446,#1421,#1273,.T.);
#1816=EDGE_CURVE('',#1445,#1446,#240,.T.);
#1817=EDGE_CURVE('',#1446,#1443,#241,.T.);
#1818=EDGE_CURVE('',#1441,#1432,#953,.T.);
#1819=EDGE_CURVE('',#1447,#1448,#1274,.T.);
#1820=EDGE_CURVE('',#1448,#1449,#242,.T.);
#1821=EDGE_CURVE('',#1449,#1450,#1275,.T.);
#1822=EDGE_CURVE('',#1450,#1447,#243,.T.);
#1823=EDGE_CURVE('',#1451,#1452,#1276,.T.);
#1824=EDGE_CURVE('',#1452,#1448,#244,.T.);
#1825=EDGE_CURVE('',#1447,#1451,#245,.T.);
#1826=EDGE_CURVE('',#1453,#1454,#1277,.T.);
#1827=EDGE_CURVE('',#1454,#1452,#246,.T.);
#1828=EDGE_CURVE('',#1451,#1453,#247,.T.);
#1829=EDGE_CURVE('',#1455,#1456,#1278,.T.);
#1830=EDGE_CURVE('',#1456,#1454,#248,.T.);
#1831=EDGE_CURVE('',#1453,#1455,#249,.T.);
#1832=EDGE_CURVE('',#1457,#1458,#1279,.T.);
#1833=EDGE_CURVE('',#1458,#1456,#250,.T.);
#1834=EDGE_CURVE('',#1455,#1457,#251,.T.);
#1835=EDGE_CURVE('',#1459,#1460,#1280,.T.);
#1836=EDGE_CURVE('',#1460,#1458,#252,.T.);
#1837=EDGE_CURVE('',#1457,#1459,#253,.T.);
#1838=EDGE_CURVE('',#1461,#1462,#1281,.T.);
#1839=EDGE_CURVE('',#1462,#1460,#254,.T.);
#1840=EDGE_CURVE('',#1459,#1461,#255,.T.);
#1841=EDGE_CURVE('',#1449,#1462,#256,.T.);
#1842=EDGE_CURVE('',#1461,#1450,#257,.T.);
#1843=EDGE_CURVE('',#1453,#1463,#954,.T.);
#1844=EDGE_CURVE('',#1464,#1463,#1282,.T.);
#1845=EDGE_CURVE('',#1455,#1464,#955,.T.);
#1846=EDGE_CURVE('',#1465,#1451,#956,.T.);
#1847=EDGE_CURVE('',#1463,#1465,#957,.T.);
#1848=EDGE_CURVE('',#1447,#1466,#958,.T.);
#1849=EDGE_CURVE('',#1465,#1466,#1283,.T.);
#1850=EDGE_CURVE('',#1450,#1467,#959,.T.);
#1851=EDGE_CURVE('',#1466,#1467,#960,.T.);
#1852=EDGE_CURVE('',#1468,#1469,#258,.T.);
#1853=EDGE_CURVE('',#1470,#1469,#259,.T.);
#1854=EDGE_CURVE('',#1471,#1470,#961,.T.);
#1855=EDGE_CURVE('',#1472,#1471,#260,.T.);
#1856=EDGE_CURVE('',#1472,#1473,#261,.T.);
#1857=EDGE_CURVE('',#1474,#1473,#262,.F.);
#1858=EDGE_CURVE('',#1475,#1474,#962,.T.);
#1859=EDGE_CURVE('',#1468,#1475,#263,.F.);
#1860=EDGE_CURVE('',#1476,#1477,#264,.T.);
#1861=EDGE_CURVE('',#1478,#1476,#265,.T.);
#1862=EDGE_CURVE('',#1479,#1478,#266,.T.);
#1863=EDGE_CURVE('',#1480,#1479,#267,.T.);
#1864=EDGE_CURVE('',#1481,#1480,#268,.T.);
#1865=EDGE_CURVE('',#1482,#1481,#269,.T.);
#1866=EDGE_CURVE('',#1483,#1482,#270,.T.);
#1867=EDGE_CURVE('',#1477,#1483,#271,.T.);
#1868=EDGE_CURVE('',#1484,#1485,#1284,.T.);
#1869=EDGE_CURVE('',#1485,#1464,#963,.T.);
#1870=EDGE_CURVE('',#1464,#1486,#1285,.T.);
#1871=EDGE_CURVE('',#1486,#1484,#964,.T.);
#1872=EDGE_CURVE('',#1463,#1487,#1286,.T.);
#1873=EDGE_CURVE('',#1487,#1486,#1287,.T.);
#1874=EDGE_CURVE('',#1465,#1488,#1288,.T.);
#1875=EDGE_CURVE('',#1488,#1487,#965,.T.);
#1876=EDGE_CURVE('',#1466,#1489,#1289,.T.);
#1877=EDGE_CURVE('',#1489,#1488,#1290,.T.);
#1878=EDGE_CURVE('',#1467,#1490,#1291,.T.);
#1879=EDGE_CURVE('',#1490,#1489,#966,.T.);
#1880=EDGE_CURVE('',#1491,#1492,#1292,.T.);
#1881=EDGE_CURVE('',#1492,#1490,#1293,.T.);
#1882=EDGE_CURVE('',#1467,#1491,#1294,.T.);
#1883=EDGE_CURVE('',#1493,#1494,#1295,.T.);
#1884=EDGE_CURVE('',#1494,#1492,#967,.T.);
#1885=EDGE_CURVE('',#1491,#1493,#968,.T.);
#1886=EDGE_CURVE('',#1484,#1494,#1296,.T.);
#1887=EDGE_CURVE('',#1493,#1485,#1297,.T.);
#1888=EDGE_CURVE('',#1457,#1485,#969,.T.);
#1889=EDGE_CURVE('',#1495,#1496,#970,.T.);
#1890=EDGE_CURVE('',#1495,#1497,#971,.T.);
#1891=EDGE_CURVE('',#1498,#1497,#972,.T.);
#1892=EDGE_CURVE('',#1496,#1498,#973,.T.);
#1893=EDGE_CURVE('',#1499,#1500,#974,.T.);
#1894=EDGE_CURVE('',#1501,#1499,#1298,.T.);
#1895=EDGE_CURVE('',#1502,#1501,#975,.T.);
#1896=EDGE_CURVE('',#1503,#1502,#1299,.T.);
#1897=EDGE_CURVE('',#1504,#1503,#976,.T.);
#1898=EDGE_CURVE('',#1505,#1504,#1300,.T.);
#1899=EDGE_CURVE('',#1506,#1505,#977,.T.);
#1900=EDGE_CURVE('',#1500,#1506,#1301,.T.);
#1901=EDGE_CURVE('',#1507,#1476,#1302,.T.);
#1902=EDGE_CURVE('',#1477,#1508,#1303,.T.);
#1903=EDGE_CURVE('',#1508,#1507,#272,.T.);
#1904=EDGE_CURVE('',#1509,#1478,#1304,.T.);
#1905=EDGE_CURVE('',#1507,#1509,#273,.T.);
#1906=EDGE_CURVE('',#1510,#1479,#1305,.T.);
#1907=EDGE_CURVE('',#1509,#1510,#274,.T.);
#1908=EDGE_CURVE('',#1511,#1480,#1306,.T.);
#1909=EDGE_CURVE('',#1510,#1511,#275,.T.);
#1910=EDGE_CURVE('',#1512,#1481,#1307,.T.);
#1911=EDGE_CURVE('',#1511,#1512,#276,.T.);
#1912=EDGE_CURVE('',#1513,#1482,#1308,.T.);
#1913=EDGE_CURVE('',#1512,#1513,#277,.T.);
#1914=EDGE_CURVE('',#1514,#1483,#1309,.T.);
#1915=EDGE_CURVE('',#1513,#1514,#278,.T.);
#1916=EDGE_CURVE('',#1514,#1508,#279,.T.);
#1917=EDGE_CURVE('',#1510,#1515,#978,.T.);
#1918=EDGE_CURVE('',#1516,#1515,#1310,.T.);
#1919=EDGE_CURVE('',#1511,#1516,#979,.T.);
#1920=EDGE_CURVE('',#1509,#1517,#980,.T.);
#1921=EDGE_CURVE('',#1515,#1517,#981,.T.);
#1922=EDGE_CURVE('',#1507,#1518,#982,.T.);
#1923=EDGE_CURVE('',#1517,#1518,#1311,.T.);
#1924=EDGE_CURVE('',#1508,#1519,#983,.T.);
#1925=EDGE_CURVE('',#1518,#1519,#984,.T.);
#1926=EDGE_CURVE('',#1500,#1520,#1312,.T.);
#1927=EDGE_CURVE('',#1520,#1516,#985,.T.);
#1928=EDGE_CURVE('',#1516,#1499,#1313,.T.);
#1929=EDGE_CURVE('',#1515,#1501,#1314,.T.);
#1930=EDGE_CURVE('',#1517,#1502,#1315,.T.);
#1931=EDGE_CURVE('',#1518,#1503,#1316,.T.);
#1932=EDGE_CURVE('',#1519,#1504,#1317,.T.);
#1933=EDGE_CURVE('',#1521,#1505,#1318,.T.);
#1934=EDGE_CURVE('',#1519,#1521,#1319,.T.);
#1935=EDGE_CURVE('',#1522,#1506,#1320,.T.);
#1936=EDGE_CURVE('',#1521,#1522,#986,.T.);
#1937=EDGE_CURVE('',#1522,#1520,#1321,.T.);
#1938=EDGE_CURVE('',#1520,#1512,#987,.T.);
#1939=EDGE_CURVE('',#1523,#1524,#1322,.T.);
#1940=EDGE_CURVE('',#1524,#1525,#280,.T.);
#1941=EDGE_CURVE('',#1525,#1526,#1323,.T.);
#1942=EDGE_CURVE('',#1526,#1523,#281,.T.);
#1943=EDGE_CURVE('',#1527,#1528,#1324,.T.);
#1944=EDGE_CURVE('',#1528,#1524,#282,.T.);
#1945=EDGE_CURVE('',#1523,#1527,#283,.T.);
#1946=EDGE_CURVE('',#1529,#1530,#1325,.T.);
#1947=EDGE_CURVE('',#1530,#1528,#284,.T.);
#1948=EDGE_CURVE('',#1527,#1529,#285,.T.);
#1949=EDGE_CURVE('',#1531,#1532,#1326,.T.);
#1950=EDGE_CURVE('',#1532,#1530,#286,.T.);
#1951=EDGE_CURVE('',#1529,#1531,#287,.T.);
#1952=EDGE_CURVE('',#1533,#1534,#1327,.T.);
#1953=EDGE_CURVE('',#1534,#1532,#288,.T.);
#1954=EDGE_CURVE('',#1531,#1533,#289,.T.);
#1955=EDGE_CURVE('',#1535,#1536,#1328,.T.);
#1956=EDGE_CURVE('',#1536,#1534,#290,.T.);
#1957=EDGE_CURVE('',#1533,#1535,#291,.T.);
#1958=EDGE_CURVE('',#1537,#1538,#1329,.T.);
#1959=EDGE_CURVE('',#1538,#1536,#292,.T.);
#1960=EDGE_CURVE('',#1535,#1537,#293,.T.);
#1961=EDGE_CURVE('',#1525,#1538,#294,.T.);
#1962=EDGE_CURVE('',#1537,#1526,#295,.T.);
#1963=EDGE_CURVE('',#1539,#1529,#988,.T.);
#1964=EDGE_CURVE('',#1540,#1539,#296,.T.);
#1965=EDGE_CURVE('',#1540,#1531,#989,.T.);
#1966=EDGE_CURVE('',#1541,#1527,#990,.T.);
#1967=EDGE_CURVE('',#1539,#1541,#297,.T.);
#1968=EDGE_CURVE('',#1542,#1523,#991,.T.);
#1969=EDGE_CURVE('',#1541,#1542,#298,.T.);
#1970=EDGE_CURVE('',#1526,#1543,#992,.T.);
#1971=EDGE_CURVE('',#1542,#1543,#299,.T.);
#1972=EDGE_CURVE('',#1544,#1495,#300,.T.);
#1973=EDGE_CURVE('',#1544,#1545,#993,.T.);
#1974=EDGE_CURVE('',#1497,#1545,#301,.T.);
#1975=EDGE_CURVE('',#1546,#1547,#302,.T.);
#1976=EDGE_CURVE('',#1548,#1546,#303,.T.);
#1977=EDGE_CURVE('',#1549,#1548,#304,.T.);
#1978=EDGE_CURVE('',#1550,#1549,#305,.T.);
#1979=EDGE_CURVE('',#1551,#1550,#306,.T.);
#1980=EDGE_CURVE('',#1552,#1551,#307,.T.);
#1981=EDGE_CURVE('',#1553,#1552,#308,.T.);
#1982=EDGE_CURVE('',#1547,#1553,#309,.T.);
#1983=EDGE_CURVE('',#1540,#1554,#1330,.T.);
#1984=EDGE_CURVE('',#1554,#1555,#310,.T.);
#1985=EDGE_CURVE('',#1555,#1556,#1331,.T.);
#1986=EDGE_CURVE('',#1556,#1540,#311,.T.);
#1987=EDGE_CURVE('',#1539,#1557,#1332,.T.);
#1988=EDGE_CURVE('',#1557,#1554,#312,.T.);
#1989=EDGE_CURVE('',#1541,#1558,#1333,.T.);
#1990=EDGE_CURVE('',#1558,#1557,#313,.T.);
#1991=EDGE_CURVE('',#1542,#1559,#1334,.T.);
#1992=EDGE_CURVE('',#1559,#1558,#314,.T.);
#1993=EDGE_CURVE('',#1543,#1560,#1335,.T.);
#1994=EDGE_CURVE('',#1560,#1559,#315,.T.);
#1995=EDGE_CURVE('',#1561,#1562,#1336,.T.);
#1996=EDGE_CURVE('',#1562,#1560,#316,.T.);
#1997=EDGE_CURVE('',#1543,#1561,#317,.T.);
#1998=EDGE_CURVE('',#1563,#1564,#1337,.T.);
#1999=EDGE_CURVE('',#1564,#1562,#318,.T.);
#2000=EDGE_CURVE('',#1561,#1563,#319,.T.);
#2001=EDGE_CURVE('',#1555,#1564,#320,.T.);
#2002=EDGE_CURVE('',#1563,#1556,#321,.T.);
#2003=EDGE_CURVE('',#1556,#1533,#994,.T.);
#2004=EDGE_CURVE('',#1565,#1474,#322,.T.);
#2005=EDGE_CURVE('',#1566,#1565,#323,.T.);
#2006=EDGE_CURVE('',#1567,#1566,#995,.T.);
#2007=EDGE_CURVE('',#1568,#1567,#324,.T.);
#2008=EDGE_CURVE('',#1475,#1568,#325,.T.);
#2009=EDGE_CURVE('',#1569,#1570,#326,.T.);
#2010=EDGE_CURVE('',#1571,#1569,#327,.T.);
#2011=EDGE_CURVE('',#1572,#1571,#328,.T.);
#2012=EDGE_CURVE('',#1573,#1572,#329,.T.);
#2013=EDGE_CURVE('',#1574,#1573,#330,.T.);
#2014=EDGE_CURVE('',#1575,#1574,#331,.T.);
#2015=EDGE_CURVE('',#1576,#1575,#332,.T.);
#2016=EDGE_CURVE('',#1570,#1576,#333,.T.);
#2017=EDGE_CURVE('',#1577,#1569,#1338,.T.);
#2018=EDGE_CURVE('',#1570,#1578,#1339,.T.);
#2019=EDGE_CURVE('',#1578,#1577,#334,.T.);
#2020=EDGE_CURVE('',#1579,#1571,#1340,.T.);
#2021=EDGE_CURVE('',#1577,#1579,#335,.T.);
#2022=EDGE_CURVE('',#1580,#1572,#1341,.T.);
#2023=EDGE_CURVE('',#1579,#1580,#336,.T.);
#2024=EDGE_CURVE('',#1581,#1573,#1342,.T.);
#2025=EDGE_CURVE('',#1580,#1581,#337,.T.);
#2026=EDGE_CURVE('',#1582,#1574,#1343,.T.);
#2027=EDGE_CURVE('',#1581,#1582,#338,.T.);
#2028=EDGE_CURVE('',#1583,#1575,#1344,.T.);
#2029=EDGE_CURVE('',#1582,#1583,#339,.T.);
#2030=EDGE_CURVE('',#1584,#1576,#1345,.T.);
#2031=EDGE_CURVE('',#1583,#1584,#340,.T.);
#2032=EDGE_CURVE('',#1584,#1578,#341,.T.);
#2033=EDGE_CURVE('',#1580,#1585,#996,.T.);
#2034=EDGE_CURVE('',#1586,#1585,#342,.T.);
#2035=EDGE_CURVE('',#1581,#1586,#997,.T.);
#2036=EDGE_CURVE('',#1587,#1579,#998,.T.);
#2037=EDGE_CURVE('',#1585,#1587,#343,.T.);
#2038=EDGE_CURVE('',#1577,#1588,#999,.T.);
#2039=EDGE_CURVE('',#1587,#1588,#344,.T.);
#2040=EDGE_CURVE('',#1578,#1589,#1000,.T.);
#2041=EDGE_CURVE('',#1588,#1589,#345,.T.);
#2042=EDGE_CURVE('',#1589,#1546,#1346,.T.);
#2043=EDGE_CURVE('',#1547,#1588,#1347,.T.);
#2044=EDGE_CURVE('',#1590,#1548,#1348,.T.);
#2045=EDGE_CURVE('',#1589,#1590,#346,.T.);
#2046=EDGE_CURVE('',#1591,#1549,#1349,.T.);
#2047=EDGE_CURVE('',#1590,#1591,#347,.T.);
#2048=EDGE_CURVE('',#1592,#1550,#1350,.T.);
#2049=EDGE_CURVE('',#1591,#1592,#348,.T.);
#2050=EDGE_CURVE('',#1586,#1551,#1351,.T.);
#2051=EDGE_CURVE('',#1592,#1586,#349,.T.);
#2052=EDGE_CURVE('',#1585,#1552,#1352,.T.);
#2053=EDGE_CURVE('',#1587,#1553,#1353,.T.);
#2054=EDGE_CURVE('',#1582,#1592,#1001,.T.);
#2055=EDGE_CURVE('',#1583,#1591,#1002,.T.);
#2056=EDGE_CURVE('',#1584,#1590,#1003,.T.);
#2057=EDGE_CURVE('',#1379,#1411,#1004,.T.);
#2058=EDGE_CURVE('',#1377,#1413,#1005,.T.);
#2059=EDGE_CURVE('',#1434,#1445,#1006,.T.);
#2060=EDGE_CURVE('',#1433,#1446,#1007,.T.);
#2061=EDGE_CURVE('',#1593,#1426,#350,.T.);
#2062=EDGE_CURVE('',#1594,#1593,#1008,.T.);
#2063=EDGE_CURVE('',#1423,#1594,#351,.T.);
#2064=EDGE_CURVE('',#1459,#1493,#1009,.T.);
#2065=EDGE_CURVE('',#1461,#1491,#1010,.T.);
#2066=EDGE_CURVE('',#1514,#1521,#1011,.T.);
#2067=EDGE_CURVE('',#1513,#1522,#1012,.T.);
#2068=EDGE_CURVE('',#1563,#1535,#1013,.T.);
#2069=EDGE_CURVE('',#1561,#1537,#1014,.T.);
#2070=EDGE_CURVE('',#1595,#1468,#352,.T.);
#2071=EDGE_CURVE('',#1595,#1596,#353,.F.);
#2072=EDGE_CURVE('',#1596,#1470,#1015,.T.);
#2073=EDGE_CURVE('',#1597,#1598,#1016,.T.);
#2074=EDGE_CURVE('',#1598,#1599,#354,.T.);
#2075=EDGE_CURVE('',#1599,#1600,#1017,.T.);
#2076=EDGE_CURVE('',#1600,#1597,#355,.T.);
#2077=EDGE_CURVE('',#1388,#1601,#1018,.T.);
#2078=EDGE_CURVE('',#1602,#1392,#1019,.T.);
#2079=EDGE_CURVE('',#1602,#1601,#23,.T.);
#2080=EDGE_CURVE('',#1603,#1387,#1020,.T.);
#2081=EDGE_CURVE('',#1601,#1603,#1021,.T.);
#2082=EDGE_CURVE('',#1392,#1604,#356,.T.);
#2083=EDGE_CURVE('',#1605,#1604,#1022,.T.);
#2084=EDGE_CURVE('',#1605,#1602,#357,.T.);
#2085=EDGE_CURVE('',#1606,#1607,#1023,.T.);
#2086=EDGE_CURVE('',#1606,#1600,#358,.T.);
#2087=EDGE_CURVE('',#1599,#1607,#359,.T.);
#2088=EDGE_CURVE('',#1607,#1605,#1024,.T.);
#2089=EDGE_CURVE('',#1604,#1606,#1025,.T.);
#2090=EDGE_CURVE('',#1608,#1609,#1354,.T.);
#2091=EDGE_CURVE('',#1609,#1610,#1355,.T.);
#2092=EDGE_CURVE('',#1611,#1610,#1356,.T.);
#2093=EDGE_CURVE('',#1611,#1608,#1357,.T.);
#2094=EDGE_CURVE('',#1612,#1613,#1026,.T.);
#2095=EDGE_CURVE('',#1613,#1424,#360,.T.);
#2096=EDGE_CURVE('',#1614,#1424,#1027,.T.);
#2097=EDGE_CURVE('',#1614,#1612,#1358,.T.);
#2098=EDGE_CURVE('',#1610,#1609,#1028,.T.);
#2099=EDGE_CURVE('',#1600,#1611,#361,.T.);
#2100=EDGE_CURVE('',#1610,#1597,#362,.T.);
#2101=EDGE_CURVE('',#1597,#1613,#363,.T.);
#2102=EDGE_CURVE('',#1612,#1598,#364,.T.);
#2103=EDGE_CURVE('',#1615,#1423,#1029,.T.);
#2104=EDGE_CURVE('',#1615,#1614,#24,.T.);
#2105=EDGE_CURVE('',#1616,#1594,#1030,.T.);
#2106=EDGE_CURVE('',#1616,#1615,#1359,.T.);
#2107=EDGE_CURVE('',#1617,#1618,#365,.T.);
#2108=EDGE_CURVE('',#1618,#1616,#366,.T.);
#2109=EDGE_CURVE('',#1594,#1617,#367,.T.);
#2110=EDGE_CURVE('',#1619,#1617,#368,.T.);
#2111=EDGE_CURVE('',#1620,#1619,#369,.T.);
#2112=EDGE_CURVE('',#1621,#1620,#370,.T.);
#2113=EDGE_CURVE('',#1622,#1621,#371,.T.);
#2114=EDGE_CURVE('',#1618,#1622,#372,.T.);
#2115=EDGE_CURVE('',#1623,#1624,#373,.T.);
#2116=EDGE_CURVE('',#1622,#1623,#374,.T.);
#2117=EDGE_CURVE('',#1625,#1621,#25,.T.);
#2118=EDGE_CURVE('',#1626,#1625,#375,.T.);
#2119=EDGE_CURVE('',#1624,#1626,#376,.T.);
#2120=EDGE_CURVE('',#1627,#1628,#377,.T.);
#2121=EDGE_CURVE('',#1628,#1498,#378,.T.);
#2122=EDGE_CURVE('',#1498,#1629,#1031,.T.);
#2123=EDGE_CURVE('',#1629,#1623,#379,.T.);
#2124=EDGE_CURVE('',#1624,#1630,#380,.T.);
#2125=EDGE_CURVE('',#1630,#1627,#381,.T.);
#2126=EDGE_CURVE('',#1497,#1631,#1032,.T.);
#2127=EDGE_CURVE('',#1631,#1629,#1033,.T.);
#2128=EDGE_CURVE('',#1632,#1633,#382,.T.);
#2129=EDGE_CURVE('',#1633,#1631,#383,.T.);
#2130=EDGE_CURVE('',#1545,#1634,#384,.T.);
#2131=EDGE_CURVE('',#1634,#1635,#385,.T.);
#2132=EDGE_CURVE('',#1635,#1632,#386,.T.);
#2133=EDGE_CURVE('',#1632,#1636,#387,.T.);
#2134=EDGE_CURVE('',#1636,#1637,#388,.T.);
#2135=EDGE_CURVE('',#1637,#1638,#26,.T.);
#2136=EDGE_CURVE('',#1639,#1638,#389,.T.);
#2137=EDGE_CURVE('',#1639,#1633,#390,.T.);
#2138=EDGE_CURVE('',#1640,#1565,#391,.T.);
#2139=EDGE_CURVE('',#1640,#1639,#392,.T.);
#2140=EDGE_CURVE('',#1638,#1641,#393,.T.);
#2141=EDGE_CURVE('',#1641,#1566,#1360,.T.);
#2142=EDGE_CURVE('',#1642,#1474,#1034,.T.);
#2143=EDGE_CURVE('',#1642,#1640,#394,.T.);
#2144=EDGE_CURVE('',#1643,#1644,#395,.F.);
#2145=EDGE_CURVE('',#1603,#1643,#396,.T.);
#2146=EDGE_CURVE('',#1644,#1642,#1035,.T.);
#2147=EDGE_CURVE('',#1643,#1471,#1036,.T.);
#2148=EDGE_CURVE('',#1471,#1387,#397,.T.);
#2149=EDGE_CURVE('',#1645,#1391,#398,.T.);
#2150=EDGE_CURVE('',#1645,#1604,#1361,.T.);
#2151=EDGE_CURVE('',#1646,#1645,#1037,.T.);
#2152=EDGE_CURVE('',#1647,#1646,#399,.T.);
#2153=EDGE_CURVE('',#1608,#1647,#400,.T.);
#2154=EDGE_CURVE('',#1648,#1647,#401,.T.);
#2155=EDGE_CURVE('',#1648,#1609,#402,.T.);
#2156=EDGE_CURVE('',#1649,#1648,#403,.T.);
#2157=EDGE_CURVE('',#1425,#1649,#404,.T.);
#2158=EDGE_CURVE('',#1650,#1593,#27,.T.);
#2159=EDGE_CURVE('',#1650,#1651,#405,.T.);
#2160=EDGE_CURVE('',#1651,#1619,#1038,.T.);
#2161=EDGE_CURVE('',#1651,#1652,#406,.T.);
#2162=EDGE_CURVE('',#1652,#1620,#1039,.T.);
#2163=EDGE_CURVE('',#1652,#1653,#407,.T.);
#2164=EDGE_CURVE('',#1653,#1621,#1040,.T.);
#2165=EDGE_CURVE('',#1653,#1654,#28,.T.);
#2166=EDGE_CURVE('',#1654,#1625,#1041,.T.);
#2167=EDGE_CURVE('',#1654,#1655,#408,.T.);
#2168=EDGE_CURVE('',#1655,#1626,#1042,.T.);
#2169=EDGE_CURVE('',#1656,#1657,#409,.T.);
#2170=EDGE_CURVE('',#1630,#1656,#1043,.T.);
#2171=EDGE_CURVE('',#1655,#1657,#410,.T.);
#2172=EDGE_CURVE('',#1658,#1656,#411,.T.);
#2173=EDGE_CURVE('',#1658,#1627,#1044,.T.);
#2174=EDGE_CURVE('',#1659,#1658,#412,.T.);
#2175=EDGE_CURVE('',#1659,#1628,#1045,.T.);
#2176=EDGE_CURVE('',#1496,#1659,#413,.T.);
#2177=EDGE_CURVE('',#1660,#1661,#414,.T.);
#2178=EDGE_CURVE('',#1635,#1660,#1046,.T.);
#2179=EDGE_CURVE('',#1661,#1634,#1047,.T.);
#2180=EDGE_CURVE('',#1661,#1544,#415,.T.);
#2181=EDGE_CURVE('',#1662,#1660,#416,.T.);
#2182=EDGE_CURVE('',#1663,#1662,#417,.T.);
#2183=EDGE_CURVE('',#1663,#1636,#1048,.T.);
#2184=EDGE_CURVE('',#1664,#1663,#418,.T.);
#2185=EDGE_CURVE('',#1664,#1637,#1049,.T.);
#2186=EDGE_CURVE('',#1665,#1664,#29,.T.);
#2187=EDGE_CURVE('',#1665,#1638,#1050,.T.);
#2188=EDGE_CURVE('',#1666,#1665,#419,.T.);
#2189=EDGE_CURVE('',#1666,#1641,#1051,.T.);
#2190=EDGE_CURVE('',#1567,#1666,#1362,.T.);
#2191=EDGE_CURVE('',#1473,#1644,#420,.T.);
#2192=EDGE_CURVE('',#1389,#1470,#421,.T.);
#2193=EDGE_CURVE('',#1667,#1390,#1052,.T.);
#2194=EDGE_CURVE('',#1668,#1389,#1053,.T.);
#2195=EDGE_CURVE('',#1668,#1667,#1054,.T.);
#2196=EDGE_CURVE('',#1391,#1669,#1055,.T.);
#2197=EDGE_CURVE('',#1667,#1669,#30,.T.);
#2198=EDGE_CURVE('',#1669,#1670,#422,.T.);
#2199=EDGE_CURVE('',#1670,#1645,#1056,.T.);
#2200=EDGE_CURVE('',#1671,#1646,#1057,.T.);
#2201=EDGE_CURVE('',#1670,#1671,#1058,.T.);
#2202=EDGE_CURVE('',#1647,#1672,#1059,.T.);
#2203=EDGE_CURVE('',#1671,#1672,#423,.T.);
#2204=EDGE_CURVE('',#1672,#1673,#424,.T.);
#2205=EDGE_CURVE('',#1673,#1648,#1060,.T.);
#2206=EDGE_CURVE('',#1649,#1674,#1061,.T.);
#2207=EDGE_CURVE('',#1673,#1674,#425,.T.);
#2208=EDGE_CURVE('',#1674,#1675,#1363,.T.);
#2209=EDGE_CURVE('',#1675,#1425,#1062,.T.);
#2210=EDGE_CURVE('',#1675,#1676,#31,.T.);
#2211=EDGE_CURVE('',#1676,#1426,#1063,.T.);
#2212=EDGE_CURVE('',#1677,#1593,#1064,.T.);
#2213=EDGE_CURVE('',#1676,#1677,#1364,.T.);
#2214=EDGE_CURVE('',#1678,#1650,#426,.T.);
#2215=EDGE_CURVE('',#1677,#1678,#427,.T.);
#2216=EDGE_CURVE('',#1679,#1678,#428,.T.);
#2217=EDGE_CURVE('',#1653,#1679,#429,.T.);
#2218=EDGE_CURVE('',#1657,#1680,#430,.T.);
#2219=EDGE_CURVE('',#1680,#1679,#431,.T.);
#2220=EDGE_CURVE('',#1680,#1681,#432,.T.);
#2221=EDGE_CURVE('',#1496,#1681,#1065,.T.);
#2222=EDGE_CURVE('',#1495,#1682,#1066,.T.);
#2223=EDGE_CURVE('',#1681,#1682,#1067,.T.);
#2224=EDGE_CURVE('',#1682,#1683,#433,.T.);
#2225=EDGE_CURVE('',#1683,#1662,#434,.T.);
#2226=EDGE_CURVE('',#1683,#1684,#435,.T.);
#2227=EDGE_CURVE('',#1665,#1684,#436,.T.);
#2228=EDGE_CURVE('',#1568,#1685,#437,.T.);
#2229=EDGE_CURVE('',#1684,#1685,#438,.T.);
#2230=EDGE_CURVE('',#1685,#1686,#439,.T.);
#2231=EDGE_CURVE('',#1686,#1475,#1068,.T.);
#2232=EDGE_CURVE('',#1596,#1668,#440,.T.);
#2233=EDGE_CURVE('',#1686,#1595,#1069,.T.);
#2234=ORIENTED_EDGE('',*,*,#1687,.T.);
#2235=ORIENTED_EDGE('',*,*,#1688,.T.);
#2236=ORIENTED_EDGE('',*,*,#1689,.T.);
#2237=ORIENTED_EDGE('',*,*,#1690,.T.);
#2238=ORIENTED_EDGE('',*,*,#1691,.T.);
#2239=ORIENTED_EDGE('',*,*,#1692,.T.);
#2240=ORIENTED_EDGE('',*,*,#1689,.F.);
#2241=ORIENTED_EDGE('',*,*,#1693,.T.);
#2242=ORIENTED_EDGE('',*,*,#1694,.T.);
#2243=ORIENTED_EDGE('',*,*,#1695,.T.);
#2244=ORIENTED_EDGE('',*,*,#1691,.F.);
#2245=ORIENTED_EDGE('',*,*,#1696,.T.);
#2246=ORIENTED_EDGE('',*,*,#1697,.T.);
#2247=ORIENTED_EDGE('',*,*,#1698,.T.);
#2248=ORIENTED_EDGE('',*,*,#1694,.F.);
#2249=ORIENTED_EDGE('',*,*,#1699,.T.);
#2250=ORIENTED_EDGE('',*,*,#1700,.T.);
#2251=ORIENTED_EDGE('',*,*,#1701,.T.);
#2252=ORIENTED_EDGE('',*,*,#1697,.F.);
#2253=ORIENTED_EDGE('',*,*,#1702,.T.);
#2254=ORIENTED_EDGE('',*,*,#1703,.T.);
#2255=ORIENTED_EDGE('',*,*,#1704,.T.);
#2256=ORIENTED_EDGE('',*,*,#1700,.F.);
#2257=ORIENTED_EDGE('',*,*,#1705,.T.);
#2258=ORIENTED_EDGE('',*,*,#1706,.T.);
#2259=ORIENTED_EDGE('',*,*,#1707,.T.);
#2260=ORIENTED_EDGE('',*,*,#1703,.F.);
#2261=ORIENTED_EDGE('',*,*,#1708,.T.);
#2262=ORIENTED_EDGE('',*,*,#1687,.F.);
#2263=ORIENTED_EDGE('',*,*,#1709,.T.);
#2264=ORIENTED_EDGE('',*,*,#1706,.F.);
#2265=ORIENTED_EDGE('',*,*,#1710,.T.);
#2266=ORIENTED_EDGE('',*,*,#1699,.F.);
#2267=ORIENTED_EDGE('',*,*,#1711,.T.);
#2268=ORIENTED_EDGE('',*,*,#1712,.F.);
#2269=ORIENTED_EDGE('',*,*,#1713,.F.);
#2270=ORIENTED_EDGE('',*,*,#1714,.F.);
#2271=ORIENTED_EDGE('',*,*,#1696,.F.);
#2272=ORIENTED_EDGE('',*,*,#1715,.F.);
#2273=ORIENTED_EDGE('',*,*,#1716,.F.);
#2274=ORIENTED_EDGE('',*,*,#1711,.F.);
#2275=ORIENTED_EDGE('',*,*,#1693,.F.);
#2276=ORIENTED_EDGE('',*,*,#1717,.T.);
#2277=ORIENTED_EDGE('',*,*,#1718,.F.);
#2278=ORIENTED_EDGE('',*,*,#1715,.T.);
#2279=ORIENTED_EDGE('',*,*,#1688,.F.);
#2280=ORIENTED_EDGE('',*,*,#1719,.T.);
#2281=ORIENTED_EDGE('',*,*,#1720,.F.);
#2282=ORIENTED_EDGE('',*,*,#1717,.F.);
#2283=ORIENTED_EDGE('',*,*,#1721,.F.);
#2284=ORIENTED_EDGE('',*,*,#1722,.F.);
#2285=ORIENTED_EDGE('',*,*,#1723,.F.);
#2286=ORIENTED_EDGE('',*,*,#1724,.F.);
#2287=ORIENTED_EDGE('',*,*,#1725,.F.);
#2288=ORIENTED_EDGE('',*,*,#1726,.F.);
#2289=ORIENTED_EDGE('',*,*,#1727,.F.);
#2290=ORIENTED_EDGE('',*,*,#1728,.F.);
#2291=ORIENTED_EDGE('',*,*,#1729,.F.);
#2292=ORIENTED_EDGE('',*,*,#1730,.F.);
#2293=ORIENTED_EDGE('',*,*,#1731,.F.);
#2294=ORIENTED_EDGE('',*,*,#1732,.F.);
#2295=ORIENTED_EDGE('',*,*,#1733,.F.);
#2296=ORIENTED_EDGE('',*,*,#1734,.F.);
#2297=ORIENTED_EDGE('',*,*,#1690,.F.);
#2298=ORIENTED_EDGE('',*,*,#1692,.F.);
#2299=ORIENTED_EDGE('',*,*,#1695,.F.);
#2300=ORIENTED_EDGE('',*,*,#1698,.F.);
#2301=ORIENTED_EDGE('',*,*,#1701,.F.);
#2302=ORIENTED_EDGE('',*,*,#1704,.F.);
#2303=ORIENTED_EDGE('',*,*,#1707,.F.);
#2304=ORIENTED_EDGE('',*,*,#1709,.F.);
#2305=ORIENTED_EDGE('',*,*,#1735,.T.);
#2306=ORIENTED_EDGE('',*,*,#1736,.T.);
#2307=ORIENTED_EDGE('',*,*,#1737,.T.);
#2308=ORIENTED_EDGE('',*,*,#1738,.T.);
#2309=ORIENTED_EDGE('',*,*,#1739,.T.);
#2310=ORIENTED_EDGE('',*,*,#1740,.T.);
#2311=ORIENTED_EDGE('',*,*,#1735,.F.);
#2312=ORIENTED_EDGE('',*,*,#1741,.T.);
#2313=ORIENTED_EDGE('',*,*,#1742,.T.);
#2314=ORIENTED_EDGE('',*,*,#1743,.T.);
#2315=ORIENTED_EDGE('',*,*,#1739,.F.);
#2316=ORIENTED_EDGE('',*,*,#1713,.T.);
#2317=ORIENTED_EDGE('',*,*,#1744,.T.);
#2318=ORIENTED_EDGE('',*,*,#1745,.T.);
#2319=ORIENTED_EDGE('',*,*,#1742,.F.);
#2320=ORIENTED_EDGE('',*,*,#1712,.T.);
#2321=ORIENTED_EDGE('',*,*,#1746,.T.);
#2322=ORIENTED_EDGE('',*,*,#1747,.T.);
#2323=ORIENTED_EDGE('',*,*,#1744,.F.);
#2324=ORIENTED_EDGE('',*,*,#1716,.T.);
#2325=ORIENTED_EDGE('',*,*,#1748,.T.);
#2326=ORIENTED_EDGE('',*,*,#1749,.T.);
#2327=ORIENTED_EDGE('',*,*,#1746,.F.);
#2328=ORIENTED_EDGE('',*,*,#1718,.T.);
#2329=ORIENTED_EDGE('',*,*,#1750,.T.);
#2330=ORIENTED_EDGE('',*,*,#1751,.T.);
#2331=ORIENTED_EDGE('',*,*,#1748,.F.);
#2332=ORIENTED_EDGE('',*,*,#1720,.T.);
#2333=ORIENTED_EDGE('',*,*,#1752,.T.);
#2334=ORIENTED_EDGE('',*,*,#1753,.T.);
#2335=ORIENTED_EDGE('',*,*,#1750,.F.);
#2336=ORIENTED_EDGE('',*,*,#1754,.T.);
#2337=ORIENTED_EDGE('',*,*,#1755,.T.);
#2338=ORIENTED_EDGE('',*,*,#1756,.T.);
#2339=ORIENTED_EDGE('',*,*,#1752,.F.);
#2340=ORIENTED_EDGE('',*,*,#1757,.T.);
#2341=ORIENTED_EDGE('',*,*,#1737,.F.);
#2342=ORIENTED_EDGE('',*,*,#1758,.T.);
#2343=ORIENTED_EDGE('',*,*,#1755,.F.);
#2344=ORIENTED_EDGE('',*,*,#1759,.T.);
#2345=ORIENTED_EDGE('',*,*,#1702,.F.);
#2346=ORIENTED_EDGE('',*,*,#1714,.T.);
#2347=ORIENTED_EDGE('',*,*,#1741,.F.);
#2348=ORIENTED_EDGE('',*,*,#1760,.F.);
#2349=ORIENTED_EDGE('',*,*,#1745,.F.);
#2350=ORIENTED_EDGE('',*,*,#1747,.F.);
#2351=ORIENTED_EDGE('',*,*,#1749,.F.);
#2352=ORIENTED_EDGE('',*,*,#1751,.F.);
#2353=ORIENTED_EDGE('',*,*,#1753,.F.);
#2354=ORIENTED_EDGE('',*,*,#1756,.F.);
#2355=ORIENTED_EDGE('',*,*,#1758,.F.);
#2356=ORIENTED_EDGE('',*,*,#1761,.T.);
#2357=ORIENTED_EDGE('',*,*,#1762,.F.);
#2358=ORIENTED_EDGE('',*,*,#1763,.F.);
#2359=ORIENTED_EDGE('',*,*,#1764,.F.);
#2360=ORIENTED_EDGE('',*,*,#1765,.F.);
#2361=ORIENTED_EDGE('',*,*,#1766,.F.);
#2362=ORIENTED_EDGE('',*,*,#1767,.F.);
#2363=ORIENTED_EDGE('',*,*,#1768,.F.);
#2364=ORIENTED_EDGE('',*,*,#1769,.T.);
#2365=ORIENTED_EDGE('',*,*,#1770,.F.);
#2366=ORIENTED_EDGE('',*,*,#1771,.F.);
#2367=ORIENTED_EDGE('',*,*,#1772,.F.);
#2368=ORIENTED_EDGE('',*,*,#1773,.T.);
#2369=ORIENTED_EDGE('',*,*,#1774,.T.);
#2370=ORIENTED_EDGE('',*,*,#1775,.T.);
#2371=ORIENTED_EDGE('',*,*,#1776,.T.);
#2372=ORIENTED_EDGE('',*,*,#1727,.T.);
#2373=ORIENTED_EDGE('',*,*,#1777,.T.);
#2374=ORIENTED_EDGE('',*,*,#1728,.T.);
#2375=ORIENTED_EDGE('',*,*,#1776,.F.);
#2376=ORIENTED_EDGE('',*,*,#1778,.T.);
#2377=ORIENTED_EDGE('',*,*,#1779,.T.);
#2378=ORIENTED_EDGE('',*,*,#1729,.T.);
#2379=ORIENTED_EDGE('',*,*,#1777,.F.);
#2380=ORIENTED_EDGE('',*,*,#1780,.T.);
#2381=ORIENTED_EDGE('',*,*,#1781,.T.);
#2382=ORIENTED_EDGE('',*,*,#1730,.T.);
#2383=ORIENTED_EDGE('',*,*,#1779,.F.);
#2384=ORIENTED_EDGE('',*,*,#1782,.T.);
#2385=ORIENTED_EDGE('',*,*,#1783,.T.);
#2386=ORIENTED_EDGE('',*,*,#1731,.T.);
#2387=ORIENTED_EDGE('',*,*,#1781,.F.);
#2388=ORIENTED_EDGE('',*,*,#1784,.T.);
#2389=ORIENTED_EDGE('',*,*,#1785,.T.);
#2390=ORIENTED_EDGE('',*,*,#1732,.T.);
#2391=ORIENTED_EDGE('',*,*,#1783,.F.);
#2392=ORIENTED_EDGE('',*,*,#1786,.T.);
#2393=ORIENTED_EDGE('',*,*,#1787,.T.);
#2394=ORIENTED_EDGE('',*,*,#1733,.T.);
#2395=ORIENTED_EDGE('',*,*,#1785,.F.);
#2396=ORIENTED_EDGE('',*,*,#1788,.T.);
#2397=ORIENTED_EDGE('',*,*,#1774,.F.);
#2398=ORIENTED_EDGE('',*,*,#1734,.T.);
#2399=ORIENTED_EDGE('',*,*,#1787,.F.);
#2400=ORIENTED_EDGE('',*,*,#1789,.T.);
#2401=ORIENTED_EDGE('',*,*,#1782,.F.);
#2402=ORIENTED_EDGE('',*,*,#1790,.T.);
#2403=ORIENTED_EDGE('',*,*,#1791,.F.);
#2404=ORIENTED_EDGE('',*,*,#1792,.F.);
#2405=ORIENTED_EDGE('',*,*,#1793,.F.);
#2406=ORIENTED_EDGE('',*,*,#1780,.F.);
#2407=ORIENTED_EDGE('',*,*,#1794,.T.);
#2408=ORIENTED_EDGE('',*,*,#1795,.F.);
#2409=ORIENTED_EDGE('',*,*,#1790,.F.);
#2410=ORIENTED_EDGE('',*,*,#1778,.F.);
#2411=ORIENTED_EDGE('',*,*,#1796,.T.);
#2412=ORIENTED_EDGE('',*,*,#1797,.F.);
#2413=ORIENTED_EDGE('',*,*,#1794,.F.);
#2414=ORIENTED_EDGE('',*,*,#1775,.F.);
#2415=ORIENTED_EDGE('',*,*,#1798,.T.);
#2416=ORIENTED_EDGE('',*,*,#1799,.F.);
#2417=ORIENTED_EDGE('',*,*,#1796,.F.);
#2418=ORIENTED_EDGE('',*,*,#1800,.T.);
#2419=ORIENTED_EDGE('',*,*,#1801,.T.);
#2420=ORIENTED_EDGE('',*,*,#1802,.T.);
#2421=ORIENTED_EDGE('',*,*,#1803,.T.);
#2422=ORIENTED_EDGE('',*,*,#1804,.T.);
#2423=ORIENTED_EDGE('',*,*,#1805,.T.);
#2424=ORIENTED_EDGE('',*,*,#1800,.F.);
#2425=ORIENTED_EDGE('',*,*,#1806,.T.);
#2426=ORIENTED_EDGE('',*,*,#1807,.T.);
#2427=ORIENTED_EDGE('',*,*,#1808,.T.);
#2428=ORIENTED_EDGE('',*,*,#1804,.F.);
#2429=ORIENTED_EDGE('',*,*,#1792,.T.);
#2430=ORIENTED_EDGE('',*,*,#1809,.T.);
#2431=ORIENTED_EDGE('',*,*,#1762,.T.);
#2432=ORIENTED_EDGE('',*,*,#1807,.F.);
#2433=ORIENTED_EDGE('',*,*,#1791,.T.);
#2434=ORIENTED_EDGE('',*,*,#1810,.T.);
#2435=ORIENTED_EDGE('',*,*,#1763,.T.);
#2436=ORIENTED_EDGE('',*,*,#1809,.F.);
#2437=ORIENTED_EDGE('',*,*,#1795,.T.);
#2438=ORIENTED_EDGE('',*,*,#1811,.T.);
#2439=ORIENTED_EDGE('',*,*,#1764,.T.);
#2440=ORIENTED_EDGE('',*,*,#1810,.F.);
#2441=ORIENTED_EDGE('',*,*,#1797,.T.);
#2442=ORIENTED_EDGE('',*,*,#1812,.T.);
#2443=ORIENTED_EDGE('',*,*,#1765,.T.);
#2444=ORIENTED_EDGE('',*,*,#1811,.F.);
#2445=ORIENTED_EDGE('',*,*,#1799,.T.);
#2446=ORIENTED_EDGE('',*,*,#1813,.T.);
#2447=ORIENTED_EDGE('',*,*,#1766,.T.);
#2448=ORIENTED_EDGE('',*,*,#1812,.F.);
#2449=ORIENTED_EDGE('',*,*,#1814,.T.);
#2450=ORIENTED_EDGE('',*,*,#1815,.T.);
#2451=ORIENTED_EDGE('',*,*,#1767,.T.);
#2452=ORIENTED_EDGE('',*,*,#1813,.F.);
#2453=ORIENTED_EDGE('',*,*,#1816,.T.);
#2454=ORIENTED_EDGE('',*,*,#1802,.F.);
#2455=ORIENTED_EDGE('',*,*,#1768,.T.);
#2456=ORIENTED_EDGE('',*,*,#1815,.F.);
#2457=ORIENTED_EDGE('',*,*,#1817,.T.);
#2458=ORIENTED_EDGE('',*,*,#1784,.F.);
#2459=ORIENTED_EDGE('',*,*,#1793,.T.);
#2460=ORIENTED_EDGE('',*,*,#1806,.F.);
#2461=ORIENTED_EDGE('',*,*,#1818,.T.);
#2462=ORIENTED_EDGE('',*,*,#1819,.T.);
#2463=ORIENTED_EDGE('',*,*,#1820,.T.);
#2464=ORIENTED_EDGE('',*,*,#1821,.T.);
#2465=ORIENTED_EDGE('',*,*,#1822,.T.);
#2466=ORIENTED_EDGE('',*,*,#1823,.T.);
#2467=ORIENTED_EDGE('',*,*,#1824,.T.);
#2468=ORIENTED_EDGE('',*,*,#1819,.F.);
#2469=ORIENTED_EDGE('',*,*,#1825,.T.);
#2470=ORIENTED_EDGE('',*,*,#1826,.T.);
#2471=ORIENTED_EDGE('',*,*,#1827,.T.);
#2472=ORIENTED_EDGE('',*,*,#1823,.F.);
#2473=ORIENTED_EDGE('',*,*,#1828,.T.);
#2474=ORIENTED_EDGE('',*,*,#1829,.T.);
#2475=ORIENTED_EDGE('',*,*,#1830,.T.);
#2476=ORIENTED_EDGE('',*,*,#1826,.F.);
#2477=ORIENTED_EDGE('',*,*,#1831,.T.);
#2478=ORIENTED_EDGE('',*,*,#1832,.T.);
#2479=ORIENTED_EDGE('',*,*,#1833,.T.);
#2480=ORIENTED_EDGE('',*,*,#1829,.F.);
#2481=ORIENTED_EDGE('',*,*,#1834,.T.);
#2482=ORIENTED_EDGE('',*,*,#1835,.T.);
#2483=ORIENTED_EDGE('',*,*,#1836,.T.);
#2484=ORIENTED_EDGE('',*,*,#1832,.F.);
#2485=ORIENTED_EDGE('',*,*,#1837,.T.);
#2486=ORIENTED_EDGE('',*,*,#1838,.T.);
#2487=ORIENTED_EDGE('',*,*,#1839,.T.);
#2488=ORIENTED_EDGE('',*,*,#1835,.F.);
#2489=ORIENTED_EDGE('',*,*,#1840,.T.);
#2490=ORIENTED_EDGE('',*,*,#1821,.F.);
#2491=ORIENTED_EDGE('',*,*,#1841,.T.);
#2492=ORIENTED_EDGE('',*,*,#1838,.F.);
#2493=ORIENTED_EDGE('',*,*,#1842,.T.);
#2494=ORIENTED_EDGE('',*,*,#1831,.F.);
#2495=ORIENTED_EDGE('',*,*,#1843,.T.);
#2496=ORIENTED_EDGE('',*,*,#1844,.F.);
#2497=ORIENTED_EDGE('',*,*,#1845,.F.);
#2498=ORIENTED_EDGE('',*,*,#1828,.F.);
#2499=ORIENTED_EDGE('',*,*,#1846,.F.);
#2500=ORIENTED_EDGE('',*,*,#1847,.F.);
#2501=ORIENTED_EDGE('',*,*,#1843,.F.);
#2502=ORIENTED_EDGE('',*,*,#1825,.F.);
#2503=ORIENTED_EDGE('',*,*,#1848,.T.);
#2504=ORIENTED_EDGE('',*,*,#1849,.F.);
#2505=ORIENTED_EDGE('',*,*,#1846,.T.);
#2506=ORIENTED_EDGE('',*,*,#1822,.F.);
#2507=ORIENTED_EDGE('',*,*,#1850,.T.);
#2508=ORIENTED_EDGE('',*,*,#1851,.F.);
#2509=ORIENTED_EDGE('',*,*,#1848,.F.);
#2510=ORIENTED_EDGE('',*,*,#1852,.T.);
#2511=ORIENTED_EDGE('',*,*,#1853,.F.);
#2512=ORIENTED_EDGE('',*,*,#1854,.F.);
#2513=ORIENTED_EDGE('',*,*,#1855,.F.);
#2514=ORIENTED_EDGE('',*,*,#1856,.T.);
#2515=ORIENTED_EDGE('',*,*,#1857,.F.);
#2516=ORIENTED_EDGE('',*,*,#1858,.F.);
#2517=ORIENTED_EDGE('',*,*,#1859,.F.);
#2518=ORIENTED_EDGE('',*,*,#1860,.F.);
#2519=ORIENTED_EDGE('',*,*,#1861,.F.);
#2520=ORIENTED_EDGE('',*,*,#1862,.F.);
#2521=ORIENTED_EDGE('',*,*,#1863,.F.);
#2522=ORIENTED_EDGE('',*,*,#1864,.F.);
#2523=ORIENTED_EDGE('',*,*,#1865,.F.);
#2524=ORIENTED_EDGE('',*,*,#1866,.F.);
#2525=ORIENTED_EDGE('',*,*,#1867,.F.);
#2526=ORIENTED_EDGE('',*,*,#1820,.F.);
#2527=ORIENTED_EDGE('',*,*,#1824,.F.);
#2528=ORIENTED_EDGE('',*,*,#1827,.F.);
#2529=ORIENTED_EDGE('',*,*,#1830,.F.);
#2530=ORIENTED_EDGE('',*,*,#1833,.F.);
#2531=ORIENTED_EDGE('',*,*,#1836,.F.);
#2532=ORIENTED_EDGE('',*,*,#1839,.F.);
#2533=ORIENTED_EDGE('',*,*,#1841,.F.);
#2534=ORIENTED_EDGE('',*,*,#1868,.T.);
#2535=ORIENTED_EDGE('',*,*,#1869,.T.);
#2536=ORIENTED_EDGE('',*,*,#1870,.T.);
#2537=ORIENTED_EDGE('',*,*,#1871,.T.);
#2538=ORIENTED_EDGE('',*,*,#1872,.T.);
#2539=ORIENTED_EDGE('',*,*,#1873,.T.);
#2540=ORIENTED_EDGE('',*,*,#1870,.F.);
#2541=ORIENTED_EDGE('',*,*,#1844,.T.);
#2542=ORIENTED_EDGE('',*,*,#1874,.T.);
#2543=ORIENTED_EDGE('',*,*,#1875,.T.);
#2544=ORIENTED_EDGE('',*,*,#1872,.F.);
#2545=ORIENTED_EDGE('',*,*,#1847,.T.);
#2546=ORIENTED_EDGE('',*,*,#1876,.T.);
#2547=ORIENTED_EDGE('',*,*,#1877,.T.);
#2548=ORIENTED_EDGE('',*,*,#1874,.F.);
#2549=ORIENTED_EDGE('',*,*,#1849,.T.);
#2550=ORIENTED_EDGE('',*,*,#1878,.T.);
#2551=ORIENTED_EDGE('',*,*,#1879,.T.);
#2552=ORIENTED_EDGE('',*,*,#1876,.F.);
#2553=ORIENTED_EDGE('',*,*,#1851,.T.);
#2554=ORIENTED_EDGE('',*,*,#1880,.T.);
#2555=ORIENTED_EDGE('',*,*,#1881,.T.);
#2556=ORIENTED_EDGE('',*,*,#1878,.F.);
#2557=ORIENTED_EDGE('',*,*,#1882,.T.);
#2558=ORIENTED_EDGE('',*,*,#1883,.T.);
#2559=ORIENTED_EDGE('',*,*,#1884,.T.);
#2560=ORIENTED_EDGE('',*,*,#1880,.F.);
#2561=ORIENTED_EDGE('',*,*,#1885,.T.);
#2562=ORIENTED_EDGE('',*,*,#1868,.F.);
#2563=ORIENTED_EDGE('',*,*,#1886,.T.);
#2564=ORIENTED_EDGE('',*,*,#1883,.F.);
#2565=ORIENTED_EDGE('',*,*,#1887,.T.);
#2566=ORIENTED_EDGE('',*,*,#1834,.F.);
#2567=ORIENTED_EDGE('',*,*,#1845,.T.);
#2568=ORIENTED_EDGE('',*,*,#1869,.F.);
#2569=ORIENTED_EDGE('',*,*,#1888,.F.);
#2570=ORIENTED_EDGE('',*,*,#1889,.F.);
#2571=ORIENTED_EDGE('',*,*,#1890,.T.);
#2572=ORIENTED_EDGE('',*,*,#1891,.F.);
#2573=ORIENTED_EDGE('',*,*,#1892,.F.);
#2574=ORIENTED_EDGE('',*,*,#1893,.F.);
#2575=ORIENTED_EDGE('',*,*,#1894,.F.);
#2576=ORIENTED_EDGE('',*,*,#1895,.F.);
#2577=ORIENTED_EDGE('',*,*,#1896,.F.);
#2578=ORIENTED_EDGE('',*,*,#1897,.F.);
#2579=ORIENTED_EDGE('',*,*,#1898,.F.);
#2580=ORIENTED_EDGE('',*,*,#1899,.F.);
#2581=ORIENTED_EDGE('',*,*,#1900,.F.);
#2582=ORIENTED_EDGE('',*,*,#1871,.F.);
#2583=ORIENTED_EDGE('',*,*,#1873,.F.);
#2584=ORIENTED_EDGE('',*,*,#1875,.F.);
#2585=ORIENTED_EDGE('',*,*,#1877,.F.);
#2586=ORIENTED_EDGE('',*,*,#1879,.F.);
#2587=ORIENTED_EDGE('',*,*,#1881,.F.);
#2588=ORIENTED_EDGE('',*,*,#1884,.F.);
#2589=ORIENTED_EDGE('',*,*,#1886,.F.);
#2590=ORIENTED_EDGE('',*,*,#1901,.T.);
#2591=ORIENTED_EDGE('',*,*,#1860,.T.);
#2592=ORIENTED_EDGE('',*,*,#1902,.T.);
#2593=ORIENTED_EDGE('',*,*,#1903,.T.);
#2594=ORIENTED_EDGE('',*,*,#1904,.T.);
#2595=ORIENTED_EDGE('',*,*,#1861,.T.);
#2596=ORIENTED_EDGE('',*,*,#1901,.F.);
#2597=ORIENTED_EDGE('',*,*,#1905,.T.);
#2598=ORIENTED_EDGE('',*,*,#1906,.T.);
#2599=ORIENTED_EDGE('',*,*,#1862,.T.);
#2600=ORIENTED_EDGE('',*,*,#1904,.F.);
#2601=ORIENTED_EDGE('',*,*,#1907,.T.);
#2602=ORIENTED_EDGE('',*,*,#1908,.T.);
#2603=ORIENTED_EDGE('',*,*,#1863,.T.);
#2604=ORIENTED_EDGE('',*,*,#1906,.F.);
#2605=ORIENTED_EDGE('',*,*,#1909,.T.);
#2606=ORIENTED_EDGE('',*,*,#1910,.T.);
#2607=ORIENTED_EDGE('',*,*,#1864,.T.);
#2608=ORIENTED_EDGE('',*,*,#1908,.F.);
#2609=ORIENTED_EDGE('',*,*,#1911,.T.);
#2610=ORIENTED_EDGE('',*,*,#1912,.T.);
#2611=ORIENTED_EDGE('',*,*,#1865,.T.);
#2612=ORIENTED_EDGE('',*,*,#1910,.F.);
#2613=ORIENTED_EDGE('',*,*,#1913,.T.);
#2614=ORIENTED_EDGE('',*,*,#1914,.T.);
#2615=ORIENTED_EDGE('',*,*,#1866,.T.);
#2616=ORIENTED_EDGE('',*,*,#1912,.F.);
#2617=ORIENTED_EDGE('',*,*,#1915,.T.);
#2618=ORIENTED_EDGE('',*,*,#1902,.F.);
#2619=ORIENTED_EDGE('',*,*,#1867,.T.);
#2620=ORIENTED_EDGE('',*,*,#1914,.F.);
#2621=ORIENTED_EDGE('',*,*,#1916,.T.);
#2622=ORIENTED_EDGE('',*,*,#1909,.F.);
#2623=ORIENTED_EDGE('',*,*,#1917,.T.);
#2624=ORIENTED_EDGE('',*,*,#1918,.F.);
#2625=ORIENTED_EDGE('',*,*,#1919,.F.);
#2626=ORIENTED_EDGE('',*,*,#1907,.F.);
#2627=ORIENTED_EDGE('',*,*,#1920,.T.);
#2628=ORIENTED_EDGE('',*,*,#1921,.F.);
#2629=ORIENTED_EDGE('',*,*,#1917,.F.);
#2630=ORIENTED_EDGE('',*,*,#1905,.F.);
#2631=ORIENTED_EDGE('',*,*,#1922,.T.);
#2632=ORIENTED_EDGE('',*,*,#1923,.F.);
#2633=ORIENTED_EDGE('',*,*,#1920,.F.);
#2634=ORIENTED_EDGE('',*,*,#1903,.F.);
#2635=ORIENTED_EDGE('',*,*,#1924,.T.);
#2636=ORIENTED_EDGE('',*,*,#1925,.F.);
#2637=ORIENTED_EDGE('',*,*,#1922,.F.);
#2638=ORIENTED_EDGE('',*,*,#1926,.T.);
#2639=ORIENTED_EDGE('',*,*,#1927,.T.);
#2640=ORIENTED_EDGE('',*,*,#1928,.T.);
#2641=ORIENTED_EDGE('',*,*,#1893,.T.);
#2642=ORIENTED_EDGE('',*,*,#1929,.T.);
#2643=ORIENTED_EDGE('',*,*,#1894,.T.);
#2644=ORIENTED_EDGE('',*,*,#1928,.F.);
#2645=ORIENTED_EDGE('',*,*,#1918,.T.);
#2646=ORIENTED_EDGE('',*,*,#1930,.T.);
#2647=ORIENTED_EDGE('',*,*,#1895,.T.);
#2648=ORIENTED_EDGE('',*,*,#1929,.F.);
#2649=ORIENTED_EDGE('',*,*,#1921,.T.);
#2650=ORIENTED_EDGE('',*,*,#1931,.T.);
#2651=ORIENTED_EDGE('',*,*,#1896,.T.);
#2652=ORIENTED_EDGE('',*,*,#1930,.F.);
#2653=ORIENTED_EDGE('',*,*,#1923,.T.);
#2654=ORIENTED_EDGE('',*,*,#1932,.T.);
#2655=ORIENTED_EDGE('',*,*,#1897,.T.);
#2656=ORIENTED_EDGE('',*,*,#1931,.F.);
#2657=ORIENTED_EDGE('',*,*,#1925,.T.);
#2658=ORIENTED_EDGE('',*,*,#1933,.T.);
#2659=ORIENTED_EDGE('',*,*,#1898,.T.);
#2660=ORIENTED_EDGE('',*,*,#1932,.F.);
#2661=ORIENTED_EDGE('',*,*,#1934,.T.);
#2662=ORIENTED_EDGE('',*,*,#1935,.T.);
#2663=ORIENTED_EDGE('',*,*,#1899,.T.);
#2664=ORIENTED_EDGE('',*,*,#1933,.F.);
#2665=ORIENTED_EDGE('',*,*,#1936,.T.);
#2666=ORIENTED_EDGE('',*,*,#1926,.F.);
#2667=ORIENTED_EDGE('',*,*,#1900,.T.);
#2668=ORIENTED_EDGE('',*,*,#1935,.F.);
#2669=ORIENTED_EDGE('',*,*,#1937,.T.);
#2670=ORIENTED_EDGE('',*,*,#1911,.F.);
#2671=ORIENTED_EDGE('',*,*,#1919,.T.);
#2672=ORIENTED_EDGE('',*,*,#1927,.F.);
#2673=ORIENTED_EDGE('',*,*,#1938,.T.);
#2674=ORIENTED_EDGE('',*,*,#1939,.T.);
#2675=ORIENTED_EDGE('',*,*,#1940,.T.);
#2676=ORIENTED_EDGE('',*,*,#1941,.T.);
#2677=ORIENTED_EDGE('',*,*,#1942,.T.);
#2678=ORIENTED_EDGE('',*,*,#1943,.T.);
#2679=ORIENTED_EDGE('',*,*,#1944,.T.);
#2680=ORIENTED_EDGE('',*,*,#1939,.F.);
#2681=ORIENTED_EDGE('',*,*,#1945,.T.);
#2682=ORIENTED_EDGE('',*,*,#1946,.T.);
#2683=ORIENTED_EDGE('',*,*,#1947,.T.);
#2684=ORIENTED_EDGE('',*,*,#1943,.F.);
#2685=ORIENTED_EDGE('',*,*,#1948,.T.);
#2686=ORIENTED_EDGE('',*,*,#1949,.T.);
#2687=ORIENTED_EDGE('',*,*,#1950,.T.);
#2688=ORIENTED_EDGE('',*,*,#1946,.F.);
#2689=ORIENTED_EDGE('',*,*,#1951,.T.);
#2690=ORIENTED_EDGE('',*,*,#1952,.T.);
#2691=ORIENTED_EDGE('',*,*,#1953,.T.);
#2692=ORIENTED_EDGE('',*,*,#1949,.F.);
#2693=ORIENTED_EDGE('',*,*,#1954,.T.);
#2694=ORIENTED_EDGE('',*,*,#1955,.T.);
#2695=ORIENTED_EDGE('',*,*,#1956,.T.);
#2696=ORIENTED_EDGE('',*,*,#1952,.F.);
#2697=ORIENTED_EDGE('',*,*,#1957,.T.);
#2698=ORIENTED_EDGE('',*,*,#1958,.T.);
#2699=ORIENTED_EDGE('',*,*,#1959,.T.);
#2700=ORIENTED_EDGE('',*,*,#1955,.F.);
#2701=ORIENTED_EDGE('',*,*,#1960,.T.);
#2702=ORIENTED_EDGE('',*,*,#1941,.F.);
#2703=ORIENTED_EDGE('',*,*,#1961,.T.);
#2704=ORIENTED_EDGE('',*,*,#1958,.F.);
#2705=ORIENTED_EDGE('',*,*,#1962,.T.);
#2706=ORIENTED_EDGE('',*,*,#1951,.F.);
#2707=ORIENTED_EDGE('',*,*,#1963,.F.);
#2708=ORIENTED_EDGE('',*,*,#1964,.F.);
#2709=ORIENTED_EDGE('',*,*,#1965,.T.);
#2710=ORIENTED_EDGE('',*,*,#1948,.F.);
#2711=ORIENTED_EDGE('',*,*,#1966,.F.);
#2712=ORIENTED_EDGE('',*,*,#1967,.F.);
#2713=ORIENTED_EDGE('',*,*,#1963,.T.);
#2714=ORIENTED_EDGE('',*,*,#1945,.F.);
#2715=ORIENTED_EDGE('',*,*,#1968,.F.);
#2716=ORIENTED_EDGE('',*,*,#1969,.F.);
#2717=ORIENTED_EDGE('',*,*,#1966,.T.);
#2718=ORIENTED_EDGE('',*,*,#1942,.F.);
#2719=ORIENTED_EDGE('',*,*,#1970,.T.);
#2720=ORIENTED_EDGE('',*,*,#1971,.F.);
#2721=ORIENTED_EDGE('',*,*,#1968,.T.);
#2722=ORIENTED_EDGE('',*,*,#1972,.F.);
#2723=ORIENTED_EDGE('',*,*,#1973,.T.);
#2724=ORIENTED_EDGE('',*,*,#1974,.F.);
#2725=ORIENTED_EDGE('',*,*,#1890,.F.);
#2726=ORIENTED_EDGE('',*,*,#1975,.F.);
#2727=ORIENTED_EDGE('',*,*,#1976,.F.);
#2728=ORIENTED_EDGE('',*,*,#1977,.F.);
#2729=ORIENTED_EDGE('',*,*,#1978,.F.);
#2730=ORIENTED_EDGE('',*,*,#1979,.F.);
#2731=ORIENTED_EDGE('',*,*,#1980,.F.);
#2732=ORIENTED_EDGE('',*,*,#1981,.F.);
#2733=ORIENTED_EDGE('',*,*,#1982,.F.);
#2734=ORIENTED_EDGE('',*,*,#1940,.F.);
#2735=ORIENTED_EDGE('',*,*,#1944,.F.);
#2736=ORIENTED_EDGE('',*,*,#1947,.F.);
#2737=ORIENTED_EDGE('',*,*,#1950,.F.);
#2738=ORIENTED_EDGE('',*,*,#1953,.F.);
#2739=ORIENTED_EDGE('',*,*,#1956,.F.);
#2740=ORIENTED_EDGE('',*,*,#1959,.F.);
#2741=ORIENTED_EDGE('',*,*,#1961,.F.);
#2742=ORIENTED_EDGE('',*,*,#1983,.T.);
#2743=ORIENTED_EDGE('',*,*,#1984,.T.);
#2744=ORIENTED_EDGE('',*,*,#1985,.T.);
#2745=ORIENTED_EDGE('',*,*,#1986,.T.);
#2746=ORIENTED_EDGE('',*,*,#1987,.T.);
#2747=ORIENTED_EDGE('',*,*,#1988,.T.);
#2748=ORIENTED_EDGE('',*,*,#1983,.F.);
#2749=ORIENTED_EDGE('',*,*,#1964,.T.);
#2750=ORIENTED_EDGE('',*,*,#1989,.T.);
#2751=ORIENTED_EDGE('',*,*,#1990,.T.);
#2752=ORIENTED_EDGE('',*,*,#1987,.F.);
#2753=ORIENTED_EDGE('',*,*,#1967,.T.);
#2754=ORIENTED_EDGE('',*,*,#1991,.T.);
#2755=ORIENTED_EDGE('',*,*,#1992,.T.);
#2756=ORIENTED_EDGE('',*,*,#1989,.F.);
#2757=ORIENTED_EDGE('',*,*,#1969,.T.);
#2758=ORIENTED_EDGE('',*,*,#1993,.T.);
#2759=ORIENTED_EDGE('',*,*,#1994,.T.);
#2760=ORIENTED_EDGE('',*,*,#1991,.F.);
#2761=ORIENTED_EDGE('',*,*,#1971,.T.);
#2762=ORIENTED_EDGE('',*,*,#1995,.T.);
#2763=ORIENTED_EDGE('',*,*,#1996,.T.);
#2764=ORIENTED_EDGE('',*,*,#1993,.F.);
#2765=ORIENTED_EDGE('',*,*,#1997,.T.);
#2766=ORIENTED_EDGE('',*,*,#1998,.T.);
#2767=ORIENTED_EDGE('',*,*,#1999,.T.);
#2768=ORIENTED_EDGE('',*,*,#1995,.F.);
#2769=ORIENTED_EDGE('',*,*,#2000,.T.);
#2770=ORIENTED_EDGE('',*,*,#1985,.F.);
#2771=ORIENTED_EDGE('',*,*,#2001,.T.);
#2772=ORIENTED_EDGE('',*,*,#1998,.F.);
#2773=ORIENTED_EDGE('',*,*,#2002,.T.);
#2774=ORIENTED_EDGE('',*,*,#1954,.F.);
#2775=ORIENTED_EDGE('',*,*,#1965,.F.);
#2776=ORIENTED_EDGE('',*,*,#1986,.F.);
#2777=ORIENTED_EDGE('',*,*,#2003,.T.);
#2778=ORIENTED_EDGE('',*,*,#2004,.F.);
#2779=ORIENTED_EDGE('',*,*,#2005,.F.);
#2780=ORIENTED_EDGE('',*,*,#2006,.F.);
#2781=ORIENTED_EDGE('',*,*,#2007,.F.);
#2782=ORIENTED_EDGE('',*,*,#2008,.F.);
#2783=ORIENTED_EDGE('',*,*,#1858,.T.);
#2784=ORIENTED_EDGE('',*,*,#2009,.F.);
#2785=ORIENTED_EDGE('',*,*,#2010,.F.);
#2786=ORIENTED_EDGE('',*,*,#2011,.F.);
#2787=ORIENTED_EDGE('',*,*,#2012,.F.);
#2788=ORIENTED_EDGE('',*,*,#2013,.F.);
#2789=ORIENTED_EDGE('',*,*,#2014,.F.);
#2790=ORIENTED_EDGE('',*,*,#2015,.F.);
#2791=ORIENTED_EDGE('',*,*,#2016,.F.);
#2792=ORIENTED_EDGE('',*,*,#1984,.F.);
#2793=ORIENTED_EDGE('',*,*,#1988,.F.);
#2794=ORIENTED_EDGE('',*,*,#1990,.F.);
#2795=ORIENTED_EDGE('',*,*,#1992,.F.);
#2796=ORIENTED_EDGE('',*,*,#1994,.F.);
#2797=ORIENTED_EDGE('',*,*,#1996,.F.);
#2798=ORIENTED_EDGE('',*,*,#1999,.F.);
#2799=ORIENTED_EDGE('',*,*,#2001,.F.);
#2800=ORIENTED_EDGE('',*,*,#2017,.T.);
#2801=ORIENTED_EDGE('',*,*,#2009,.T.);
#2802=ORIENTED_EDGE('',*,*,#2018,.T.);
#2803=ORIENTED_EDGE('',*,*,#2019,.T.);
#2804=ORIENTED_EDGE('',*,*,#2020,.T.);
#2805=ORIENTED_EDGE('',*,*,#2010,.T.);
#2806=ORIENTED_EDGE('',*,*,#2017,.F.);
#2807=ORIENTED_EDGE('',*,*,#2021,.T.);
#2808=ORIENTED_EDGE('',*,*,#2022,.T.);
#2809=ORIENTED_EDGE('',*,*,#2011,.T.);
#2810=ORIENTED_EDGE('',*,*,#2020,.F.);
#2811=ORIENTED_EDGE('',*,*,#2023,.T.);
#2812=ORIENTED_EDGE('',*,*,#2024,.T.);
#2813=ORIENTED_EDGE('',*,*,#2012,.T.);
#2814=ORIENTED_EDGE('',*,*,#2022,.F.);
#2815=ORIENTED_EDGE('',*,*,#2025,.T.);
#2816=ORIENTED_EDGE('',*,*,#2026,.T.);
#2817=ORIENTED_EDGE('',*,*,#2013,.T.);
#2818=ORIENTED_EDGE('',*,*,#2024,.F.);
#2819=ORIENTED_EDGE('',*,*,#2027,.T.);
#2820=ORIENTED_EDGE('',*,*,#2028,.T.);
#2821=ORIENTED_EDGE('',*,*,#2014,.T.);
#2822=ORIENTED_EDGE('',*,*,#2026,.F.);
#2823=ORIENTED_EDGE('',*,*,#2029,.T.);
#2824=ORIENTED_EDGE('',*,*,#2030,.T.);
#2825=ORIENTED_EDGE('',*,*,#2015,.T.);
#2826=ORIENTED_EDGE('',*,*,#2028,.F.);
#2827=ORIENTED_EDGE('',*,*,#2031,.T.);
#2828=ORIENTED_EDGE('',*,*,#2018,.F.);
#2829=ORIENTED_EDGE('',*,*,#2016,.T.);
#2830=ORIENTED_EDGE('',*,*,#2030,.F.);
#2831=ORIENTED_EDGE('',*,*,#2032,.T.);
#2832=ORIENTED_EDGE('',*,*,#2025,.F.);
#2833=ORIENTED_EDGE('',*,*,#2033,.T.);
#2834=ORIENTED_EDGE('',*,*,#2034,.F.);
#2835=ORIENTED_EDGE('',*,*,#2035,.F.);
#2836=ORIENTED_EDGE('',*,*,#2023,.F.);
#2837=ORIENTED_EDGE('',*,*,#2036,.F.);
#2838=ORIENTED_EDGE('',*,*,#2037,.F.);
#2839=ORIENTED_EDGE('',*,*,#2033,.F.);
#2840=ORIENTED_EDGE('',*,*,#2021,.F.);
#2841=ORIENTED_EDGE('',*,*,#2038,.T.);
#2842=ORIENTED_EDGE('',*,*,#2039,.F.);
#2843=ORIENTED_EDGE('',*,*,#2036,.T.);
#2844=ORIENTED_EDGE('',*,*,#2019,.F.);
#2845=ORIENTED_EDGE('',*,*,#2040,.T.);
#2846=ORIENTED_EDGE('',*,*,#2041,.F.);
#2847=ORIENTED_EDGE('',*,*,#2038,.F.);
#2848=ORIENTED_EDGE('',*,*,#2042,.T.);
#2849=ORIENTED_EDGE('',*,*,#1975,.T.);
#2850=ORIENTED_EDGE('',*,*,#2043,.T.);
#2851=ORIENTED_EDGE('',*,*,#2041,.T.);
#2852=ORIENTED_EDGE('',*,*,#2044,.T.);
#2853=ORIENTED_EDGE('',*,*,#1976,.T.);
#2854=ORIENTED_EDGE('',*,*,#2042,.F.);
#2855=ORIENTED_EDGE('',*,*,#2045,.T.);
#2856=ORIENTED_EDGE('',*,*,#2046,.T.);
#2857=ORIENTED_EDGE('',*,*,#1977,.T.);
#2858=ORIENTED_EDGE('',*,*,#2044,.F.);
#2859=ORIENTED_EDGE('',*,*,#2047,.T.);
#2860=ORIENTED_EDGE('',*,*,#2048,.T.);
#2861=ORIENTED_EDGE('',*,*,#1978,.T.);
#2862=ORIENTED_EDGE('',*,*,#2046,.F.);
#2863=ORIENTED_EDGE('',*,*,#2049,.T.);
#2864=ORIENTED_EDGE('',*,*,#2050,.T.);
#2865=ORIENTED_EDGE('',*,*,#1979,.T.);
#2866=ORIENTED_EDGE('',*,*,#2048,.F.);
#2867=ORIENTED_EDGE('',*,*,#2051,.T.);
#2868=ORIENTED_EDGE('',*,*,#2052,.T.);
#2869=ORIENTED_EDGE('',*,*,#1980,.T.);
#2870=ORIENTED_EDGE('',*,*,#2050,.F.);
#2871=ORIENTED_EDGE('',*,*,#2034,.T.);
#2872=ORIENTED_EDGE('',*,*,#2053,.T.);
#2873=ORIENTED_EDGE('',*,*,#1981,.T.);
#2874=ORIENTED_EDGE('',*,*,#2052,.F.);
#2875=ORIENTED_EDGE('',*,*,#2037,.T.);
#2876=ORIENTED_EDGE('',*,*,#2043,.F.);
#2877=ORIENTED_EDGE('',*,*,#1982,.T.);
#2878=ORIENTED_EDGE('',*,*,#2053,.F.);
#2879=ORIENTED_EDGE('',*,*,#2039,.T.);
#2880=ORIENTED_EDGE('',*,*,#2029,.F.);
#2881=ORIENTED_EDGE('',*,*,#2054,.T.);
#2882=ORIENTED_EDGE('',*,*,#2049,.F.);
#2883=ORIENTED_EDGE('',*,*,#2055,.F.);
#2884=ORIENTED_EDGE('',*,*,#2031,.F.);
#2885=ORIENTED_EDGE('',*,*,#2055,.T.);
#2886=ORIENTED_EDGE('',*,*,#2047,.F.);
#2887=ORIENTED_EDGE('',*,*,#2056,.F.);
#2888=ORIENTED_EDGE('',*,*,#2032,.F.);
#2889=ORIENTED_EDGE('',*,*,#2056,.T.);
#2890=ORIENTED_EDGE('',*,*,#2045,.F.);
#2891=ORIENTED_EDGE('',*,*,#2040,.F.);
#2892=ORIENTED_EDGE('',*,*,#1710,.F.);
#2893=ORIENTED_EDGE('',*,*,#2057,.T.);
#2894=ORIENTED_EDGE('',*,*,#1754,.F.);
#2895=ORIENTED_EDGE('',*,*,#1719,.F.);
#2896=ORIENTED_EDGE('',*,*,#1708,.F.);
#2897=ORIENTED_EDGE('',*,*,#2058,.T.);
#2898=ORIENTED_EDGE('',*,*,#1757,.F.);
#2899=ORIENTED_EDGE('',*,*,#2057,.F.);
#2900=ORIENTED_EDGE('',*,*,#1705,.F.);
#2901=ORIENTED_EDGE('',*,*,#1760,.T.);
#2902=ORIENTED_EDGE('',*,*,#1738,.F.);
#2903=ORIENTED_EDGE('',*,*,#1759,.F.);
#2904=ORIENTED_EDGE('',*,*,#2058,.F.);
#2905=ORIENTED_EDGE('',*,*,#1789,.F.);
#2906=ORIENTED_EDGE('',*,*,#2059,.T.);
#2907=ORIENTED_EDGE('',*,*,#1814,.F.);
#2908=ORIENTED_EDGE('',*,*,#1798,.F.);
#2909=ORIENTED_EDGE('',*,*,#1788,.F.);
#2910=ORIENTED_EDGE('',*,*,#2060,.T.);
#2911=ORIENTED_EDGE('',*,*,#1816,.F.);
#2912=ORIENTED_EDGE('',*,*,#2059,.F.);
#2913=ORIENTED_EDGE('',*,*,#1786,.F.);
#2914=ORIENTED_EDGE('',*,*,#1818,.F.);
#2915=ORIENTED_EDGE('',*,*,#1803,.F.);
#2916=ORIENTED_EDGE('',*,*,#1817,.F.);
#2917=ORIENTED_EDGE('',*,*,#2060,.F.);
#2918=ORIENTED_EDGE('',*,*,#1743,.F.);
#2919=ORIENTED_EDGE('',*,*,#1773,.F.);
#2920=ORIENTED_EDGE('',*,*,#2061,.F.);
#2921=ORIENTED_EDGE('',*,*,#2062,.F.);
#2922=ORIENTED_EDGE('',*,*,#2063,.F.);
#2923=ORIENTED_EDGE('',*,*,#1769,.F.);
#2924=ORIENTED_EDGE('',*,*,#1801,.F.);
#2925=ORIENTED_EDGE('',*,*,#1805,.F.);
#2926=ORIENTED_EDGE('',*,*,#1808,.F.);
#2927=ORIENTED_EDGE('',*,*,#1761,.F.);
#2928=ORIENTED_EDGE('',*,*,#1736,.F.);
#2929=ORIENTED_EDGE('',*,*,#1740,.F.);
#2930=ORIENTED_EDGE('',*,*,#1837,.F.);
#2931=ORIENTED_EDGE('',*,*,#1888,.T.);
#2932=ORIENTED_EDGE('',*,*,#1887,.F.);
#2933=ORIENTED_EDGE('',*,*,#2064,.F.);
#2934=ORIENTED_EDGE('',*,*,#1842,.F.);
#2935=ORIENTED_EDGE('',*,*,#2065,.T.);
#2936=ORIENTED_EDGE('',*,*,#1882,.F.);
#2937=ORIENTED_EDGE('',*,*,#1850,.F.);
#2938=ORIENTED_EDGE('',*,*,#1840,.F.);
#2939=ORIENTED_EDGE('',*,*,#2064,.T.);
#2940=ORIENTED_EDGE('',*,*,#1885,.F.);
#2941=ORIENTED_EDGE('',*,*,#2065,.F.);
#2942=ORIENTED_EDGE('',*,*,#1916,.F.);
#2943=ORIENTED_EDGE('',*,*,#2066,.T.);
#2944=ORIENTED_EDGE('',*,*,#1934,.F.);
#2945=ORIENTED_EDGE('',*,*,#1924,.F.);
#2946=ORIENTED_EDGE('',*,*,#1915,.F.);
#2947=ORIENTED_EDGE('',*,*,#2067,.T.);
#2948=ORIENTED_EDGE('',*,*,#1936,.F.);
#2949=ORIENTED_EDGE('',*,*,#2066,.F.);
#2950=ORIENTED_EDGE('',*,*,#1913,.F.);
#2951=ORIENTED_EDGE('',*,*,#1938,.F.);
#2952=ORIENTED_EDGE('',*,*,#1937,.F.);
#2953=ORIENTED_EDGE('',*,*,#2067,.F.);
#2954=ORIENTED_EDGE('',*,*,#2027,.F.);
#2955=ORIENTED_EDGE('',*,*,#2035,.T.);
#2956=ORIENTED_EDGE('',*,*,#2051,.F.);
#2957=ORIENTED_EDGE('',*,*,#2054,.F.);
#2958=ORIENTED_EDGE('',*,*,#1957,.F.);
#2959=ORIENTED_EDGE('',*,*,#2003,.F.);
#2960=ORIENTED_EDGE('',*,*,#2002,.F.);
#2961=ORIENTED_EDGE('',*,*,#2068,.T.);
#2962=ORIENTED_EDGE('',*,*,#1960,.F.);
#2963=ORIENTED_EDGE('',*,*,#2068,.F.);
#2964=ORIENTED_EDGE('',*,*,#2000,.F.);
#2965=ORIENTED_EDGE('',*,*,#2069,.T.);
#2966=ORIENTED_EDGE('',*,*,#1962,.F.);
#2967=ORIENTED_EDGE('',*,*,#2069,.F.);
#2968=ORIENTED_EDGE('',*,*,#1997,.F.);
#2969=ORIENTED_EDGE('',*,*,#1970,.F.);
#2970=ORIENTED_EDGE('',*,*,#2070,.F.);
#2971=ORIENTED_EDGE('',*,*,#2071,.T.);
#2972=ORIENTED_EDGE('',*,*,#2072,.T.);
#2973=ORIENTED_EDGE('',*,*,#1853,.T.);
#2974=ORIENTED_EDGE('',*,*,#1852,.F.);
#2975=ORIENTED_EDGE('',*,*,#2073,.T.);
#2976=ORIENTED_EDGE('',*,*,#2074,.T.);
#2977=ORIENTED_EDGE('',*,*,#2075,.T.);
#2978=ORIENTED_EDGE('',*,*,#2076,.T.);
#2979=ORIENTED_EDGE('',*,*,#2077,.F.);
#2980=ORIENTED_EDGE('',*,*,#1726,.T.);
#2981=ORIENTED_EDGE('',*,*,#2078,.F.);
#2982=ORIENTED_EDGE('',*,*,#2079,.T.);
#2983=ORIENTED_EDGE('',*,*,#2080,.T.);
#2984=ORIENTED_EDGE('',*,*,#1721,.T.);
#2985=ORIENTED_EDGE('',*,*,#2077,.T.);
#2986=ORIENTED_EDGE('',*,*,#2081,.T.);
#2987=ORIENTED_EDGE('',*,*,#2078,.T.);
#2988=ORIENTED_EDGE('',*,*,#2082,.T.);
#2989=ORIENTED_EDGE('',*,*,#2083,.F.);
#2990=ORIENTED_EDGE('',*,*,#2084,.T.);
#2991=ORIENTED_EDGE('',*,*,#2085,.F.);
#2992=ORIENTED_EDGE('',*,*,#2086,.T.);
#2993=ORIENTED_EDGE('',*,*,#2075,.F.);
#2994=ORIENTED_EDGE('',*,*,#2087,.T.);
#2995=ORIENTED_EDGE('',*,*,#2085,.T.);
#2996=ORIENTED_EDGE('',*,*,#2088,.T.);
#2997=ORIENTED_EDGE('',*,*,#2083,.T.);
#2998=ORIENTED_EDGE('',*,*,#2089,.T.);
#2999=ORIENTED_EDGE('',*,*,#2090,.T.);
#3000=ORIENTED_EDGE('',*,*,#2091,.T.);
#3001=ORIENTED_EDGE('',*,*,#2092,.F.);
#3002=ORIENTED_EDGE('',*,*,#2093,.T.);
#3003=ORIENTED_EDGE('',*,*,#2094,.T.);
#3004=ORIENTED_EDGE('',*,*,#2095,.T.);
#3005=ORIENTED_EDGE('',*,*,#2096,.F.);
#3006=ORIENTED_EDGE('',*,*,#2097,.T.);
#3007=ORIENTED_EDGE('',*,*,#2091,.F.);
#3008=ORIENTED_EDGE('',*,*,#2098,.F.);
#3009=ORIENTED_EDGE('',*,*,#2076,.F.);
#3010=ORIENTED_EDGE('',*,*,#2099,.T.);
#3011=ORIENTED_EDGE('',*,*,#2092,.T.);
#3012=ORIENTED_EDGE('',*,*,#2100,.T.);
#3013=ORIENTED_EDGE('',*,*,#2073,.F.);
#3014=ORIENTED_EDGE('',*,*,#2101,.T.);
#3015=ORIENTED_EDGE('',*,*,#2094,.F.);
#3016=ORIENTED_EDGE('',*,*,#2102,.T.);
#3017=ORIENTED_EDGE('',*,*,#2096,.T.);
#3018=ORIENTED_EDGE('',*,*,#1770,.T.);
#3019=ORIENTED_EDGE('',*,*,#2103,.F.);
#3020=ORIENTED_EDGE('',*,*,#2104,.T.);
#3021=ORIENTED_EDGE('',*,*,#2105,.F.);
#3022=ORIENTED_EDGE('',*,*,#2106,.T.);
#3023=ORIENTED_EDGE('',*,*,#2103,.T.);
#3024=ORIENTED_EDGE('',*,*,#2063,.T.);
#3025=ORIENTED_EDGE('',*,*,#2107,.T.);
#3026=ORIENTED_EDGE('',*,*,#2108,.T.);
#3027=ORIENTED_EDGE('',*,*,#2105,.T.);
#3028=ORIENTED_EDGE('',*,*,#2109,.T.);
#3029=ORIENTED_EDGE('',*,*,#2107,.F.);
#3030=ORIENTED_EDGE('',*,*,#2110,.F.);
#3031=ORIENTED_EDGE('',*,*,#2111,.F.);
#3032=ORIENTED_EDGE('',*,*,#2112,.F.);
#3033=ORIENTED_EDGE('',*,*,#2113,.F.);
#3034=ORIENTED_EDGE('',*,*,#2114,.F.);
#3035=ORIENTED_EDGE('',*,*,#2115,.F.);
#3036=ORIENTED_EDGE('',*,*,#2116,.F.);
#3037=ORIENTED_EDGE('',*,*,#2113,.T.);
#3038=ORIENTED_EDGE('',*,*,#2117,.F.);
#3039=ORIENTED_EDGE('',*,*,#2118,.F.);
#3040=ORIENTED_EDGE('',*,*,#2119,.F.);
#3041=ORIENTED_EDGE('',*,*,#2120,.T.);
#3042=ORIENTED_EDGE('',*,*,#2121,.T.);
#3043=ORIENTED_EDGE('',*,*,#2122,.T.);
#3044=ORIENTED_EDGE('',*,*,#2123,.T.);
#3045=ORIENTED_EDGE('',*,*,#2115,.T.);
#3046=ORIENTED_EDGE('',*,*,#2124,.T.);
#3047=ORIENTED_EDGE('',*,*,#2125,.T.);
#3048=ORIENTED_EDGE('',*,*,#2126,.T.);
#3049=ORIENTED_EDGE('',*,*,#2127,.T.);
#3050=ORIENTED_EDGE('',*,*,#2122,.F.);
#3051=ORIENTED_EDGE('',*,*,#1891,.T.);
#3052=ORIENTED_EDGE('',*,*,#2128,.T.);
#3053=ORIENTED_EDGE('',*,*,#2129,.T.);
#3054=ORIENTED_EDGE('',*,*,#2126,.F.);
#3055=ORIENTED_EDGE('',*,*,#1974,.T.);
#3056=ORIENTED_EDGE('',*,*,#2130,.T.);
#3057=ORIENTED_EDGE('',*,*,#2131,.T.);
#3058=ORIENTED_EDGE('',*,*,#2132,.T.);
#3059=ORIENTED_EDGE('',*,*,#2128,.F.);
#3060=ORIENTED_EDGE('',*,*,#2133,.T.);
#3061=ORIENTED_EDGE('',*,*,#2134,.T.);
#3062=ORIENTED_EDGE('',*,*,#2135,.T.);
#3063=ORIENTED_EDGE('',*,*,#2136,.F.);
#3064=ORIENTED_EDGE('',*,*,#2137,.T.);
#3065=ORIENTED_EDGE('',*,*,#2138,.F.);
#3066=ORIENTED_EDGE('',*,*,#2139,.T.);
#3067=ORIENTED_EDGE('',*,*,#2136,.T.);
#3068=ORIENTED_EDGE('',*,*,#2140,.T.);
#3069=ORIENTED_EDGE('',*,*,#2141,.T.);
#3070=ORIENTED_EDGE('',*,*,#2005,.T.);
#3071=ORIENTED_EDGE('',*,*,#2138,.T.);
#3072=ORIENTED_EDGE('',*,*,#2004,.T.);
#3073=ORIENTED_EDGE('',*,*,#2142,.F.);
#3074=ORIENTED_EDGE('',*,*,#2143,.T.);
#3075=ORIENTED_EDGE('',*,*,#2144,.F.);
#3076=ORIENTED_EDGE('',*,*,#2145,.F.);
#3077=ORIENTED_EDGE('',*,*,#2081,.F.);
#3078=ORIENTED_EDGE('',*,*,#2079,.F.);
#3079=ORIENTED_EDGE('',*,*,#2084,.F.);
#3080=ORIENTED_EDGE('',*,*,#2088,.F.);
#3081=ORIENTED_EDGE('',*,*,#2087,.F.);
#3082=ORIENTED_EDGE('',*,*,#2074,.F.);
#3083=ORIENTED_EDGE('',*,*,#2102,.F.);
#3084=ORIENTED_EDGE('',*,*,#2097,.F.);
#3085=ORIENTED_EDGE('',*,*,#2104,.F.);
#3086=ORIENTED_EDGE('',*,*,#2106,.F.);
#3087=ORIENTED_EDGE('',*,*,#2108,.F.);
#3088=ORIENTED_EDGE('',*,*,#2114,.T.);
#3089=ORIENTED_EDGE('',*,*,#2116,.T.);
#3090=ORIENTED_EDGE('',*,*,#2123,.F.);
#3091=ORIENTED_EDGE('',*,*,#2127,.F.);
#3092=ORIENTED_EDGE('',*,*,#2129,.F.);
#3093=ORIENTED_EDGE('',*,*,#2137,.F.);
#3094=ORIENTED_EDGE('',*,*,#2139,.F.);
#3095=ORIENTED_EDGE('',*,*,#2143,.F.);
#3096=ORIENTED_EDGE('',*,*,#2146,.F.);
#3097=ORIENTED_EDGE('',*,*,#2147,.T.);
#3098=ORIENTED_EDGE('',*,*,#2148,.T.);
#3099=ORIENTED_EDGE('',*,*,#2080,.F.);
#3100=ORIENTED_EDGE('',*,*,#2145,.T.);
#3101=ORIENTED_EDGE('',*,*,#2082,.F.);
#3102=ORIENTED_EDGE('',*,*,#1725,.T.);
#3103=ORIENTED_EDGE('',*,*,#2149,.F.);
#3104=ORIENTED_EDGE('',*,*,#2150,.T.);
#3105=ORIENTED_EDGE('',*,*,#2089,.F.);
#3106=ORIENTED_EDGE('',*,*,#2150,.F.);
#3107=ORIENTED_EDGE('',*,*,#2151,.F.);
#3108=ORIENTED_EDGE('',*,*,#2152,.F.);
#3109=ORIENTED_EDGE('',*,*,#2153,.F.);
#3110=ORIENTED_EDGE('',*,*,#2093,.F.);
#3111=ORIENTED_EDGE('',*,*,#2099,.F.);
#3112=ORIENTED_EDGE('',*,*,#2086,.F.);
#3113=ORIENTED_EDGE('',*,*,#2154,.F.);
#3114=ORIENTED_EDGE('',*,*,#2155,.T.);
#3115=ORIENTED_EDGE('',*,*,#2090,.F.);
#3116=ORIENTED_EDGE('',*,*,#2153,.T.);
#3117=ORIENTED_EDGE('',*,*,#2101,.F.);
#3118=ORIENTED_EDGE('',*,*,#2100,.F.);
#3119=ORIENTED_EDGE('',*,*,#2098,.T.);
#3120=ORIENTED_EDGE('',*,*,#2155,.F.);
#3121=ORIENTED_EDGE('',*,*,#2156,.F.);
#3122=ORIENTED_EDGE('',*,*,#2157,.F.);
#3123=ORIENTED_EDGE('',*,*,#1771,.T.);
#3124=ORIENTED_EDGE('',*,*,#2095,.F.);
#3125=ORIENTED_EDGE('',*,*,#2109,.F.);
#3126=ORIENTED_EDGE('',*,*,#2062,.T.);
#3127=ORIENTED_EDGE('',*,*,#2158,.F.);
#3128=ORIENTED_EDGE('',*,*,#2159,.T.);
#3129=ORIENTED_EDGE('',*,*,#2160,.T.);
#3130=ORIENTED_EDGE('',*,*,#2110,.T.);
#3131=ORIENTED_EDGE('',*,*,#2160,.F.);
#3132=ORIENTED_EDGE('',*,*,#2161,.T.);
#3133=ORIENTED_EDGE('',*,*,#2162,.T.);
#3134=ORIENTED_EDGE('',*,*,#2111,.T.);
#3135=ORIENTED_EDGE('',*,*,#2163,.T.);
#3136=ORIENTED_EDGE('',*,*,#2164,.T.);
#3137=ORIENTED_EDGE('',*,*,#2112,.T.);
#3138=ORIENTED_EDGE('',*,*,#2162,.F.);
#3139=ORIENTED_EDGE('',*,*,#2165,.T.);
#3140=ORIENTED_EDGE('',*,*,#2166,.T.);
#3141=ORIENTED_EDGE('',*,*,#2117,.T.);
#3142=ORIENTED_EDGE('',*,*,#2164,.F.);
#3143=ORIENTED_EDGE('',*,*,#2167,.T.);
#3144=ORIENTED_EDGE('',*,*,#2168,.T.);
#3145=ORIENTED_EDGE('',*,*,#2118,.T.);
#3146=ORIENTED_EDGE('',*,*,#2166,.F.);
#3147=ORIENTED_EDGE('',*,*,#2169,.F.);
#3148=ORIENTED_EDGE('',*,*,#2170,.F.);
#3149=ORIENTED_EDGE('',*,*,#2124,.F.);
#3150=ORIENTED_EDGE('',*,*,#2119,.T.);
#3151=ORIENTED_EDGE('',*,*,#2168,.F.);
#3152=ORIENTED_EDGE('',*,*,#2171,.T.);
#3153=ORIENTED_EDGE('',*,*,#2172,.F.);
#3154=ORIENTED_EDGE('',*,*,#2173,.T.);
#3155=ORIENTED_EDGE('',*,*,#2125,.F.);
#3156=ORIENTED_EDGE('',*,*,#2170,.T.);
#3157=ORIENTED_EDGE('',*,*,#2174,.F.);
#3158=ORIENTED_EDGE('',*,*,#2175,.T.);
#3159=ORIENTED_EDGE('',*,*,#2120,.F.);
#3160=ORIENTED_EDGE('',*,*,#2173,.F.);
#3161=ORIENTED_EDGE('',*,*,#2176,.F.);
#3162=ORIENTED_EDGE('',*,*,#1892,.T.);
#3163=ORIENTED_EDGE('',*,*,#2121,.F.);
#3164=ORIENTED_EDGE('',*,*,#2175,.F.);
#3165=ORIENTED_EDGE('',*,*,#2177,.F.);
#3166=ORIENTED_EDGE('',*,*,#2178,.F.);
#3167=ORIENTED_EDGE('',*,*,#2131,.F.);
#3168=ORIENTED_EDGE('',*,*,#2179,.F.);
#3169=ORIENTED_EDGE('',*,*,#2180,.F.);
#3170=ORIENTED_EDGE('',*,*,#2179,.T.);
#3171=ORIENTED_EDGE('',*,*,#2130,.F.);
#3172=ORIENTED_EDGE('',*,*,#1973,.F.);
#3173=ORIENTED_EDGE('',*,*,#2181,.F.);
#3174=ORIENTED_EDGE('',*,*,#2182,.F.);
#3175=ORIENTED_EDGE('',*,*,#2183,.T.);
#3176=ORIENTED_EDGE('',*,*,#2133,.F.);
#3177=ORIENTED_EDGE('',*,*,#2132,.F.);
#3178=ORIENTED_EDGE('',*,*,#2178,.T.);
#3179=ORIENTED_EDGE('',*,*,#2184,.F.);
#3180=ORIENTED_EDGE('',*,*,#2185,.T.);
#3181=ORIENTED_EDGE('',*,*,#2134,.F.);
#3182=ORIENTED_EDGE('',*,*,#2183,.F.);
#3183=ORIENTED_EDGE('',*,*,#2186,.F.);
#3184=ORIENTED_EDGE('',*,*,#2187,.T.);
#3185=ORIENTED_EDGE('',*,*,#2135,.F.);
#3186=ORIENTED_EDGE('',*,*,#2185,.F.);
#3187=ORIENTED_EDGE('',*,*,#2188,.F.);
#3188=ORIENTED_EDGE('',*,*,#2189,.T.);
#3189=ORIENTED_EDGE('',*,*,#2140,.F.);
#3190=ORIENTED_EDGE('',*,*,#2187,.F.);
#3191=ORIENTED_EDGE('',*,*,#2190,.F.);
#3192=ORIENTED_EDGE('',*,*,#2006,.T.);
#3193=ORIENTED_EDGE('',*,*,#2141,.F.);
#3194=ORIENTED_EDGE('',*,*,#2189,.F.);
#3195=ORIENTED_EDGE('',*,*,#2191,.T.);
#3196=ORIENTED_EDGE('',*,*,#2146,.T.);
#3197=ORIENTED_EDGE('',*,*,#2142,.T.);
#3198=ORIENTED_EDGE('',*,*,#1857,.T.);
#3199=ORIENTED_EDGE('',*,*,#2191,.F.);
#3200=ORIENTED_EDGE('',*,*,#1856,.F.);
#3201=ORIENTED_EDGE('',*,*,#1855,.T.);
#3202=ORIENTED_EDGE('',*,*,#2147,.F.);
#3203=ORIENTED_EDGE('',*,*,#2144,.T.);
#3204=ORIENTED_EDGE('',*,*,#2148,.F.);
#3205=ORIENTED_EDGE('',*,*,#1854,.T.);
#3206=ORIENTED_EDGE('',*,*,#2192,.F.);
#3207=ORIENTED_EDGE('',*,*,#1722,.T.);
#3208=ORIENTED_EDGE('',*,*,#2193,.T.);
#3209=ORIENTED_EDGE('',*,*,#1723,.T.);
#3210=ORIENTED_EDGE('',*,*,#2194,.F.);
#3211=ORIENTED_EDGE('',*,*,#2195,.T.);
#3212=ORIENTED_EDGE('',*,*,#2196,.F.);
#3213=ORIENTED_EDGE('',*,*,#1724,.T.);
#3214=ORIENTED_EDGE('',*,*,#2193,.F.);
#3215=ORIENTED_EDGE('',*,*,#2197,.T.);
#3216=ORIENTED_EDGE('',*,*,#2196,.T.);
#3217=ORIENTED_EDGE('',*,*,#2198,.T.);
#3218=ORIENTED_EDGE('',*,*,#2199,.T.);
#3219=ORIENTED_EDGE('',*,*,#2149,.T.);
#3220=ORIENTED_EDGE('',*,*,#2200,.T.);
#3221=ORIENTED_EDGE('',*,*,#2151,.T.);
#3222=ORIENTED_EDGE('',*,*,#2199,.F.);
#3223=ORIENTED_EDGE('',*,*,#2201,.T.);
#3224=ORIENTED_EDGE('',*,*,#2202,.F.);
#3225=ORIENTED_EDGE('',*,*,#2152,.T.);
#3226=ORIENTED_EDGE('',*,*,#2200,.F.);
#3227=ORIENTED_EDGE('',*,*,#2203,.T.);
#3228=ORIENTED_EDGE('',*,*,#2202,.T.);
#3229=ORIENTED_EDGE('',*,*,#2204,.T.);
#3230=ORIENTED_EDGE('',*,*,#2205,.T.);
#3231=ORIENTED_EDGE('',*,*,#2154,.T.);
#3232=ORIENTED_EDGE('',*,*,#2206,.F.);
#3233=ORIENTED_EDGE('',*,*,#2156,.T.);
#3234=ORIENTED_EDGE('',*,*,#2205,.F.);
#3235=ORIENTED_EDGE('',*,*,#2207,.T.);
#3236=ORIENTED_EDGE('',*,*,#2206,.T.);
#3237=ORIENTED_EDGE('',*,*,#2208,.T.);
#3238=ORIENTED_EDGE('',*,*,#2209,.T.);
#3239=ORIENTED_EDGE('',*,*,#2157,.T.);
#3240=ORIENTED_EDGE('',*,*,#2209,.F.);
#3241=ORIENTED_EDGE('',*,*,#2210,.T.);
#3242=ORIENTED_EDGE('',*,*,#2211,.T.);
#3243=ORIENTED_EDGE('',*,*,#1772,.T.);
#3244=ORIENTED_EDGE('',*,*,#2212,.T.);
#3245=ORIENTED_EDGE('',*,*,#2061,.T.);
#3246=ORIENTED_EDGE('',*,*,#2211,.F.);
#3247=ORIENTED_EDGE('',*,*,#2213,.T.);
#3248=ORIENTED_EDGE('',*,*,#2214,.T.);
#3249=ORIENTED_EDGE('',*,*,#2158,.T.);
#3250=ORIENTED_EDGE('',*,*,#2212,.F.);
#3251=ORIENTED_EDGE('',*,*,#2215,.T.);
#3252=ORIENTED_EDGE('',*,*,#2214,.F.);
#3253=ORIENTED_EDGE('',*,*,#2216,.F.);
#3254=ORIENTED_EDGE('',*,*,#2217,.F.);
#3255=ORIENTED_EDGE('',*,*,#2163,.F.);
#3256=ORIENTED_EDGE('',*,*,#2161,.F.);
#3257=ORIENTED_EDGE('',*,*,#2159,.F.);
#3258=ORIENTED_EDGE('',*,*,#2218,.F.);
#3259=ORIENTED_EDGE('',*,*,#2171,.F.);
#3260=ORIENTED_EDGE('',*,*,#2167,.F.);
#3261=ORIENTED_EDGE('',*,*,#2165,.F.);
#3262=ORIENTED_EDGE('',*,*,#2217,.T.);
#3263=ORIENTED_EDGE('',*,*,#2219,.F.);
#3264=ORIENTED_EDGE('',*,*,#2218,.T.);
#3265=ORIENTED_EDGE('',*,*,#2220,.T.);
#3266=ORIENTED_EDGE('',*,*,#2221,.F.);
#3267=ORIENTED_EDGE('',*,*,#2176,.T.);
#3268=ORIENTED_EDGE('',*,*,#2174,.T.);
#3269=ORIENTED_EDGE('',*,*,#2172,.T.);
#3270=ORIENTED_EDGE('',*,*,#2169,.T.);
#3271=ORIENTED_EDGE('',*,*,#2222,.F.);
#3272=ORIENTED_EDGE('',*,*,#1889,.T.);
#3273=ORIENTED_EDGE('',*,*,#2221,.T.);
#3274=ORIENTED_EDGE('',*,*,#2223,.T.);
#3275=ORIENTED_EDGE('',*,*,#2180,.T.);
#3276=ORIENTED_EDGE('',*,*,#1972,.T.);
#3277=ORIENTED_EDGE('',*,*,#2222,.T.);
#3278=ORIENTED_EDGE('',*,*,#2224,.T.);
#3279=ORIENTED_EDGE('',*,*,#2225,.T.);
#3280=ORIENTED_EDGE('',*,*,#2181,.T.);
#3281=ORIENTED_EDGE('',*,*,#2177,.T.);
#3282=ORIENTED_EDGE('',*,*,#2225,.F.);
#3283=ORIENTED_EDGE('',*,*,#2226,.T.);
#3284=ORIENTED_EDGE('',*,*,#2227,.F.);
#3285=ORIENTED_EDGE('',*,*,#2186,.T.);
#3286=ORIENTED_EDGE('',*,*,#2184,.T.);
#3287=ORIENTED_EDGE('',*,*,#2182,.T.);
#3288=ORIENTED_EDGE('',*,*,#2228,.F.);
#3289=ORIENTED_EDGE('',*,*,#2007,.T.);
#3290=ORIENTED_EDGE('',*,*,#2190,.T.);
#3291=ORIENTED_EDGE('',*,*,#2188,.T.);
#3292=ORIENTED_EDGE('',*,*,#2227,.T.);
#3293=ORIENTED_EDGE('',*,*,#2229,.T.);
#3294=ORIENTED_EDGE('',*,*,#2228,.T.);
#3295=ORIENTED_EDGE('',*,*,#2230,.T.);
#3296=ORIENTED_EDGE('',*,*,#2231,.T.);
#3297=ORIENTED_EDGE('',*,*,#2008,.T.);
#3298=ORIENTED_EDGE('',*,*,#2194,.T.);
#3299=ORIENTED_EDGE('',*,*,#2192,.T.);
#3300=ORIENTED_EDGE('',*,*,#2072,.F.);
#3301=ORIENTED_EDGE('',*,*,#2232,.T.);
#3302=ORIENTED_EDGE('',*,*,#2071,.F.);
#3303=ORIENTED_EDGE('',*,*,#2233,.F.);
#3304=ORIENTED_EDGE('',*,*,#2230,.F.);
#3305=ORIENTED_EDGE('',*,*,#2229,.F.);
#3306=ORIENTED_EDGE('',*,*,#2226,.F.);
#3307=ORIENTED_EDGE('',*,*,#2224,.F.);
#3308=ORIENTED_EDGE('',*,*,#2223,.F.);
#3309=ORIENTED_EDGE('',*,*,#2220,.F.);
#3310=ORIENTED_EDGE('',*,*,#2219,.T.);
#3311=ORIENTED_EDGE('',*,*,#2216,.T.);
#3312=ORIENTED_EDGE('',*,*,#2215,.F.);
#3313=ORIENTED_EDGE('',*,*,#2213,.F.);
#3314=ORIENTED_EDGE('',*,*,#2210,.F.);
#3315=ORIENTED_EDGE('',*,*,#2208,.F.);
#3316=ORIENTED_EDGE('',*,*,#2207,.F.);
#3317=ORIENTED_EDGE('',*,*,#2204,.F.);
#3318=ORIENTED_EDGE('',*,*,#2203,.F.);
#3319=ORIENTED_EDGE('',*,*,#2201,.F.);
#3320=ORIENTED_EDGE('',*,*,#2198,.F.);
#3321=ORIENTED_EDGE('',*,*,#2197,.F.);
#3322=ORIENTED_EDGE('',*,*,#2195,.F.);
#3323=ORIENTED_EDGE('',*,*,#2232,.F.);
#3324=ORIENTED_EDGE('',*,*,#2070,.T.);
#3325=ORIENTED_EDGE('',*,*,#1859,.T.);
#3326=ORIENTED_EDGE('',*,*,#2231,.F.);
#3327=ORIENTED_EDGE('',*,*,#2233,.T.);
#3328=CYLINDRICAL_SURFACE('',#3615,0.4);
#3329=CYLINDRICAL_SURFACE('',#3622,0.4);
#3330=CYLINDRICAL_SURFACE('',#3628,0.4);
#3331=CYLINDRICAL_SURFACE('',#3634,0.4);
#3332=CYLINDRICAL_SURFACE('',#3639,0.499999999999994);
#3333=CYLINDRICAL_SURFACE('',#3641,0.499999999999998);
#3334=CYLINDRICAL_SURFACE('',#3662,0.4);
#3335=CYLINDRICAL_SURFACE('',#3668,0.4);
#3336=CYLINDRICAL_SURFACE('',#3673,0.4);
#3337=CYLINDRICAL_SURFACE('',#3678,0.4);
#3338=CYLINDRICAL_SURFACE('',#3682,0.500000000000046);
#3339=CYLINDRICAL_SURFACE('',#3684,0.499999999999998);
#3340=CYLINDRICAL_SURFACE('',#3705,0.499999999999994);
#3341=CYLINDRICAL_SURFACE('',#3708,0.499999999999998);
#3342=CYLINDRICAL_SURFACE('',#3711,0.4);
#3343=CYLINDRICAL_SURFACE('',#3717,0.4);
#3344=CYLINDRICAL_SURFACE('',#3722,0.4);
#3345=CYLINDRICAL_SURFACE('',#3728,0.4);
#3346=CYLINDRICAL_SURFACE('',#3747,0.500000000000046);
#3347=CYLINDRICAL_SURFACE('',#3750,0.499999999999998);
#3348=CYLINDRICAL_SURFACE('',#3753,0.4);
#3349=CYLINDRICAL_SURFACE('',#3758,0.4);
#3350=CYLINDRICAL_SURFACE('',#3762,0.4);
#3351=CYLINDRICAL_SURFACE('',#3767,0.4);
#3352=CYLINDRICAL_SURFACE('',#3780,0.499999999999998);
#3353=CYLINDRICAL_SURFACE('',#3782,0.500000000000046);
#3354=CYLINDRICAL_SURFACE('',#3801,0.499999999999994);
#3355=CYLINDRICAL_SURFACE('',#3803,0.499999999999998);
#3356=CYLINDRICAL_SURFACE('',#3813,0.500000000000047);
#3357=CYLINDRICAL_SURFACE('',#3815,0.499999999999999);
#3358=CYLINDRICAL_SURFACE('',#3816,0.499999999999999);
#3359=CYLINDRICAL_SURFACE('',#3818,0.500000000000047);
#3360=CYLINDRICAL_SURFACE('',#3819,0.499999999999999);
#3361=CYLINDRICAL_SURFACE('',#3821,0.499999999999994);
#3362=CYLINDRICAL_SURFACE('',#3822,0.500000000000047);
#3363=CYLINDRICAL_SURFACE('',#3823,0.499999999999999);
#3364=CYLINDRICAL_SURFACE('',#3825,0.499999999999999);
#3365=CYLINDRICAL_SURFACE('',#3827,0.499999999999994);
#3366=CYLINDRICAL_SURFACE('',#3829,0.499999999999999);
#3367=CYLINDRICAL_SURFACE('',#3831,0.499999999999994);
#3368=CYLINDRICAL_SURFACE('',#3852,29.6666666666667);
#3369=CYLINDRICAL_SURFACE('',#3855,1.89989967552086);
#3370=CYLINDRICAL_SURFACE('',#3857,2.90457322636583);
#3371=CYLINDRICAL_SURFACE('',#3858,1.58694351506894);
#3372=CYLINDRICAL_SURFACE('',#3859,2.90457322635226);
#3373=CYLINDRICAL_SURFACE('',#3860,1.58694351508954);
#3374=CYLINDRICAL_SURFACE('',#3861,1.89989967611996);
#3375=ADVANCED_FACE('',(#459),#3328,.T.);
#3376=ADVANCED_FACE('',(#460),#441,.T.);
#3377=ADVANCED_FACE('',(#461),#3329,.T.);
#3378=ADVANCED_FACE('',(#462),#442,.T.);
#3379=ADVANCED_FACE('',(#463),#3330,.T.);
#3380=ADVANCED_FACE('',(#464),#443,.T.);
#3381=ADVANCED_FACE('',(#465),#3331,.T.);
#3382=ADVANCED_FACE('',(#466),#444,.T.);
#3383=ADVANCED_FACE('',(#467),#3332,.F.);
#3384=ADVANCED_FACE('',(#468),#161,.F.);
#3385=ADVANCED_FACE('',(#469),#3333,.F.);
#3386=ADVANCED_FACE('',(#470),#162,.F.);
#3387=ADVANCED_FACE('',(#471,#151,#152),#163,.F.);
#3388=ADVANCED_FACE('',(#472),#32,.F.);
#3389=ADVANCED_FACE('',(#473),#33,.F.);
#3390=ADVANCED_FACE('',(#474),#34,.F.);
#3391=ADVANCED_FACE('',(#475),#35,.F.);
#3392=ADVANCED_FACE('',(#476),#36,.F.);
#3393=ADVANCED_FACE('',(#477),#37,.F.);
#3394=ADVANCED_FACE('',(#478),#38,.F.);
#3395=ADVANCED_FACE('',(#479),#39,.F.);
#3396=ADVANCED_FACE('',(#480),#40,.F.);
#3397=ADVANCED_FACE('',(#481),#41,.F.);
#3398=ADVANCED_FACE('',(#482),#164,.F.);
#3399=ADVANCED_FACE('',(#483),#42,.T.);
#3400=ADVANCED_FACE('',(#484),#3334,.T.);
#3401=ADVANCED_FACE('',(#485),#445,.T.);
#3402=ADVANCED_FACE('',(#486),#3335,.T.);
#3403=ADVANCED_FACE('',(#487),#446,.T.);
#3404=ADVANCED_FACE('',(#488),#3336,.T.);
#3405=ADVANCED_FACE('',(#489),#447,.T.);
#3406=ADVANCED_FACE('',(#490),#3337,.T.);
#3407=ADVANCED_FACE('',(#491),#448,.T.);
#3408=ADVANCED_FACE('',(#492),#3338,.F.);
#3409=ADVANCED_FACE('',(#493),#165,.F.);
#3410=ADVANCED_FACE('',(#494),#3339,.F.);
#3411=ADVANCED_FACE('',(#495),#166,.F.);
#3412=ADVANCED_FACE('',(#496),#43,.F.);
#3413=ADVANCED_FACE('',(#497),#44,.F.);
#3414=ADVANCED_FACE('',(#498),#45,.F.);
#3415=ADVANCED_FACE('',(#499),#46,.F.);
#3416=ADVANCED_FACE('',(#500),#47,.F.);
#3417=ADVANCED_FACE('',(#501),#48,.F.);
#3418=ADVANCED_FACE('',(#502),#49,.F.);
#3419=ADVANCED_FACE('',(#503),#50,.F.);
#3420=ADVANCED_FACE('',(#504),#51,.F.);
#3421=ADVANCED_FACE('',(#505),#52,.F.);
#3422=ADVANCED_FACE('',(#506),#167,.F.);
#3423=ADVANCED_FACE('',(#507),#53,.F.);
#3424=ADVANCED_FACE('',(#508),#54,.F.);
#3425=ADVANCED_FACE('',(#509),#55,.F.);
#3426=ADVANCED_FACE('',(#510),#56,.F.);
#3427=ADVANCED_FACE('',(#511),#57,.F.);
#3428=ADVANCED_FACE('',(#512),#58,.F.);
#3429=ADVANCED_FACE('',(#513),#59,.F.);
#3430=ADVANCED_FACE('',(#514),#60,.F.);
#3431=ADVANCED_FACE('',(#515),#3340,.F.);
#3432=ADVANCED_FACE('',(#516),#168,.F.);
#3433=ADVANCED_FACE('',(#517),#3341,.F.);
#3434=ADVANCED_FACE('',(#518),#169,.F.);
#3435=ADVANCED_FACE('',(#519,#153,#154),#61,.T.);
#3436=ADVANCED_FACE('',(#520),#3342,.T.);
#3437=ADVANCED_FACE('',(#521),#449,.T.);
#3438=ADVANCED_FACE('',(#522),#3343,.T.);
#3439=ADVANCED_FACE('',(#523),#450,.T.);
#3440=ADVANCED_FACE('',(#524),#3344,.T.);
#3441=ADVANCED_FACE('',(#525),#451,.T.);
#3442=ADVANCED_FACE('',(#526),#3345,.T.);
#3443=ADVANCED_FACE('',(#527),#452,.T.);
#3444=ADVANCED_FACE('',(#528),#170,.F.);
#3445=ADVANCED_FACE('',(#529,#155,#156),#171,.T.);
#3446=ADVANCED_FACE('',(#530),#62,.F.);
#3447=ADVANCED_FACE('',(#531),#63,.F.);
#3448=ADVANCED_FACE('',(#532),#64,.F.);
#3449=ADVANCED_FACE('',(#533),#65,.F.);
#3450=ADVANCED_FACE('',(#534),#66,.F.);
#3451=ADVANCED_FACE('',(#535),#67,.F.);
#3452=ADVANCED_FACE('',(#536),#68,.F.);
#3453=ADVANCED_FACE('',(#537),#69,.F.);
#3454=ADVANCED_FACE('',(#538),#3346,.F.);
#3455=ADVANCED_FACE('',(#539),#172,.F.);
#3456=ADVANCED_FACE('',(#540),#3347,.F.);
#3457=ADVANCED_FACE('',(#541),#173,.F.);
#3458=ADVANCED_FACE('',(#542),#3348,.T.);
#3459=ADVANCED_FACE('',(#543),#453,.T.);
#3460=ADVANCED_FACE('',(#544),#3349,.T.);
#3461=ADVANCED_FACE('',(#545),#454,.T.);
#3462=ADVANCED_FACE('',(#546),#3350,.T.);
#3463=ADVANCED_FACE('',(#547),#455,.T.);
#3464=ADVANCED_FACE('',(#548),#3351,.T.);
#3465=ADVANCED_FACE('',(#549),#456,.T.);
#3466=ADVANCED_FACE('',(#550),#174,.F.);
#3467=ADVANCED_FACE('',(#551),#70,.F.);
#3468=ADVANCED_FACE('',(#552),#71,.F.);
#3469=ADVANCED_FACE('',(#553),#72,.F.);
#3470=ADVANCED_FACE('',(#554),#73,.F.);
#3471=ADVANCED_FACE('',(#555),#74,.F.);
#3472=ADVANCED_FACE('',(#556),#75,.F.);
#3473=ADVANCED_FACE('',(#557),#76,.F.);
#3474=ADVANCED_FACE('',(#558),#77,.F.);
#3475=ADVANCED_FACE('',(#559),#3352,.F.);
#3476=ADVANCED_FACE('',(#560),#175,.F.);
#3477=ADVANCED_FACE('',(#561),#3353,.F.);
#3478=ADVANCED_FACE('',(#562),#176,.F.);
#3479=ADVANCED_FACE('',(#563,#157,#158),#78,.F.);
#3480=ADVANCED_FACE('',(#564),#79,.F.);
#3481=ADVANCED_FACE('',(#565),#80,.F.);
#3482=ADVANCED_FACE('',(#566),#81,.F.);
#3483=ADVANCED_FACE('',(#567),#82,.F.);
#3484=ADVANCED_FACE('',(#568),#83,.F.);
#3485=ADVANCED_FACE('',(#569),#84,.F.);
#3486=ADVANCED_FACE('',(#570),#85,.F.);
#3487=ADVANCED_FACE('',(#571),#86,.F.);
#3488=ADVANCED_FACE('',(#572),#177,.F.);
#3489=ADVANCED_FACE('',(#573,#159,#160),#87,.F.);
#3490=ADVANCED_FACE('',(#574),#88,.F.);
#3491=ADVANCED_FACE('',(#575),#89,.F.);
#3492=ADVANCED_FACE('',(#576),#90,.F.);
#3493=ADVANCED_FACE('',(#577),#91,.F.);
#3494=ADVANCED_FACE('',(#578),#92,.F.);
#3495=ADVANCED_FACE('',(#579),#93,.F.);
#3496=ADVANCED_FACE('',(#580),#94,.F.);
#3497=ADVANCED_FACE('',(#581),#95,.F.);
#3498=ADVANCED_FACE('',(#582),#3354,.F.);
#3499=ADVANCED_FACE('',(#583),#178,.F.);
#3500=ADVANCED_FACE('',(#584),#3355,.F.);
#3501=ADVANCED_FACE('',(#585),#179,.F.);
#3502=ADVANCED_FACE('',(#586),#96,.F.);
#3503=ADVANCED_FACE('',(#587),#97,.F.);
#3504=ADVANCED_FACE('',(#588),#98,.F.);
#3505=ADVANCED_FACE('',(#589),#99,.F.);
#3506=ADVANCED_FACE('',(#590),#100,.F.);
#3507=ADVANCED_FACE('',(#591),#101,.F.);
#3508=ADVANCED_FACE('',(#592),#102,.F.);
#3509=ADVANCED_FACE('',(#593),#103,.F.);
#3510=ADVANCED_FACE('',(#594),#3356,.F.);
#3511=ADVANCED_FACE('',(#595),#180,.F.);
#3512=ADVANCED_FACE('',(#596),#3357,.F.);
#3513=ADVANCED_FACE('',(#597),#3358,.F.);
#3514=ADVANCED_FACE('',(#598),#181,.F.);
#3515=ADVANCED_FACE('',(#599),#3359,.F.);
#3516=ADVANCED_FACE('',(#600),#3360,.F.);
#3517=ADVANCED_FACE('',(#601),#182,.F.);
#3518=ADVANCED_FACE('',(#602),#3361,.F.);
#3519=ADVANCED_FACE('',(#603),#104,.T.);
#3520=ADVANCED_FACE('',(#604),#3362,.F.);
#3521=ADVANCED_FACE('',(#605),#3363,.F.);
#3522=ADVANCED_FACE('',(#606),#183,.F.);
#3523=ADVANCED_FACE('',(#607),#3364,.F.);
#3524=ADVANCED_FACE('',(#608),#184,.F.);
#3525=ADVANCED_FACE('',(#609),#3365,.F.);
#3526=ADVANCED_FACE('',(#610),#185,.F.);
#3527=ADVANCED_FACE('',(#611),#3366,.F.);
#3528=ADVANCED_FACE('',(#612),#186,.F.);
#3529=ADVANCED_FACE('',(#613),#3367,.F.);
#3530=ADVANCED_FACE('',(#614),#105,.T.);
#3531=ADVANCED_FACE('',(#615),#106,.T.);
#3532=ADVANCED_FACE('',(#616),#107,.T.);
#3533=ADVANCED_FACE('',(#617),#187,.T.);
#3534=ADVANCED_FACE('',(#618),#108,.T.);
#3535=ADVANCED_FACE('',(#619),#109,.T.);
#3536=ADVANCED_FACE('',(#620),#188,.T.);
#3537=ADVANCED_FACE('',(#621),#457,.T.);
#3538=ADVANCED_FACE('',(#622),#110,.T.);
#3539=ADVANCED_FACE('',(#623),#189,.T.);
#3540=ADVANCED_FACE('',(#624),#111,.F.);
#3541=ADVANCED_FACE('',(#625),#112,.T.);
#3542=ADVANCED_FACE('',(#626),#113,.T.);
#3543=ADVANCED_FACE('',(#627),#19,.F.);
#3544=ADVANCED_FACE('',(#628),#114,.T.);
#3545=ADVANCED_FACE('',(#629),#115,.F.);
#3546=ADVANCED_FACE('',(#630),#116,.T.);
#3547=ADVANCED_FACE('',(#631),#117,.T.);
#3548=ADVANCED_FACE('',(#632),#190,.T.);
#3549=ADVANCED_FACE('',(#633),#118,.T.);
#3550=ADVANCED_FACE('',(#634),#119,.F.);
#3551=ADVANCED_FACE('',(#635),#120,.T.);
#3552=ADVANCED_FACE('',(#636),#121,.T.);
#3553=ADVANCED_FACE('',(#637),#191,.T.);
#3554=ADVANCED_FACE('',(#638),#122,.T.);
#3555=ADVANCED_FACE('',(#639),#458,.T.);
#3556=ADVANCED_FACE('',(#640),#3368,.T.);
#3557=ADVANCED_FACE('',(#641),#123,.F.);
#3558=ADVANCED_FACE('',(#642),#124,.F.);
#3559=ADVANCED_FACE('',(#643),#125,.F.);
#3560=ADVANCED_FACE('',(#644),#192,.T.);
#3561=ADVANCED_FACE('',(#645),#126,.T.);
#3562=ADVANCED_FACE('',(#646),#3369,.T.);
#3563=ADVANCED_FACE('',(#647),#127,.T.);
#3564=ADVANCED_FACE('',(#648),#128,.T.);
#3565=ADVANCED_FACE('',(#649),#3370,.T.);
#3566=ADVANCED_FACE('',(#650),#3371,.F.);
#3567=ADVANCED_FACE('',(#651),#129,.T.);
#3568=ADVANCED_FACE('',(#652),#3372,.T.);
#3569=ADVANCED_FACE('',(#653),#3373,.F.);
#3570=ADVANCED_FACE('',(#654),#130,.F.);
#3571=ADVANCED_FACE('',(#655),#131,.F.);
#3572=ADVANCED_FACE('',(#656),#3374,.T.);
#3573=ADVANCED_FACE('',(#657),#132,.F.);
#3574=ADVANCED_FACE('',(#658),#193,.F.);
#3575=ADVANCED_FACE('',(#659),#194,.T.);
#3576=ADVANCED_FACE('',(#660),#133,.T.);
#3577=ADVANCED_FACE('',(#661),#134,.T.);
#3578=ADVANCED_FACE('',(#662),#195,.T.);
#3579=ADVANCED_FACE('',(#663),#135,.T.);
#3580=ADVANCED_FACE('',(#664),#136,.T.);
#3581=ADVANCED_FACE('',(#665),#196,.T.);
#3582=ADVANCED_FACE('',(#666),#137,.T.);
#3583=ADVANCED_FACE('',(#667),#138,.T.);
#3584=ADVANCED_FACE('',(#668),#139,.T.);
#3585=ADVANCED_FACE('',(#669),#140,.T.);
#3586=ADVANCED_FACE('',(#670),#141,.T.);
#3587=ADVANCED_FACE('',(#671),#20,.F.);
#3588=ADVANCED_FACE('',(#672),#142,.T.);
#3589=ADVANCED_FACE('',(#673),#143,.F.);
#3590=ADVANCED_FACE('',(#674),#144,.T.);
#3591=ADVANCED_FACE('',(#675),#145,.T.);
#3592=ADVANCED_FACE('',(#676),#197,.T.);
#3593=ADVANCED_FACE('',(#677),#146,.T.);
#3594=ADVANCED_FACE('',(#678),#147,.F.);
#3595=ADVANCED_FACE('',(#679),#148,.T.);
#3596=ADVANCED_FACE('',(#680),#149,.T.);
#3597=ADVANCED_FACE('',(#681),#150,.T.);
#3598=ADVANCED_FACE('',(#682),#198,.T.);
#3599=ADVANCED_FACE('',(#683),#199,.T.);
#3600=CLOSED_SHELL('',(#3375,#3376,#3377,#3378,#3379,#3380,#3381,#3382,
#3383,#3384,#3385,#3386,#3387,#3388,#3389,#3390,#3391,#3392,#3393,#3394,
#3395,#3396,#3397,#3398,#3399,#3400,#3401,#3402,#3403,#3404,#3405,#3406,
#3407,#3408,#3409,#3410,#3411,#3412,#3413,#3414,#3415,#3416,#3417,#3418,
#3419,#3420,#3421,#3422,#3423,#3424,#3425,#3426,#3427,#3428,#3429,#3430,
#3431,#3432,#3433,#3434,#3435,#3436,#3437,#3438,#3439,#3440,#3441,#3442,
#3443,#3444,#3445,#3446,#3447,#3448,#3449,#3450,#3451,#3452,#3453,#3454,
#3455,#3456,#3457,#3458,#3459,#3460,#3461,#3462,#3463,#3464,#3465,#3466,
#3467,#3468,#3469,#3470,#3471,#3472,#3473,#3474,#3475,#3476,#3477,#3478,
#3479,#3480,#3481,#3482,#3483,#3484,#3485,#3486,#3487,#3488,#3489,#3490,
#3491,#3492,#3493,#3494,#3495,#3496,#3497,#3498,#3499,#3500,#3501,#3502,
#3503,#3504,#3505,#3506,#3507,#3508,#3509,#3510,#3511,#3512,#3513,#3514,
#3515,#3516,#3517,#3518,#3519,#3520,#3521,#3522,#3523,#3524,#3525,#3526,
#3527,#3528,#3529,#3530,#3531,#3532,#3533,#3534,#3535,#3536,#3537,#3538,
#3539,#3540,#3541,#3542,#3543,#3544,#3545,#3546,#3547,#3548,#3549,#3550,
#3551,#3552,#3553,#3554,#3555,#3556,#3557,#3558,#3559,#3560,#3561,#3562,
#3563,#3564,#3565,#3566,#3567,#3568,#3569,#3570,#3571,#3572,#3573,#3574,
#3575,#3576,#3577,#3578,#3579,#3580,#3581,#3582,#3583,#3584,#3585,#3586,
#3587,#3588,#3589,#3590,#3591,#3592,#3593,#3594,#3595,#3596,#3597,#3598,
#3599));
#3601=DERIVED_UNIT_ELEMENT(#3603,1.);
#3602=DERIVED_UNIT_ELEMENT(#10238,-3.);
#3603=(
MASS_UNIT()
NAMED_UNIT(*)
SI_UNIT(.KILO.,.GRAM.)
);
#3604=DERIVED_UNIT((#3601,#3602));
#3605=MEASURE_REPRESENTATION_ITEM('density measure',
POSITIVE_RATIO_MEASURE(7850.),#3604);
#3606=PROPERTY_DEFINITION_REPRESENTATION(#3611,#3608);
#3607=PROPERTY_DEFINITION_REPRESENTATION(#3612,#3609);
#3608=REPRESENTATION('material name',(#3610),#10235);
#3609=REPRESENTATION('density',(#3605),#10235);
#3610=DESCRIPTIVE_REPRESENTATION_ITEM('Steel','Steel');
#3611=PROPERTY_DEFINITION('material property','material name',#10250);
#3612=PROPERTY_DEFINITION('material property','density of part',#10250);
#3613=AXIS2_PLACEMENT_3D('',#4556,#3877,#3878);
#3614=AXIS2_PLACEMENT_3D('',#4557,#3879,#3880);
#3615=AXIS2_PLACEMENT_3D('',#4558,#3881,#3882);
#3616=AXIS2_PLACEMENT_3D('',#4561,#3883,#3884);
#3617=AXIS2_PLACEMENT_3D('',#4565,#3886,#3887);
#3618=AXIS2_PLACEMENT_3D('',#4567,#3889,#3890);
#3619=AXIS2_PLACEMENT_3D('',#4570,#3891,#3892);
#3620=AXIS2_PLACEMENT_3D('',#4571,#3893,#3894);
#3621=AXIS2_PLACEMENT_3D('',#4572,#3895,#3896);
#3622=AXIS2_PLACEMENT_3D('',#4573,#3897,#3898);
#3623=AXIS2_PLACEMENT_3D('',#4576,#3899,#3900);
#3624=AXIS2_PLACEMENT_3D('',#4579,#3903,#3904);
#3625=AXIS2_PLACEMENT_3D('',#4582,#3905,#3906);
#3626=AXIS2_PLACEMENT_3D('',#4583,#3907,#3908);
#3627=AXIS2_PLACEMENT_3D('',#4584,#3909,#3910);
#3628=AXIS2_PLACEMENT_3D('',#4585,#3911,#3912);
#3629=AXIS2_PLACEMENT_3D('',#4588,#3913,#3914);
#3630=AXIS2_PLACEMENT_3D('',#4591,#3917,#3918);
#3631=AXIS2_PLACEMENT_3D('',#4594,#3919,#3920);
#3632=AXIS2_PLACEMENT_3D('',#4595,#3921,#3922);
#3633=AXIS2_PLACEMENT_3D('',#4596,#3923,#3924);
#3634=AXIS2_PLACEMENT_3D('',#4597,#3925,#3926);
#3635=AXIS2_PLACEMENT_3D('',#4600,#3927,#3928);
#3636=AXIS2_PLACEMENT_3D('',#4603,#3931,#3932);
#3637=AXIS2_PLACEMENT_3D('',#4604,#3933,#3934);
#3638=AXIS2_PLACEMENT_3D('',#4605,#3935,#3936);
#3639=AXIS2_PLACEMENT_3D('',#4606,#3937,#3938);
#3640=AXIS2_PLACEMENT_3D('',#4621,#3941,#3942);
#3641=AXIS2_PLACEMENT_3D('',#4628,#3944,#3945);
#3642=AXIS2_PLACEMENT_3D('',#4636,#3947,#3948);
#3643=AXIS2_PLACEMENT_3D('',#4643,#3950,#3951);
#3644=AXIS2_PLACEMENT_3D('',#4657,#3955,#3956);
#3645=AXIS2_PLACEMENT_3D('',#4666,#3958,#3959);
#3646=AXIS2_PLACEMENT_3D('',#4670,#3961,#3962);
#3647=AXIS2_PLACEMENT_3D('',#4674,#3964,#3965);
#3648=AXIS2_PLACEMENT_3D('',#4677,#3967,#3968);
#3649=AXIS2_PLACEMENT_3D('',#4705,#3969,#3970);
#3650=AXIS2_PLACEMENT_3D('',#4713,#3971,#3972);
#3651=AXIS2_PLACEMENT_3D('',#4740,#3973,#3974);
#3652=AXIS2_PLACEMENT_3D('',#4775,#3975,#3976);
#3653=AXIS2_PLACEMENT_3D('',#4802,#3977,#3978);
#3654=AXIS2_PLACEMENT_3D('',#4828,#3979,#3980);
#3655=AXIS2_PLACEMENT_3D('',#4859,#3981,#3982);
#3656=AXIS2_PLACEMENT_3D('',#4886,#3983,#3984);
#3657=AXIS2_PLACEMENT_3D('',#4918,#3985,#3986);
#3658=AXIS2_PLACEMENT_3D('',#4951,#3987,#3988);
#3659=AXIS2_PLACEMENT_3D('',#4988,#3989,#3990);
#3660=AXIS2_PLACEMENT_3D('',#5041,#3994,#3995);
#3661=AXIS2_PLACEMENT_3D('',#5045,#3997,#3998);
#3662=AXIS2_PLACEMENT_3D('',#5047,#4000,#4001);
#3663=AXIS2_PLACEMENT_3D('',#5049,#4002,#4003);
#3664=AXIS2_PLACEMENT_3D('',#5052,#4005,#4006);
#3665=AXIS2_PLACEMENT_3D('',#5053,#4007,#4008);
#3666=AXIS2_PLACEMENT_3D('',#5055,#4009,#4010);
#3667=AXIS2_PLACEMENT_3D('',#5056,#4011,#4012);
#3668=AXIS2_PLACEMENT_3D('',#5057,#4013,#4014);
#3669=AXIS2_PLACEMENT_3D('',#5059,#4015,#4016);
#3670=AXIS2_PLACEMENT_3D('',#5061,#4018,#4019);
#3671=AXIS2_PLACEMENT_3D('',#5063,#4020,#4021);
#3672=AXIS2_PLACEMENT_3D('',#5064,#4022,#4023);
#3673=AXIS2_PLACEMENT_3D('',#5065,#4024,#4025);
#3674=AXIS2_PLACEMENT_3D('',#5067,#4026,#4027);
#3675=AXIS2_PLACEMENT_3D('',#5069,#4029,#4030);
#3676=AXIS2_PLACEMENT_3D('',#5071,#4031,#4032);
#3677=AXIS2_PLACEMENT_3D('',#5072,#4033,#4034);
#3678=AXIS2_PLACEMENT_3D('',#5073,#4035,#4036);
#3679=AXIS2_PLACEMENT_3D('',#5075,#4037,#4038);
#3680=AXIS2_PLACEMENT_3D('',#5077,#4040,#4041);
#3681=AXIS2_PLACEMENT_3D('',#5078,#4042,#4043);
#3682=AXIS2_PLACEMENT_3D('',#5079,#4044,#4045);
#3683=AXIS2_PLACEMENT_3D('',#5094,#4048,#4049);
#3684=AXIS2_PLACEMENT_3D('',#5101,#4051,#4052);
#3685=AXIS2_PLACEMENT_3D('',#5110,#4054,#4055);
#3686=AXIS2_PLACEMENT_3D('',#5144,#4057,#4058);
#3687=AXIS2_PLACEMENT_3D('',#5151,#4059,#4060);
#3688=AXIS2_PLACEMENT_3D('',#5178,#4061,#4062);
#3689=AXIS2_PLACEMENT_3D('',#5212,#4063,#4064);
#3690=AXIS2_PLACEMENT_3D('',#5238,#4065,#4066);
#3691=AXIS2_PLACEMENT_3D('',#5259,#4067,#4068);
#3692=AXIS2_PLACEMENT_3D('',#5290,#4069,#4070);
#3693=AXIS2_PLACEMENT_3D('',#5311,#4071,#4072);
#3694=AXIS2_PLACEMENT_3D('',#5338,#4073,#4074);
#3695=AXIS2_PLACEMENT_3D('',#5365,#4075,#4076);
#3696=AXIS2_PLACEMENT_3D('',#5394,#4077,#4078);
#3697=AXIS2_PLACEMENT_3D('',#5418,#4080,#4081);
#3698=AXIS2_PLACEMENT_3D('',#5425,#4082,#4083);
#3699=AXIS2_PLACEMENT_3D('',#5457,#4084,#4085);
#3700=AXIS2_PLACEMENT_3D('',#5490,#4086,#4087);
#3701=AXIS2_PLACEMENT_3D('',#5526,#4088,#4089);
#3702=AXIS2_PLACEMENT_3D('',#5559,#4090,#4091);
#3703=AXIS2_PLACEMENT_3D('',#5595,#4092,#4093);
#3704=AXIS2_PLACEMENT_3D('',#5628,#4094,#4095);
#3705=AXIS2_PLACEMENT_3D('',#5672,#4096,#4097);
#3706=AXIS2_PLACEMENT_3D('',#5676,#4099,#4100);
#3707=AXIS2_PLACEMENT_3D('',#5678,#4102,#4103);
#3708=AXIS2_PLACEMENT_3D('',#5682,#4106,#4107);
#3709=AXIS2_PLACEMENT_3D('',#5685,#4109,#4110);
#3710=AXIS2_PLACEMENT_3D('',#5686,#4111,#4112);
#3711=AXIS2_PLACEMENT_3D('',#5842,#4117,#4118);
#3712=AXIS2_PLACEMENT_3D('',#5845,#4119,#4120);
#3713=AXIS2_PLACEMENT_3D('',#5848,#4122,#4123);
#3714=AXIS2_PLACEMENT_3D('',#5850,#4125,#4126);
#3715=AXIS2_PLACEMENT_3D('',#5852,#4127,#4128);
#3716=AXIS2_PLACEMENT_3D('',#5853,#4129,#4130);
#3717=AXIS2_PLACEMENT_3D('',#5854,#4131,#4132);
#3718=AXIS2_PLACEMENT_3D('',#5856,#4133,#4134);
#3719=AXIS2_PLACEMENT_3D('',#5858,#4136,#4137);
#3720=AXIS2_PLACEMENT_3D('',#5860,#4138,#4139);
#3721=AXIS2_PLACEMENT_3D('',#5861,#4140,#4141);
#3722=AXIS2_PLACEMENT_3D('',#5862,#4142,#4143);
#3723=AXIS2_PLACEMENT_3D('',#5864,#4144,#4145);
#3724=AXIS2_PLACEMENT_3D('',#5866,#4147,#4148);
#3725=AXIS2_PLACEMENT_3D('',#5869,#4149,#4150);
#3726=AXIS2_PLACEMENT_3D('',#5870,#4151,#4152);
#3727=AXIS2_PLACEMENT_3D('',#5871,#4153,#4154);
#3728=AXIS2_PLACEMENT_3D('',#5872,#4155,#4156);
#3729=AXIS2_PLACEMENT_3D('',#5875,#4157,#4158);
#3730=AXIS2_PLACEMENT_3D('',#5878,#4161,#4162);
#3731=AXIS2_PLACEMENT_3D('',#5879,#4163,#4164);
#3732=AXIS2_PLACEMENT_3D('',#5880,#4165,#4166);
#3733=AXIS2_PLACEMENT_3D('',#5881,#4167,#4168);
#3734=AXIS2_PLACEMENT_3D('',#5883,#4170,#4171);
#3735=AXIS2_PLACEMENT_3D('',#5896,#4177,#4178);
#3736=AXIS2_PLACEMENT_3D('',#5900,#4180,#4181);
#3737=AXIS2_PLACEMENT_3D('',#5904,#4183,#4184);
#3738=AXIS2_PLACEMENT_3D('',#5907,#4186,#4187);
#3739=AXIS2_PLACEMENT_3D('',#5929,#4188,#4189);
#3740=AXIS2_PLACEMENT_3D('',#5931,#4190,#4191);
#3741=AXIS2_PLACEMENT_3D('',#5962,#4192,#4193);
#3742=AXIS2_PLACEMENT_3D('',#5989,#4194,#4195);
#3743=AXIS2_PLACEMENT_3D('',#6020,#4196,#4197);
#3744=AXIS2_PLACEMENT_3D('',#6047,#4198,#4199);
#3745=AXIS2_PLACEMENT_3D('',#6078,#4200,#4201);
#3746=AXIS2_PLACEMENT_3D('',#6105,#4202,#4203);
#3747=AXIS2_PLACEMENT_3D('',#6140,#4204,#4205);
#3748=AXIS2_PLACEMENT_3D('',#6144,#4207,#4208);
#3749=AXIS2_PLACEMENT_3D('',#6146,#4210,#4211);
#3750=AXIS2_PLACEMENT_3D('',#6150,#4214,#4215);
#3751=AXIS2_PLACEMENT_3D('',#6153,#4217,#4218);
#3752=AXIS2_PLACEMENT_3D('',#6154,#4219,#4220);
#3753=AXIS2_PLACEMENT_3D('',#6158,#4223,#4224);
#3754=AXIS2_PLACEMENT_3D('',#6160,#4225,#4226);
#3755=AXIS2_PLACEMENT_3D('',#6162,#4228,#4229);
#3756=AXIS2_PLACEMENT_3D('',#6163,#4230,#4231);
#3757=AXIS2_PLACEMENT_3D('',#6164,#4232,#4233);
#3758=AXIS2_PLACEMENT_3D('',#6165,#4234,#4235);
#3759=AXIS2_PLACEMENT_3D('',#6166,#4236,#4237);
#3760=AXIS2_PLACEMENT_3D('',#6167,#4238,#4239);
#3761=AXIS2_PLACEMENT_3D('',#6168,#4240,#4241);
#3762=AXIS2_PLACEMENT_3D('',#6169,#4242,#4243);
#3763=AXIS2_PLACEMENT_3D('',#6170,#4244,#4245);
#3764=AXIS2_PLACEMENT_3D('',#6171,#4246,#4247);
#3765=AXIS2_PLACEMENT_3D('',#6173,#4248,#4249);
#3766=AXIS2_PLACEMENT_3D('',#6174,#4250,#4251);
#3767=AXIS2_PLACEMENT_3D('',#6175,#4252,#4253);
#3768=AXIS2_PLACEMENT_3D('',#6177,#4254,#4255);
#3769=AXIS2_PLACEMENT_3D('',#6179,#4257,#4258);
#3770=AXIS2_PLACEMENT_3D('',#6180,#4259,#4260);
#3771=AXIS2_PLACEMENT_3D('',#6181,#4261,#4262);
#3772=AXIS2_PLACEMENT_3D('',#6205,#4264,#4265);
#3773=AXIS2_PLACEMENT_3D('',#6212,#4266,#4267);
#3774=AXIS2_PLACEMENT_3D('',#6244,#4268,#4269);
#3775=AXIS2_PLACEMENT_3D('',#6287,#4270,#4271);
#3776=AXIS2_PLACEMENT_3D('',#6332,#4272,#4273);
#3777=AXIS2_PLACEMENT_3D('',#6363,#4274,#4275);
#3778=AXIS2_PLACEMENT_3D('',#6404,#4276,#4277);
#3779=AXIS2_PLACEMENT_3D('',#6449,#4278,#4279);
#3780=AXIS2_PLACEMENT_3D('',#6504,#4280,#4281);
#3781=AXIS2_PLACEMENT_3D('',#6515,#4284,#4285);
#3782=AXIS2_PLACEMENT_3D('',#6522,#4287,#4288);
#3783=AXIS2_PLACEMENT_3D('',#6530,#4290,#4291);
#3784=AXIS2_PLACEMENT_3D('',#6782,#4294,#4295);
#3785=AXIS2_PLACEMENT_3D('',#6789,#4296,#4297);
#3786=AXIS2_PLACEMENT_3D('',#6831,#4298,#4299);
#3787=AXIS2_PLACEMENT_3D('',#6859,#4300,#4301);
#3788=AXIS2_PLACEMENT_3D('',#6890,#4302,#4303);
#3789=AXIS2_PLACEMENT_3D('',#6917,#4304,#4305);
#3790=AXIS2_PLACEMENT_3D('',#6949,#4306,#4307);
#3791=AXIS2_PLACEMENT_3D('',#6982,#4308,#4309);
#3792=AXIS2_PLACEMENT_3D('',#7047,#4310,#4311);
#3793=AXIS2_PLACEMENT_3D('',#7217,#4314,#4315);
#3794=AXIS2_PLACEMENT_3D('',#7219,#4316,#4317);
#3795=AXIS2_PLACEMENT_3D('',#7261,#4318,#4319);
#3796=AXIS2_PLACEMENT_3D('',#7289,#4320,#4321);
#3797=AXIS2_PLACEMENT_3D('',#7320,#4322,#4323);
#3798=AXIS2_PLACEMENT_3D('',#7347,#4324,#4325);
#3799=AXIS2_PLACEMENT_3D('',#7378,#4326,#4327);
#3800=AXIS2_PLACEMENT_3D('',#7405,#4328,#4329);
#3801=AXIS2_PLACEMENT_3D('',#7452,#4330,#4331);
#3802=AXIS2_PLACEMENT_3D('',#7463,#4334,#4335);
#3803=AXIS2_PLACEMENT_3D('',#7472,#4337,#4338);
#3804=AXIS2_PLACEMENT_3D('',#7481,#4340,#4341);
#3805=AXIS2_PLACEMENT_3D('',#7504,#4343,#4344);
#3806=AXIS2_PLACEMENT_3D('',#7505,#4345,#4346);
#3807=AXIS2_PLACEMENT_3D('',#7537,#4347,#4348);
#3808=AXIS2_PLACEMENT_3D('',#7575,#4349,#4350);
#3809=AXIS2_PLACEMENT_3D('',#7608,#4351,#4352);
#3810=AXIS2_PLACEMENT_3D('',#7634,#4353,#4354);
#3811=AXIS2_PLACEMENT_3D('',#7669,#4355,#4356);
#3812=AXIS2_PLACEMENT_3D('',#7700,#4357,#4358);
#3813=AXIS2_PLACEMENT_3D('',#7731,#4359,#4360);
#3814=AXIS2_PLACEMENT_3D('',#7734,#4363,#4364);
#3815=AXIS2_PLACEMENT_3D('',#7736,#4366,#4367);
#3816=AXIS2_PLACEMENT_3D('',#7737,#4368,#4369);
#3817=AXIS2_PLACEMENT_3D('',#7739,#4371,#4372);
#3818=AXIS2_PLACEMENT_3D('',#7741,#4374,#4375);
#3819=AXIS2_PLACEMENT_3D('',#7742,#4376,#4377);
#3820=AXIS2_PLACEMENT_3D('',#7744,#4379,#4380);
#3821=AXIS2_PLACEMENT_3D('',#7746,#4382,#4383);
#3822=AXIS2_PLACEMENT_3D('',#7772,#4385,#4386);
#3823=AXIS2_PLACEMENT_3D('',#7774,#4388,#4389);
#3824=AXIS2_PLACEMENT_3D('',#7776,#4391,#4392);
#3825=AXIS2_PLACEMENT_3D('',#7777,#4393,#4394);
#3826=AXIS2_PLACEMENT_3D('',#7779,#4396,#4397);
#3827=AXIS2_PLACEMENT_3D('',#7781,#4399,#4400);
#3828=AXIS2_PLACEMENT_3D('',#7782,#4401,#4402);
#3829=AXIS2_PLACEMENT_3D('',#7783,#4403,#4404);
#3830=AXIS2_PLACEMENT_3D('',#7785,#4406,#4407);
#3831=AXIS2_PLACEMENT_3D('',#7787,#4409,#4410);
#3832=AXIS2_PLACEMENT_3D('',#7981,#4416,#4417);
#3833=AXIS2_PLACEMENT_3D('',#7982,#4418,#4419);
#3834=AXIS2_PLACEMENT_3D('',#8052,#4424,#4425);
#3835=AXIS2_PLACEMENT_3D('',#8055,#4428,#4429);
#3836=AXIS2_PLACEMENT_3D('',#8058,#4430,#4431);
#3837=AXIS2_PLACEMENT_3D('',#8060,#4432,#4433);
#3838=AXIS2_PLACEMENT_3D('',#8062,#4434,#4435);
#3839=AXIS2_PLACEMENT_3D('',#8063,#4436,#4437);
#3840=AXIS2_PLACEMENT_3D('',#8092,#4440,#4441);
#3841=AXIS2_PLACEMENT_3D('',#8093,#4442,#4443);
#3842=AXIS2_PLACEMENT_3D('',#8192,#4446,#4447);
#3843=AXIS2_PLACEMENT_3D('',#8193,#4448,#4449);
#3844=AXIS2_PLACEMENT_3D('',#8196,#4451,#4452);
#3845=AXIS2_PLACEMENT_3D('',#8370,#4453,#4454);
#3846=AXIS2_PLACEMENT_3D('',#8541,#4456,#4457);
#3847=AXIS2_PLACEMENT_3D('',#8711,#4460,#4461);
#3848=AXIS2_PLACEMENT_3D('',#8794,#4462,#4463);
#3849=AXIS2_PLACEMENT_3D('',#8862,#4465,#4466);
#3850=AXIS2_PLACEMENT_3D('',#8916,#4469,#4470);
#3851=AXIS2_PLACEMENT_3D('',#8924,#4471,#4472);
#3852=AXIS2_PLACEMENT_3D('',#8925,#4473,#4474);
#3853=AXIS2_PLACEMENT_3D('',#9030,#4476,#4477);
#3854=AXIS2_PLACEMENT_3D('',#9046,#4479,#4480);
#3855=AXIS2_PLACEMENT_3D('',#9101,#4483,#4484);
#3856=AXIS2_PLACEMENT_3D('',#9103,#4485,#4486);
#3857=AXIS2_PLACEMENT_3D('',#9175,#4490,#4491);
#3858=AXIS2_PLACEMENT_3D('',#9194,#4493,#4494);
#3859=AXIS2_PLACEMENT_3D('',#9267,#4496,#4497);
#3860=AXIS2_PLACEMENT_3D('',#9291,#4500,#4501);
#3861=AXIS2_PLACEMENT_3D('',#9372,#4504,#4505);
#3862=AXIS2_PLACEMENT_3D('',#9374,#4506,#4507);
#3863=AXIS2_PLACEMENT_3D('',#9422,#4510,#4511);
#3864=AXIS2_PLACEMENT_3D('',#9423,#4512,#4513);
#3865=AXIS2_PLACEMENT_3D('',#9424,#4514,#4515);
#3866=AXIS2_PLACEMENT_3D('',#9524,#4516,#4517);
#3867=AXIS2_PLACEMENT_3D('',#9548,#4522,#4523);
#3868=AXIS2_PLACEMENT_3D('',#9581,#4525,#4526);
#3869=AXIS2_PLACEMENT_3D('',#9710,#4532,#4533);
#3870=AXIS2_PLACEMENT_3D('',#9729,#4535,#4536);
#3871=AXIS2_PLACEMENT_3D('',#9731,#4538,#4539);
#3872=AXIS2_PLACEMENT_3D('',#9734,#4541,#4542);
#3873=AXIS2_PLACEMENT_3D('',#9973,#4544,#4545);
#3874=AXIS2_PLACEMENT_3D('',#10227,#4549,#4550);
#3875=AXIS2_PLACEMENT_3D('',#10229,#4552,#4553);
#3876=AXIS2_PLACEMENT_3D('',#10230,#4554,#4555);
#3877=DIRECTION('axis',(0.,0.,1.));
#3878=DIRECTION('refdir',(1.,0.,0.));
#3879=DIRECTION('axis',(0.,0.,1.));
#3880=DIRECTION('refdir',(1.,0.,0.));
#3881=DIRECTION('center_axis',(1.,0.,2.66240555512091E-30));
#3882=DIRECTION('ref_axis',(0.,0.707106781186555,-0.70710678118654));
#3883=DIRECTION('center_axis',(1.,0.,0.));
#3884=DIRECTION('ref_axis',(0.,0.,-1.));
#3885=DIRECTION('',(1.,0.,2.66240555512091E-30));
#3886=DIRECTION('center_axis',(-1.,0.,0.));
#3887=DIRECTION('ref_axis',(0.,1.,0.));
#3888=DIRECTION('',(-1.,0.,-2.66240555512091E-30));
#3889=DIRECTION('center_axis',(-2.66240555512091E-30,1.77635683940025E-15,
1.));
#3890=DIRECTION('ref_axis',(1.,0.,0.));
#3891=DIRECTION('center_axis',(0.,-1.,0.));
#3892=DIRECTION('ref_axis',(-1.,0.,0.));
#3893=DIRECTION('center_axis',(2.66240555512091E-30,-1.77635683940025E-15,
-1.));
#3894=DIRECTION('ref_axis',(0.707106781186548,-0.707106781186547,1.25607396694702E-15));
#3895=DIRECTION('center_axis',(-2.66240555512091E-30,1.77635683940025E-15,
1.));
#3896=DIRECTION('ref_axis',(0.707106781186548,-0.707106781186547,1.24900090270331E-15));
#3897=DIRECTION('center_axis',(-3.33066907387546E-16,1.,-1.77635683940025E-15));
#3898=DIRECTION('ref_axis',(-0.707106781186548,0.,-0.707106781186548));
#3899=DIRECTION('center_axis',(0.,-1.,0.));
#3900=DIRECTION('ref_axis',(-1.,0.,0.));
#3901=DIRECTION('',(3.33066907387546E-16,-1.,1.77635683940025E-15));
#3902=DIRECTION('',(-3.33066907387546E-16,1.,-1.77635683940025E-15));
#3903=DIRECTION('center_axis',(-2.66240555512091E-30,1.77635683940025E-15,
1.));
#3904=DIRECTION('ref_axis',(1.,0.,0.));
#3905=DIRECTION('center_axis',(1.,0.,0.));
#3906=DIRECTION('ref_axis',(0.,-1.,0.));
#3907=DIRECTION('center_axis',(2.66240555512091E-30,-1.77635683940025E-15,
-1.));
#3908=DIRECTION('ref_axis',(0.707106781186543,0.707106781186552,-1.25607396694703E-15));
#3909=DIRECTION('center_axis',(-2.66240555512091E-30,1.77635683940025E-15,
1.));
#3910=DIRECTION('ref_axis',(0.707106781186543,0.707106781186552,-1.24900090270331E-15));
#3911=DIRECTION('center_axis',(-1.,0.,-2.66240555512091E-30));
#3912=DIRECTION('ref_axis',(0.,-0.70710678118654,-0.707106781186555));
#3913=DIRECTION('center_axis',(1.,0.,0.));
#3914=DIRECTION('ref_axis',(0.,-1.,0.));
#3915=DIRECTION('',(1.,0.,2.66240555512091E-30));
#3916=DIRECTION('',(-1.,0.,-2.66240555512091E-30));
#3917=DIRECTION('center_axis',(-2.66240555512091E-30,1.77635683940025E-15,
1.));
#3918=DIRECTION('ref_axis',(1.,0.,0.));
#3919=DIRECTION('center_axis',(0.,1.,0.));
#3920=DIRECTION('ref_axis',(1.,0.,0.));
#3921=DIRECTION('center_axis',(2.66240555512091E-30,-1.77635683940025E-15,
-1.));
#3922=DIRECTION('ref_axis',(-0.707106781186545,0.70710678118655,-1.25607396694703E-15));
#3923=DIRECTION('center_axis',(-2.66240555512091E-30,1.77635683940025E-15,
1.));
#3924=DIRECTION('ref_axis',(-0.707106781186545,0.70710678118655,-1.24900090270318E-15));
#3925=DIRECTION('center_axis',(-5.55111512312583E-17,-1.,1.77635683940025E-15));
#3926=DIRECTION('ref_axis',(0.707106781186547,0.,-0.707106781186548));
#3927=DIRECTION('center_axis',(0.,1.,0.));
#3928=DIRECTION('ref_axis',(1.,0.,0.));
#3929=DIRECTION('',(5.55111512312583E-17,1.,-1.77635683940025E-15));
#3930=DIRECTION('',(-5.55111512312583E-17,-1.,1.77635683940025E-15));
#3931=DIRECTION('center_axis',(-2.66240555512091E-30,1.77635683940025E-15,
1.));
#3932=DIRECTION('ref_axis',(1.,0.,0.));
#3933=DIRECTION('center_axis',(2.66240555512091E-30,-1.77635683940025E-15,
-1.));
#3934=DIRECTION('ref_axis',(-0.707106781186548,-0.707106781186547,1.25607396694702E-15));
#3935=DIRECTION('center_axis',(-2.66240555512091E-30,1.77635683940025E-15,
1.));
#3936=DIRECTION('ref_axis',(-0.707106781186548,-0.707106781186547,1.24900090270331E-15));
#3937=DIRECTION('center_axis',(0.,0.,1.));
#3938=DIRECTION('ref_axis',(1.,0.,0.));
#3939=DIRECTION('',(0.,0.,1.));
#3940=DIRECTION('',(0.,0.,1.));
#3941=DIRECTION('center_axis',(1.,3.33066907387546E-16,0.));
#3942=DIRECTION('ref_axis',(-3.33066907387546E-16,1.,0.));
#3943=DIRECTION('',(0.,0.,-1.));
#3944=DIRECTION('center_axis',(0.,0.,1.));
#3945=DIRECTION('ref_axis',(0.,-1.,0.));
#3946=DIRECTION('',(0.,0.,1.));
#3947=DIRECTION('center_axis',(0.,-1.,0.));
#3948=DIRECTION('ref_axis',(1.,0.,0.));
#3949=DIRECTION('',(0.,0.,1.));
#3950=DIRECTION('center_axis',(-2.66240555512091E-30,1.77635683940025E-15,
1.));
#3951=DIRECTION('ref_axis',(-1.,-3.10862446895044E-15,2.85962078142617E-30));
#3952=DIRECTION('',(0.,-1.,1.77635683940025E-15));
#3953=DIRECTION('',(-1.,-3.84644197507928E-15,0.));
#3954=DIRECTION('',(0.,1.,-1.77635683940025E-15));
#3955=DIRECTION('center_axis',(-2.66240555512091E-30,1.77635683940025E-15,
1.));
#3956=DIRECTION('ref_axis',(3.18347096499258E-15,-1.,1.77635683940025E-15));
#3957=DIRECTION('',(-1.,0.,-2.66240555512091E-30));
#3958=DIRECTION('center_axis',(2.66240555512091E-30,-1.77635683940025E-15,
-1.));
#3959=DIRECTION('ref_axis',(0.707106781186548,-0.707106781186547,1.25607396694702E-15));
#3960=DIRECTION('',(5.55111512312583E-17,-1.,1.77635683940025E-15));
#3961=DIRECTION('center_axis',(2.66240555512091E-30,-1.77635683940025E-15,
-1.));
#3962=DIRECTION('ref_axis',(0.707106781186545,0.70710678118655,-1.25607396694702E-15));
#3963=DIRECTION('',(1.,0.,2.66240555512091E-30));
#3964=DIRECTION('center_axis',(2.66240555512091E-30,-1.77635683940025E-15,
-1.));
#3965=DIRECTION('ref_axis',(-0.707106781186543,0.707106781186552,-1.25607396694703E-15));
#3966=DIRECTION('',(3.33066907387546E-16,1.,-1.77635683940025E-15));
#3967=DIRECTION('center_axis',(2.66240555512091E-30,-1.77635683940025E-15,
-1.));
#3968=DIRECTION('ref_axis',(-0.707106781186548,-0.707106781186547,1.25607396694702E-15));
#3969=DIRECTION('center_axis',(-1.,2.77555756156289E-15,2.05160478710281E-15));
#3970=DIRECTION('ref_axis',(-2.77555756156289E-15,-1.,0.));
#3971=DIRECTION('center_axis',(0.360589615456492,0.913469138914641,0.188545117877612));
#3972=DIRECTION('ref_axis',(1.38777878078148E-15,-0.202144473641624,0.979355712586673));
#3973=DIRECTION('center_axis',(-1.,0.,1.4229325809992E-15));
#3974=DIRECTION('ref_axis',(0.,-1.,0.));
#3975=DIRECTION('center_axis',(-0.36058961545647,0.913469138914647,0.188545117877631));
#3976=DIRECTION('ref_axis',(-0.930151850741214,-0.367175073449567,0.));
#3977=DIRECTION('center_axis',(-2.03376461642076E-14,0.98358768956411,0.180430753858473));
#3978=DIRECTION('ref_axis',(-1.,-2.22044604925031E-14,8.32667268468868E-15));
#3979=DIRECTION('center_axis',(4.43477829252433E-14,0.989657745989504,-0.143448756714637));
#3980=DIRECTION('ref_axis',(-1.,4.44089209850062E-14,-2.77555756156289E-15));
#3981=DIRECTION('center_axis',(1.,0.,0.));
#3982=DIRECTION('ref_axis',(0.,1.,0.));
#3983=DIRECTION('center_axis',(1.,1.38777878078144E-15,-2.86661147453234E-16));
#3984=DIRECTION('ref_axis',(-1.38777878078144E-15,1.,0.));
#3985=DIRECTION('center_axis',(-2.19748163219236E-14,-0.989657745989504,
0.143448756714637));
#3986=DIRECTION('ref_axis',(1.,-2.22044604925031E-14,0.));
#3987=DIRECTION('center_axis',(2.18400339938388E-14,-0.983587689564113,
-0.180430753858452));
#3988=DIRECTION('ref_axis',(1.,2.22044604925032E-14,0.));
#3989=DIRECTION('center_axis',(0.,1.,0.));
#3990=DIRECTION('ref_axis',(-1.,0.,0.));
#3991=DIRECTION('',(0.,0.,1.));
#3992=DIRECTION('',(-1.,-3.84644197507928E-15,0.));
#3993=DIRECTION('',(-1.,-3.84644197507928E-15,0.));
#3994=DIRECTION('center_axis',(1.,0.,0.));
#3995=DIRECTION('ref_axis',(0.,0.999982397386531,-0.00593337316249846));
#3996=DIRECTION('',(-1.,-3.84644197507928E-15,0.));
#3997=DIRECTION('center_axis',(-1.,0.,0.));
#3998=DIRECTION('ref_axis',(0.,0.999982397386534,-0.0059333731620072));
#3999=DIRECTION('',(-1.,-3.84644197507928E-15,0.));
#4000=DIRECTION('center_axis',(1.,0.,2.66240555512091E-30));
#4001=DIRECTION('ref_axis',(0.,0.707106781186555,-0.70710678118654));
#4002=DIRECTION('center_axis',(1.,0.,0.));
#4003=DIRECTION('ref_axis',(0.,0.,-1.));
#4004=DIRECTION('',(1.,0.,2.66240555512091E-30));
#4005=DIRECTION('center_axis',(-1.,0.,0.));
#4006=DIRECTION('ref_axis',(0.,1.,0.));
#4007=DIRECTION('center_axis',(-2.66240555512091E-30,1.77635683940025E-15,
1.));
#4008=DIRECTION('ref_axis',(1.,0.,0.));
#4009=DIRECTION('center_axis',(0.,-1.,0.));
#4010=DIRECTION('ref_axis',(-1.,0.,0.));
#4011=DIRECTION('center_axis',(-2.66240555512091E-30,1.77635683940025E-15,
1.));
#4012=DIRECTION('ref_axis',(0.707106781186548,-0.707106781186547,1.24900090270331E-15));
#4013=DIRECTION('center_axis',(-5.55111512312583E-17,1.,-1.77635683940025E-15));
#4014=DIRECTION('ref_axis',(-0.707106781186548,0.,-0.707106781186548));
#4015=DIRECTION('center_axis',(0.,-1.,0.));
#4016=DIRECTION('ref_axis',(-1.,0.,0.));
#4017=DIRECTION('',(-5.55111512312583E-17,1.,-1.77635683940025E-15));
#4018=DIRECTION('center_axis',(-2.66240555512091E-30,1.77635683940025E-15,
1.));
#4019=DIRECTION('ref_axis',(1.,0.,0.));
#4020=DIRECTION('center_axis',(1.,0.,0.));
#4021=DIRECTION('ref_axis',(0.,-1.,0.));
#4022=DIRECTION('center_axis',(-2.66240555512091E-30,1.77635683940025E-15,
1.));
#4023=DIRECTION('ref_axis',(0.707106781186545,0.707106781186551,-1.24900090270318E-15));
#4024=DIRECTION('center_axis',(-1.,0.,-2.66240555512091E-30));
#4025=DIRECTION('ref_axis',(0.,-0.70710678118654,-0.707106781186555));
#4026=DIRECTION('center_axis',(1.,0.,0.));
#4027=DIRECTION('ref_axis',(0.,-1.,0.));
#4028=DIRECTION('',(-1.,0.,-2.66240555512091E-30));
#4029=DIRECTION('center_axis',(-2.66240555512091E-30,1.77635683940025E-15,
1.));
#4030=DIRECTION('ref_axis',(1.,0.,0.));
#4031=DIRECTION('center_axis',(0.,1.,0.));
#4032=DIRECTION('ref_axis',(1.,0.,0.));
#4033=DIRECTION('center_axis',(-2.66240555512091E-30,1.77635683940025E-15,
1.));
#4034=DIRECTION('ref_axis',(-0.707106781186543,0.707106781186552,-1.24900090270331E-15));
#4035=DIRECTION('center_axis',(-3.33066907387546E-16,-1.,1.77635683940025E-15));
#4036=DIRECTION('ref_axis',(0.707106781186547,0.,-0.707106781186548));
#4037=DIRECTION('center_axis',(0.,1.,0.));
#4038=DIRECTION('ref_axis',(1.,0.,0.));
#4039=DIRECTION('',(-3.33066907387546E-16,-1.,1.77635683940025E-15));
#4040=DIRECTION('center_axis',(-2.66240555512091E-30,1.77635683940025E-15,
1.));
#4041=DIRECTION('ref_axis',(1.,0.,0.));
#4042=DIRECTION('center_axis',(-2.66240555512091E-30,1.77635683940025E-15,
1.));
#4043=DIRECTION('ref_axis',(-0.707106781186548,-0.707106781186547,1.2490009027033E-15));
#4044=DIRECTION('center_axis',(0.,0.,1.));
#4045=DIRECTION('ref_axis',(1.,0.,0.));
#4046=DIRECTION('',(0.,0.,1.));
#4047=DIRECTION('',(0.,0.,1.));
#4048=DIRECTION('center_axis',(1.,5.55111512312583E-17,0.));
#4049=DIRECTION('ref_axis',(-5.55111512312583E-17,1.,0.));
#4050=DIRECTION('',(0.,0.,1.));
#4051=DIRECTION('center_axis',(0.,0.,1.));
#4052=DIRECTION('ref_axis',(0.,-1.,0.));
#4053=DIRECTION('',(0.,0.,1.));
#4054=DIRECTION('center_axis',(0.,-1.,0.));
#4055=DIRECTION('ref_axis',(1.,0.,0.));
#4056=DIRECTION('',(0.,0.,1.));
#4057=DIRECTION('center_axis',(-1.,0.,1.4229325809992E-15));
#4058=DIRECTION('ref_axis',(0.,-1.,0.));
#4059=DIRECTION('center_axis',(0.360589615456426,0.913469138914662,0.188545117877637));
#4060=DIRECTION('ref_axis',(1.38777878078147E-15,-0.202144473641645,0.979355712586669));
#4061=DIRECTION('center_axis',(-1.,-2.77555756156288E-15,-2.05160478710281E-15));
#4062=DIRECTION('ref_axis',(2.77555756156289E-15,-1.,-2.77555756156289E-15));
#4063=DIRECTION('center_axis',(-0.360589615456482,0.913469138914646,0.18854511787761));
#4064=DIRECTION('ref_axis',(-0.93015185074121,-0.367175073449578,0.));
#4065=DIRECTION('center_axis',(2.18400339938386E-14,0.983587689564109,0.180430753858473));
#4066=DIRECTION('ref_axis',(-1.,2.2204460492503E-14,0.));
#4067=DIRECTION('center_axis',(-2.19748163219237E-14,0.989657745989504,
-0.143448756714636));
#4068=DIRECTION('ref_axis',(-1.,-2.22044604925032E-14,0.));
#4069=DIRECTION('center_axis',(1.,-2.77555756156295E-15,5.7332229490648E-16));
#4070=DIRECTION('ref_axis',(2.77555756156295E-15,1.,0.));
#4071=DIRECTION('center_axis',(1.,0.,0.));
#4072=DIRECTION('ref_axis',(0.,1.,0.));
#4073=DIRECTION('center_axis',(-6.59244489657708E-14,-0.989657745989504,
0.143448756714637));
#4074=DIRECTION('ref_axis',(1.,-6.66133814775092E-14,0.));
#4075=DIRECTION('center_axis',(-4.41808639308877E-14,-0.983587689564109,
-0.180430753858473));
#4076=DIRECTION('ref_axis',(1.,-4.44089209850062E-14,-2.77555756156289E-15));
#4077=DIRECTION('center_axis',(0.,1.,0.));
#4078=DIRECTION('ref_axis',(-1.,0.,0.));
#4079=DIRECTION('',(0.,0.,-1.));
#4080=DIRECTION('center_axis',(-1.,1.38777878078144E-15,0.));
#4081=DIRECTION('ref_axis',(1.38777878078144E-15,1.,0.));
#4082=DIRECTION('center_axis',(1.,-2.77555756156289E-15,0.));
#4083=DIRECTION('ref_axis',(0.,0.,-1.));
#4084=DIRECTION('center_axis',(0.,-1.,0.));
#4085=DIRECTION('ref_axis',(-1.,0.,0.));
#4086=DIRECTION('center_axis',(1.11022302462516E-14,-1.,1.11022302462516E-14));
#4087=DIRECTION('ref_axis',(-1.,-1.11022302462516E-14,0.));
#4088=DIRECTION('center_axis',(1.,0.,0.));
#4089=DIRECTION('ref_axis',(0.,-1.,0.));
#4090=DIRECTION('center_axis',(1.,-2.77555756156292E-15,2.77555756156292E-15));
#4091=DIRECTION('ref_axis',(-2.77555756156292E-15,-1.,0.));
#4092=DIRECTION('center_axis',(-1.11022302462516E-14,1.,0.));
#4093=DIRECTION('ref_axis',(1.,1.11022302462516E-14,0.));
#4094=DIRECTION('center_axis',(0.,1.,0.));
#4095=DIRECTION('ref_axis',(1.,0.,0.));
#4096=DIRECTION('center_axis',(0.,0.,1.));
#4097=DIRECTION('ref_axis',(1.,0.,0.));
#4098=DIRECTION('',(0.,0.,1.));
#4099=DIRECTION('center_axis',(-9.86076131526317E-32,-8.88178419700124E-16,
-1.));
#4100=DIRECTION('ref_axis',(0.707106781186548,0.707106781186547,-6.93889390390733E-16));
#4101=DIRECTION('',(0.,0.,1.));
#4102=DIRECTION('center_axis',(1.,3.33066907387546E-16,0.));
#4103=DIRECTION('ref_axis',(-3.33066907387546E-16,1.,0.));
#4104=DIRECTION('',(0.,0.,-1.));
#4105=DIRECTION('',(3.33066907387546E-16,-1.,8.88178419700124E-16));
#4106=DIRECTION('center_axis',(0.,0.,1.));
#4107=DIRECTION('ref_axis',(0.,-1.,0.));
#4108=DIRECTION('',(0.,0.,1.));
#4109=DIRECTION('center_axis',(-9.86076131526317E-32,-8.88178419700124E-16,
-1.));
#4110=DIRECTION('ref_axis',(0.707106781186547,-0.707106781186548,6.93889390390724E-16));
#4111=DIRECTION('center_axis',(0.,-1.,0.));
#4112=DIRECTION('ref_axis',(1.,0.,0.));
#4113=DIRECTION('',(0.,0.,1.));
#4114=DIRECTION('',(-1.,0.,9.86076131526317E-32));
#4115=DIRECTION('',(1.,3.84644197507928E-15,0.));
#4116=DIRECTION('',(-1.,-3.10862446895044E-15,2.85962078142617E-30));
#4117=DIRECTION('center_axis',(1.,0.,-9.86076131526317E-32));
#4118=DIRECTION('ref_axis',(0.,-0.707106781186548,0.707106781186548));
#4119=DIRECTION('center_axis',(1.,0.,0.));
#4120=DIRECTION('ref_axis',(0.,0.,1.));
#4121=DIRECTION('',(1.,0.,-9.86076131526317E-32));
#4122=DIRECTION('center_axis',(-1.,0.,0.));
#4123=DIRECTION('ref_axis',(0.,-1.,0.));
#4124=DIRECTION('',(-1.,0.,9.86076131526317E-32));
#4125=DIRECTION('center_axis',(-9.86076131526317E-32,-8.88178419700124E-16,
-1.));
#4126=DIRECTION('ref_axis',(-1.,0.,0.));
#4127=DIRECTION('center_axis',(0.,1.,0.));
#4128=DIRECTION('ref_axis',(-1.,0.,0.));
#4129=DIRECTION('center_axis',(9.86076131526317E-32,8.88178419700124E-16,
1.));
#4130=DIRECTION('ref_axis',(0.707106781186548,0.707106781186547,-6.28036983473508E-16));
#4131=DIRECTION('center_axis',(3.33066907387546E-16,-1.,8.88178419700124E-16));
#4132=DIRECTION('ref_axis',(-0.707106781186548,0.,0.707106781186548));
#4133=DIRECTION('center_axis',(0.,1.,0.));
#4134=DIRECTION('ref_axis',(-1.,0.,0.));
#4135=DIRECTION('',(-3.33066907387546E-16,1.,-8.88178419700124E-16));
#4136=DIRECTION('center_axis',(-9.86076131526317E-32,-8.88178419700124E-16,
-1.));
#4137=DIRECTION('ref_axis',(-1.,0.,0.));
#4138=DIRECTION('center_axis',(1.,0.,0.));
#4139=DIRECTION('ref_axis',(0.,1.,0.));
#4140=DIRECTION('center_axis',(9.86076131526317E-32,8.88178419700124E-16,
1.));
#4141=DIRECTION('ref_axis',(0.707106781186547,-0.707106781186548,6.2803698347351E-16));
#4142=DIRECTION('center_axis',(-1.,0.,9.86076131526317E-32));
#4143=DIRECTION('ref_axis',(0.,0.707106781186548,0.707106781186548));
#4144=DIRECTION('center_axis',(1.,0.,0.));
#4145=DIRECTION('ref_axis',(0.,1.,0.));
#4146=DIRECTION('',(1.,0.,-9.86076131526317E-32));
#4147=DIRECTION('center_axis',(-9.86076131526317E-32,-8.88178419700124E-16,
-1.));
#4148=DIRECTION('ref_axis',(-1.,0.,0.));
#4149=DIRECTION('center_axis',(0.,-1.,0.));
#4150=DIRECTION('ref_axis',(1.,0.,0.));
#4151=DIRECTION('center_axis',(9.86076131526317E-32,8.88178419700124E-16,
1.));
#4152=DIRECTION('ref_axis',(-0.707106781186547,-0.707106781186548,6.2803698347351E-16));
#4153=DIRECTION('center_axis',(-9.86076131526317E-32,-8.88178419700124E-16,
-1.));
#4154=DIRECTION('ref_axis',(-0.707106781186547,-0.707106781186548,6.93889390390724E-16));
#4155=DIRECTION('center_axis',(5.55111512312583E-17,1.,-8.88178419700124E-16));
#4156=DIRECTION('ref_axis',(0.707106781186547,0.,0.707106781186548));
#4157=DIRECTION('center_axis',(0.,-1.,0.));
#4158=DIRECTION('ref_axis',(1.,0.,0.));
#4159=DIRECTION('',(-5.55111512312583E-17,-1.,8.88178419700124E-16));
#4160=DIRECTION('',(5.55111512312583E-17,1.,-8.88178419700124E-16));
#4161=DIRECTION('center_axis',(-9.86076131526317E-32,-8.88178419700124E-16,
-1.));
#4162=DIRECTION('ref_axis',(-1.,0.,0.));
#4163=DIRECTION('center_axis',(9.86076131526317E-32,8.88178419700124E-16,
1.));
#4164=DIRECTION('ref_axis',(-0.707106781186546,0.707106781186549,-6.2803698347351E-16));
#4165=DIRECTION('center_axis',(-9.86076131526317E-32,-8.88178419700124E-16,
-1.));
#4166=DIRECTION('ref_axis',(-0.707106781186546,0.707106781186549,-6.93889390390657E-16));
#4167=DIRECTION('center_axis',(0.,1.,0.));
#4168=DIRECTION('ref_axis',(-1.,0.,0.));
#4169=DIRECTION('',(0.,0.,1.));
#4170=DIRECTION('center_axis',(9.86076131526317E-32,8.88178419700124E-16,
1.));
#4171=DIRECTION('ref_axis',(-3.10862446895044E-15,1.,-8.88178419700124E-16));
#4172=DIRECTION('',(0.,-1.,8.88178419700123E-16));
#4173=DIRECTION('',(-1.,-3.10862446895044E-15,2.85962078142617E-30));
#4174=DIRECTION('',(0.,1.,-8.88178419700123E-16));
#4175=DIRECTION('',(-1.,-3.10862446895044E-15,2.85962078142617E-30));
#4176=DIRECTION('',(-1.,0.,9.86076131526317E-32));
#4177=DIRECTION('center_axis',(9.86076131526317E-32,8.88178419700124E-16,
1.));
#4178=DIRECTION('ref_axis',(0.70710678118655,0.707106781186545,-6.28036983473507E-16));
#4179=DIRECTION('',(-5.55111512312583E-17,1.,-8.88178419700124E-16));
#4180=DIRECTION('center_axis',(9.86076131526317E-32,8.88178419700124E-16,
1.));
#4181=DIRECTION('ref_axis',(0.707106781186547,-0.707106781186548,6.2803698347351E-16));
#4182=DIRECTION('',(1.,0.,-9.86076131526317E-32));
#4183=DIRECTION('center_axis',(9.86076131526317E-32,8.88178419700124E-16,
1.));
#4184=DIRECTION('ref_axis',(-0.707106781186547,-0.707106781186548,6.2803698347351E-16));
#4185=DIRECTION('',(-3.33066907387546E-16,-1.,8.88178419700124E-16));
#4186=DIRECTION('center_axis',(9.86076131526317E-32,8.88178419700124E-16,
1.));
#4187=DIRECTION('ref_axis',(-0.707106781186548,0.707106781186547,-6.28036983473508E-16));
#4188=DIRECTION('center_axis',(-1.,2.77555756156292E-15,0.));
#4189=DIRECTION('ref_axis',(2.77555756156292E-15,1.,0.));
#4190=DIRECTION('center_axis',(1.,-1.38777878078146E-15,0.));
#4191=DIRECTION('ref_axis',(0.,0.,-1.));
#4192=DIRECTION('center_axis',(1.11022302462516E-14,-1.,0.));
#4193=DIRECTION('ref_axis',(-1.,-1.11022302462516E-14,0.));
#4194=DIRECTION('center_axis',(-2.22044604925031E-14,-1.,-2.2204460492503E-14));
#4195=DIRECTION('ref_axis',(-1.,2.22044604925031E-14,0.));
#4196=DIRECTION('center_axis',(1.,-2.77555756156292E-15,0.));
#4197=DIRECTION('ref_axis',(-2.77555756156292E-15,-1.,0.));
#4198=DIRECTION('center_axis',(1.,0.,0.));
#4199=DIRECTION('ref_axis',(0.,-1.,0.));
#4200=DIRECTION('center_axis',(0.,1.,0.));
#4201=DIRECTION('ref_axis',(1.,0.,0.));
#4202=DIRECTION('center_axis',(0.,1.,0.));
#4203=DIRECTION('ref_axis',(1.,0.,0.));
#4204=DIRECTION('center_axis',(0.,0.,1.));
#4205=DIRECTION('ref_axis',(1.,0.,0.));
#4206=DIRECTION('',(0.,0.,1.));
#4207=DIRECTION('center_axis',(-9.86076131526317E-32,-8.88178419700124E-16,
-1.));
#4208=DIRECTION('ref_axis',(0.70710678118655,0.707106781186545,-6.93889390390662E-16));
#4209=DIRECTION('',(0.,0.,1.));
#4210=DIRECTION('center_axis',(1.,5.55111512312583E-17,0.));
#4211=DIRECTION('ref_axis',(-5.55111512312583E-17,1.,0.));
#4212=DIRECTION('',(0.,0.,1.));
#4213=DIRECTION('',(5.55111512312583E-17,-1.,8.88178419700124E-16));
#4214=DIRECTION('center_axis',(0.,0.,1.));
#4215=DIRECTION('ref_axis',(0.,-1.,0.));
#4216=DIRECTION('',(0.,0.,1.));
#4217=DIRECTION('center_axis',(-9.86076131526317E-32,-8.88178419700124E-16,
-1.));
#4218=DIRECTION('ref_axis',(0.707106781186547,-0.707106781186548,6.93889390390724E-16));
#4219=DIRECTION('center_axis',(0.,-1.,0.));
#4220=DIRECTION('ref_axis',(1.,0.,0.));
#4221=DIRECTION('',(0.,0.,1.));
#4222=DIRECTION('',(-1.,0.,9.86076131526317E-32));
#4223=DIRECTION('center_axis',(1.,0.,-9.86076131526317E-32));
#4224=DIRECTION('ref_axis',(0.,-0.707106781186548,0.707106781186548));
#4225=DIRECTION('center_axis',(1.,0.,0.));
#4226=DIRECTION('ref_axis',(0.,0.,1.));
#4227=DIRECTION('',(1.,0.,-9.86076131526317E-32));
#4228=DIRECTION('center_axis',(-1.,0.,0.));
#4229=DIRECTION('ref_axis',(0.,-1.,0.));
#4230=DIRECTION('center_axis',(-9.86076131526317E-32,-8.88178419700124E-16,
-1.));
#4231=DIRECTION('ref_axis',(-1.,0.,0.));
#4232=DIRECTION('center_axis',(0.,1.,0.));
#4233=DIRECTION('ref_axis',(-1.,0.,0.));
#4234=DIRECTION('center_axis',(5.55111512312583E-17,-1.,8.88178419700124E-16));
#4235=DIRECTION('ref_axis',(-0.707106781186547,0.,0.707106781186548));
#4236=DIRECTION('center_axis',(0.,1.,0.));
#4237=DIRECTION('ref_axis',(-1.,0.,0.));
#4238=DIRECTION('center_axis',(-9.86076131526317E-32,-8.88178419700124E-16,
-1.));
#4239=DIRECTION('ref_axis',(-1.,0.,0.));
#4240=DIRECTION('center_axis',(1.,0.,0.));
#4241=DIRECTION('ref_axis',(0.,1.,0.));
#4242=DIRECTION('center_axis',(-1.,0.,9.86076131526317E-32));
#4243=DIRECTION('ref_axis',(0.,0.707106781186548,0.707106781186548));
#4244=DIRECTION('center_axis',(1.,0.,0.));
#4245=DIRECTION('ref_axis',(0.,1.,0.));
#4246=DIRECTION('center_axis',(-9.86076131526317E-32,-8.88178419700124E-16,
-1.));
#4247=DIRECTION('ref_axis',(-1.,0.,0.));
#4248=DIRECTION('center_axis',(0.,-1.,0.));
#4249=DIRECTION('ref_axis',(1.,0.,0.));
#4250=DIRECTION('center_axis',(-9.86076131526317E-32,-8.88178419700124E-16,
-1.));
#4251=DIRECTION('ref_axis',(-0.707106781186547,-0.707106781186548,6.93889390390724E-16));
#4252=DIRECTION('center_axis',(3.33066907387546E-16,1.,-8.88178419700124E-16));
#4253=DIRECTION('ref_axis',(0.707106781186547,0.,0.707106781186548));
#4254=DIRECTION('center_axis',(0.,-1.,0.));
#4255=DIRECTION('ref_axis',(1.,0.,0.));
#4256=DIRECTION('',(3.33066907387546E-16,1.,-8.88178419700124E-16));
#4257=DIRECTION('center_axis',(-9.86076131526317E-32,-8.88178419700124E-16,
-1.));
#4258=DIRECTION('ref_axis',(-1.,0.,0.));
#4259=DIRECTION('center_axis',(-9.86076131526317E-32,-8.88178419700124E-16,
-1.));
#4260=DIRECTION('ref_axis',(-0.707106781186548,0.707106781186547,-6.93889390390733E-16));
#4261=DIRECTION('center_axis',(0.,1.,0.));
#4262=DIRECTION('ref_axis',(-1.,0.,0.));
#4263=DIRECTION('',(0.,0.,-1.));
#4264=DIRECTION('center_axis',(-1.,-2.0088529331187E-15,3.10077903732473E-15));
#4265=DIRECTION('ref_axis',(-1.38777878078144E-15,-0.573576436351045,-0.819152044288992));
#4266=DIRECTION('center_axis',(1.,2.40809632630583E-15,-1.68616720041445E-15));
#4267=DIRECTION('ref_axis',(2.77555756156289E-15,-0.962405170774971,0.271617906746957));
#4268=DIRECTION('center_axis',(1.60574054930257E-12,0.331874987356951,0.9433233765612));
#4269=DIRECTION('ref_axis',(-1.,9.56873469348806E-13,1.36557432028894E-12));
#4270=DIRECTION('center_axis',(1.30817937912973E-10,0.923960785903124,0.382487210391775));
#4271=DIRECTION('ref_axis',(-1.,8.8978824308583E-11,1.27076127398595E-10));
#4272=DIRECTION('center_axis',(1.,3.31009735296544E-15,-6.23590048354059E-16));
#4273=DIRECTION('ref_axis',(-1.38777878078145E-15,0.573576436351046,0.819152044288992));
#4274=DIRECTION('center_axis',(1.,1.23209517570909E-15,-2.55688740022367E-15));
#4275=DIRECTION('ref_axis',(1.38777878078145E-15,0.573576436351046,0.819152044288992));
#4276=DIRECTION('center_axis',(1.88930204125953E-10,-0.923960785903121,
-0.382487210391782));
#4277=DIRECTION('ref_axis',(1.,1.285055395428E-10,1.83525417085661E-10));
#4278=DIRECTION('center_axis',(1.12952020367728E-12,-0.331874987356956,
-0.943323376561198));
#4279=DIRECTION('ref_axis',(1.,6.73766598069392E-13,9.60342916300761E-13));
#4280=DIRECTION('center_axis',(0.,-0.819152044288991,0.573576436351047));
#4281=DIRECTION('ref_axis',(0.,-0.573576436351046,-0.819152044288991));
#4282=DIRECTION('',(0.,-0.819152044288991,0.573576436351047));
#4283=DIRECTION('',(0.,-0.819152044288991,0.573576436351047));
#4284=DIRECTION('center_axis',(1.,3.18398883009692E-17,4.54720730119206E-17));
#4285=DIRECTION('ref_axis',(-5.55111512312583E-17,0.573576436351047,0.819152044288991));
#4286=DIRECTION('',(0.,-0.819152044288991,0.573576436351047));
#4287=DIRECTION('center_axis',(0.,-0.819152044288991,0.573576436351047));
#4288=DIRECTION('ref_axis',(1.,0.,0.));
#4289=DIRECTION('',(0.,-0.819152044288991,0.573576436351047));
#4290=DIRECTION('center_axis',(0.,0.573576436351047,0.819152044288991));
#4291=DIRECTION('ref_axis',(-1.,0.,0.));
#4292=DIRECTION('',(0.,0.819152044288991,-0.573576436351047));
#4293=DIRECTION('',(-1.,-3.10862446895044E-15,2.85962078142617E-30));
#4294=DIRECTION('center_axis',(-1.,2.38219141074296E-16,1.52736223207428E-15));
#4295=DIRECTION('ref_axis',(1.38777878078145E-15,0.573576436351047,0.819152044288991));
#4296=DIRECTION('center_axis',(1.,1.4373411737206E-15,-1.00643712481836E-15));
#4297=DIRECTION('ref_axis',(-1.38777878078145E-15,0.296879317403522,-0.954915007159286));
#4298=DIRECTION('center_axis',(-1.86182395570037E-13,-0.918688024046819,
-0.394983942044421));
#4299=DIRECTION('ref_axis',(-1.,1.26287869051112E-13,1.77635683940025E-13));
#4300=DIRECTION('center_axis',(-5.09609640554061E-11,-0.574986963404649,
-0.818162570590162));
#4301=DIRECTION('ref_axis',(-1.,2.92306977234258E-11,4.17443857259058E-11));
#4302=DIRECTION('center_axis',(1.,8.95782415788286E-16,-4.01556374093136E-15));
#4303=DIRECTION('ref_axis',(-2.77555756156289E-15,-0.573576436351049,-0.81915204428899));
#4304=DIRECTION('center_axis',(1.,9.39149131811931E-16,4.42489590960319E-15));
#4305=DIRECTION('ref_axis',(4.16333634234432E-15,-0.573576436351044,-0.819152044288993));
#4306=DIRECTION('center_axis',(-7.3614567481958E-11,0.574986963404644,0.818162570590165));
#4307=DIRECTION('ref_axis',(1.,4.22234296137969E-11,6.03017635825154E-11));
#4308=DIRECTION('center_axis',(-1.27283245597314E-13,0.918688024046821,
0.394983942044416));
#4309=DIRECTION('ref_axis',(1.,8.60422844084494E-14,1.22124532708767E-13));
#4310=DIRECTION('center_axis',(0.,-0.573576436351047,-0.819152044288991));
#4311=DIRECTION('ref_axis',(1.,0.,0.));
#4312=DIRECTION('',(0.,-0.819152044288991,0.573576436351047));
#4313=DIRECTION('',(-1.,-3.10862446895044E-15,2.85962078142617E-30));
#4314=DIRECTION('center_axis',(-1.,-1.43734117372061E-15,1.00643712481837E-15));
#4315=DIRECTION('ref_axis',(0.,0.573576436351048,0.81915204428899));
#4316=DIRECTION('center_axis',(1.,1.43734117372061E-15,-1.00643712481837E-15));
#4317=DIRECTION('ref_axis',(-1.38777878078145E-15,0.296879317403519,-0.954915007159287));
#4318=DIRECTION('center_axis',(-1.86182395570036E-13,-0.918688024046822,
-0.394983942044414));
#4319=DIRECTION('ref_axis',(-1.,1.26287869051111E-13,1.77635683940025E-13));
#4320=DIRECTION('center_axis',(-5.09675006567925E-11,-0.574986963404644,
-0.818162570590165));
#4321=DIRECTION('ref_axis',(-1.,2.92341671703777E-11,4.1749936841029E-11));
#4322=DIRECTION('center_axis',(1.,2.28282275549438E-15,-1.59844970179382E-15));
#4323=DIRECTION('ref_axis',(0.,-0.573576436351046,-0.819152044288992));
#4324=DIRECTION('center_axis',(1.,2.28282275549438E-15,-1.59844970179382E-15));
#4325=DIRECTION('ref_axis',(0.,-0.573576436351046,-0.819152044288992));
#4326=DIRECTION('center_axis',(-7.3616113519203E-11,0.57498696340465,0.818162570590161));
#4327=DIRECTION('ref_axis',(1.,4.22261184351847E-11,6.03017635825155E-11));
#4328=DIRECTION('center_axis',(-1.27283245597314E-13,0.918688024046823,
0.394983942044413));
#4329=DIRECTION('ref_axis',(1.,8.60422844084495E-14,1.22124532708767E-13));
#4330=DIRECTION('center_axis',(0.,-0.819152044288991,0.573576436351047));
#4331=DIRECTION('ref_axis',(1.,0.,0.));
#4332=DIRECTION('',(0.,-0.819152044288991,0.573576436351047));
#4333=DIRECTION('',(0.,-0.819152044288991,0.573576436351047));
#4334=DIRECTION('center_axis',(1.,1.91039329805813E-16,2.72832438071521E-16));
#4335=DIRECTION('ref_axis',(-3.33066907387546E-16,0.573576436351047,0.819152044288991));
#4336=DIRECTION('',(0.,0.819152044288991,-0.573576436351047));
#4337=DIRECTION('center_axis',(0.,-0.819152044288991,0.573576436351047));
#4338=DIRECTION('ref_axis',(0.,-0.573576436351046,-0.819152044288991));
#4339=DIRECTION('',(0.,-0.819152044288991,0.573576436351047));
#4340=DIRECTION('center_axis',(0.,-0.573576436351047,-0.819152044288991));
#4341=DIRECTION('ref_axis',(1.,0.,0.));
#4342=DIRECTION('',(0.,-0.819152044288991,0.573576436351047));
#4343=DIRECTION('center_axis',(1.,3.31009735296545E-15,-6.23590048354066E-16));
#4344=DIRECTION('ref_axis',(-1.38777878078145E-15,0.573576436351046,0.819152044288992));
#4345=DIRECTION('center_axis',(-1.,-1.51406417622485E-15,1.06015914952591E-15));
#4346=DIRECTION('ref_axis',(1.38777878078145E-15,-0.236196376160225,0.971705342111886));
#4347=DIRECTION('center_axis',(1.88930204125953E-10,-0.923960785903121,
-0.382487210391782));
#4348=DIRECTION('ref_axis',(1.,1.285055395428E-10,1.83525417085661E-10));
#4349=DIRECTION('center_axis',(1.12290199981967E-12,-0.331874987356956,
-0.943323376561198));
#4350=DIRECTION('ref_axis',(1.,6.69603261727047E-13,9.54791801177634E-13));
#4351=DIRECTION('center_axis',(-1.,-1.60960953993155E-15,4.515390874235E-15));
#4352=DIRECTION('ref_axis',(-2.77555756156289E-15,-0.573576436351043,-0.819152044288994));
#4353=DIRECTION('center_axis',(-1.,-8.11122753557261E-16,7.3446145480556E-15));
#4354=DIRECTION('ref_axis',(-5.55111512312579E-15,-0.573576436351046,-0.819152044288991));
#4355=DIRECTION('center_axis',(1.63244364926566E-12,0.331874987356962,0.943323376561196));
#4356=DIRECTION('ref_axis',(-1.,9.74220704108577E-13,1.38777878078145E-12));
#4357=DIRECTION('center_axis',(1.30805997932859E-10,0.923960785903124,0.382487210391775));
#4358=DIRECTION('ref_axis',(-1.,8.89704976358985E-11,1.27065025168349E-10));
#4359=DIRECTION('center_axis',(0.,-0.819152044288991,0.573576436351047));
#4360=DIRECTION('ref_axis',(0.,0.573576436351047,0.819152044288991));
#4361=DIRECTION('',(0.,-0.819152044288991,0.573576436351047));
#4362=DIRECTION('',(0.,-0.819152044288991,0.573576436351047));
#4363=DIRECTION('center_axis',(-1.,3.18398883009692E-17,4.54720730119206E-17));
#4364=DIRECTION('ref_axis',(-5.55111512312583E-17,-0.573576436351047,-0.819152044288991));
#4365=DIRECTION('',(0.,-0.819152044288991,0.573576436351047));
#4366=DIRECTION('center_axis',(0.,-0.819152044288991,0.573576436351047));
#4367=DIRECTION('ref_axis',(-1.,0.,0.));
#4368=DIRECTION('center_axis',(0.,0.,1.));
#4369=DIRECTION('ref_axis',(-1.,0.,0.));
#4370=DIRECTION('',(0.,0.,1.));
#4371=DIRECTION('center_axis',(-1.,5.55111512312583E-17,0.));
#4372=DIRECTION('ref_axis',(-5.55111512312583E-17,-1.,0.));
#4373=DIRECTION('',(0.,0.,1.));
#4374=DIRECTION('center_axis',(0.,0.,1.));
#4375=DIRECTION('ref_axis',(0.,1.,0.));
#4376=DIRECTION('center_axis',(0.,0.,1.));
#4377=DIRECTION('ref_axis',(-1.,0.,0.));
#4378=DIRECTION('',(0.,0.,1.));
#4379=DIRECTION('center_axis',(-1.,3.33066907387546E-16,0.));
#4380=DIRECTION('ref_axis',(-3.33066907387546E-16,-1.,0.));
#4381=DIRECTION('',(0.,0.,1.));
#4382=DIRECTION('center_axis',(0.,0.,1.));
#4383=DIRECTION('ref_axis',(0.,1.,0.));
#4384=DIRECTION('',(1.,4.19611851826829E-15,0.));
#4385=DIRECTION('center_axis',(0.,0.,1.));
#4386=DIRECTION('ref_axis',(0.,1.,0.));
#4387=DIRECTION('',(0.,0.,1.));
#4388=DIRECTION('center_axis',(0.,0.,1.));
#4389=DIRECTION('ref_axis',(-1.,0.,0.));
#4390=DIRECTION('',(0.,0.,1.));
#4391=DIRECTION('center_axis',(-1.,5.55111512312583E-17,0.));
#4392=DIRECTION('ref_axis',(-5.55111512312583E-17,-1.,0.));
#4393=DIRECTION('center_axis',(0.,0.,1.));
#4394=DIRECTION('ref_axis',(-1.,0.,0.));
#4395=DIRECTION('',(0.,0.,1.));
#4396=DIRECTION('center_axis',(-1.,3.33066907387546E-16,0.));
#4397=DIRECTION('ref_axis',(-3.33066907387546E-16,-1.,0.));
#4398=DIRECTION('',(0.,0.,1.));
#4399=DIRECTION('center_axis',(0.,0.,1.));
#4400=DIRECTION('ref_axis',(0.,1.,0.));
#4401=DIRECTION('center_axis',(0.,0.573576436351047,0.819152044288991));
#4402=DIRECTION('ref_axis',(-1.,0.,0.));
#4403=DIRECTION('center_axis',(0.,-0.819152044288991,0.573576436351047));
#4404=DIRECTION('ref_axis',(-1.,0.,0.));
#4405=DIRECTION('',(0.,-0.819152044288991,0.573576436351047));
#4406=DIRECTION('center_axis',(-1.,1.91039329805813E-16,2.72832438071521E-16));
#4407=DIRECTION('ref_axis',(-3.33066907387546E-16,-0.573576436351047,-0.819152044288991));
#4408=DIRECTION('',(0.,-0.819152044288991,0.573576436351047));
#4409=DIRECTION('center_axis',(0.,-0.819152044288991,0.573576436351047));
#4410=DIRECTION('ref_axis',(0.,0.573576436351047,0.819152044288991));
#4411=DIRECTION('',(-0.707106781186477,-0.621620897343902,-0.337027387589587));
#4412=DIRECTION('',(-0.685564150081869,0.0533279336730761,-0.726056421783242));
#4413=DIRECTION('',(0.531684493978891,-0.846420602449867,0.029728145095424));
#4414=DIRECTION('',(-0.707106781186616,0.,0.70710678118648));
#4415=DIRECTION('',(0.686592381782446,-0.168022719934256,-0.707360775604785));
#4416=DIRECTION('center_axis',(1.,0.,0.));
#4417=DIRECTION('ref_axis',(0.,0.994295381092284,-0.10666159167456));
#4418=DIRECTION('center_axis',(-0.70710678118648,-1.25607396694714E-15,
-0.707106781186616));
#4419=DIRECTION('ref_axis',(-0.707106781186616,-9.86076131526264E-32,0.70710678118648));
#4420=DIRECTION('',(0.707106781186616,0.,-0.70710678118648));
#4421=DIRECTION('',(0.,1.,-1.77635683940025E-15));
#4422=DIRECTION('',(0.53214106910292,-0.846655704861191,4.37101338143512E-15));
#4423=DIRECTION('',(-0.53214106910292,0.846655704861191,-2.18550669071756E-15));
#4424=DIRECTION('center_axis',(-0.846655704861192,-0.53214106910292,9.45272427626731E-16));
#4425=DIRECTION('ref_axis',(1.11647795225298E-15,2.07075987620516E-30,1.));
#4426=DIRECTION('',(0.,-1.77635683940025E-15,-1.));
#4427=DIRECTION('',(-2.66240555512091E-30,1.77635683940025E-15,1.));
#4428=DIRECTION('center_axis',(-2.66240555512091E-30,1.77635683940025E-15,
1.));
#4429=DIRECTION('ref_axis',(-1.,-3.11361423535324E-15,0.));
#4430=DIRECTION('center_axis',(-0.97944046906736,-0.201733407132059,-9.20567908785591E-16));
#4431=DIRECTION('ref_axis',(0.201733407132059,-0.97944046906736,1.73983577601319E-15));
#4432=DIRECTION('center_axis',(2.66240555512091E-30,-1.77635683940025E-15,
-1.));
#4433=DIRECTION('ref_axis',(2.21046651644469E-15,-1.,1.77635683940025E-15));
#4434=DIRECTION('center_axis',(-0.97944046906736,0.20173340713206,-2.28558488845587E-16));
#4435=DIRECTION('ref_axis',(-0.20173340713206,-0.97944046906736,1.73983577601319E-15));
#4436=DIRECTION('center_axis',(-2.66240555512091E-30,1.77635683940025E-15,
1.));
#4437=DIRECTION('ref_axis',(2.21046651644469E-15,-1.,1.77635683940025E-15));
#4438=DIRECTION('',(0.707106781186648,0.119853857466094,0.696875206080942));
#4439=DIRECTION('',(0.707106781186648,0.150819203693684,0.690835412958152));
#4440=DIRECTION('center_axis',(1.,0.,0.));
#4441=DIRECTION('ref_axis',(0.,0.169498948671272,0.985530368075654));
#4442=DIRECTION('center_axis',(-2.66240555512091E-30,1.77635683940025E-15,
1.));
#4443=DIRECTION('ref_axis',(-1.,-3.10862446895044E-15,2.85962078142617E-30));
#4444=DIRECTION('',(1.,0.,0.));
#4445=DIRECTION('',(0.707106781186619,-0.142937728090239,0.692509065563983));
#4446=DIRECTION('center_axis',(-1.,0.,0.));
#4447=DIRECTION('ref_axis',(0.,0.999982397386532,-0.00593337316240436));
#4448=DIRECTION('center_axis',(-0.999999999999873,-1.5177886590046E-7,4.81337662816713E-7));
#4449=DIRECTION('ref_axis',(-5.02854956114967E-7,0.218141635440206,-0.975917120911002));
#4450=DIRECTION('',(0.707106781186606,-0.253763113827356,0.660003243977302));
#4451=DIRECTION('center_axis',(-1.,0.,0.));
#4452=DIRECTION('ref_axis',(0.,0.202144584515492,-0.979355689701683));
#4453=DIRECTION('center_axis',(0.268923266030748,-0.896713635198883,-0.351546488299571));
#4454=DIRECTION('ref_axis',(-0.0110733308385866,0.362089620449327,-0.93207751185564));
#4455=DIRECTION('',(-0.707106781186568,0.,-0.707106781186527));
#4456=DIRECTION('center_axis',(-0.707106781186584,6.28036983473476E-16,
0.707106781186511));
#4457=DIRECTION('ref_axis',(0.707106781186511,0.,0.707106781186584));
#4458=DIRECTION('',(-0.707106781186464,0.,-0.707106781186631));
#4459=DIRECTION('',(0.,-1.,8.88178419700123E-16));
#4460=DIRECTION('center_axis',(-0.268923266090252,-0.896713635183173,0.351546488294126));
#4461=DIRECTION('ref_axis',(-0.0110733290555214,-0.362089620920554,-0.932077511693763));
#4462=DIRECTION('center_axis',(2.76539868204764E-13,0.048532671649692,-0.998821595572775));
#4463=DIRECTION('ref_axis',(-0.574515602303239,-0.817529113702139,-0.0397236826029732));
#4464=DIRECTION('',(0.707106781186466,0.,-0.707106781186629));
#4465=DIRECTION('center_axis',(-1.,0.,0.));
#4466=DIRECTION('ref_axis',(0.,0.,1.));
#4467=DIRECTION('',(0.,1.,-1.77635683940025E-15));
#4468=DIRECTION('',(0.707106781186595,-0.621620897343796,-0.337027387589536));
#4469=DIRECTION('center_axis',(2.66240555512091E-30,-1.77635683940025E-15,
-1.));
#4470=DIRECTION('ref_axis',(1.,3.11361423535324E-15,0.));
#4471=DIRECTION('center_axis',(2.66240555512091E-30,-1.77635683940025E-15,
-1.));
#4472=DIRECTION('ref_axis',(3.18347096499258E-15,-1.,1.77635683940025E-15));
#4473=DIRECTION('center_axis',(2.66240555512091E-30,-1.77635683940025E-15,
-1.));
#4474=DIRECTION('ref_axis',(-0.438202247191008,-0.898876404494384,1.5967252488991E-15));
#4475=DIRECTION('',(2.66240555512091E-30,-1.77635683940025E-15,-1.));
#4476=DIRECTION('center_axis',(1.,0.,0.));
#4477=DIRECTION('ref_axis',(0.,0.987373163699451,0.158411601867218));
#4478=DIRECTION('',(-1.,0.,0.));
#4479=DIRECTION('center_axis',(-1.50869850632528E-16,0.0485326716492935,
0.998821595572794));
#4480=DIRECTION('ref_axis',(-3.1049612521137E-15,0.998821595572794,-0.0485326716492935));
#4481=DIRECTION('',(-1.,-3.10862446895044E-15,2.85962078142617E-30));
#4482=DIRECTION('',(-1.,-3.10862446895044E-15,2.85962078142617E-30));
#4483=DIRECTION('center_axis',(1.,9.7128498366068E-16,7.69294936503161E-15));
#4484=DIRECTION('ref_axis',(-3.50615257930644E-15,0.935139999326888,0.354278395698789));
#4485=DIRECTION('center_axis',(-0.268923482911218,-0.896713576151061,-0.351546473009295));
#4486=DIRECTION('ref_axis',(0.011073342764312,0.362089621872345,-0.932077511161151));
#4487=DIRECTION('',(-1.,-3.10862446895044E-15,2.85962078142617E-30));
#4488=DIRECTION('',(-1.,-3.10862446895044E-15,2.85962078142617E-30));
#4489=DIRECTION('',(1.,3.10862446895044E-15,-2.85962078142617E-30));
#4490=DIRECTION('center_axis',(1.,2.75265403879646E-15,-1.62726707578233E-15));
#4491=DIRECTION('ref_axis',(-3.05786203507565E-15,0.790562239739357,-0.6123816988597));
#4492=DIRECTION('',(-1.,-3.10862446895044E-15,2.85962078142617E-30));
#4493=DIRECTION('center_axis',(-1.,-3.75652918856807E-15,0.));
#4494=DIRECTION('ref_axis',(2.79839329902533E-15,-0.79901869592159,0.601306181215328));
#4495=DIRECTION('',(-1.,-3.10862446895044E-15,2.85962078142617E-30));
#4496=DIRECTION('center_axis',(-1.,-3.23201735906481E-15,2.00666147838404E-16));
#4497=DIRECTION('ref_axis',(2.29339652631745E-15,-0.790562239739381,-0.612381698859668));
#4498=DIRECTION('',(1.,3.10862446895044E-15,-2.85962078142617E-30));
#4499=DIRECTION('',(-1.,-3.10862446895044E-15,2.85962078142617E-30));
#4500=DIRECTION('center_axis',(1.,3.0575594739077E-15,2.65314425356714E-17));
#4501=DIRECTION('ref_axis',(-2.79839329898901E-15,0.799018695921813,0.601306181215032));
#4502=DIRECTION('',(-1.,-3.10862446895044E-15,2.85962078142617E-30));
#4503=DIRECTION('',(-1.,-3.10862446895044E-15,2.85962078142617E-30));
#4504=DIRECTION('center_axis',(-1.,-2.90030196644624E-15,4.80809335473899E-16));
#4505=DIRECTION('ref_axis',(2.33743505213389E-15,-0.935139999327296,0.354278395697712));
#4506=DIRECTION('center_axis',(0.268923482917315,-0.89671357615046,0.351546473006163));
#4507=DIRECTION('ref_axis',(0.0110733432507688,-0.362089621741093,-0.93207751120636));
#4508=DIRECTION('',(-1.,-3.10862446895044E-15,2.85962078142617E-30));
#4509=DIRECTION('',(-1.,-3.10862446895044E-15,2.85962078142617E-30));
#4510=DIRECTION('center_axis',(-1.50869850632537E-16,0.0485326716492944,
-0.998821595572794));
#4511=DIRECTION('ref_axis',(3.1049612521137E-15,-0.998821595572794,-0.0485326716492944));
#4512=DIRECTION('center_axis',(-2.75310072522369E-13,0.0485326716496992,
-0.998821595572774));
#4513=DIRECTION('ref_axis',(0.550892634423496,-0.83359265495512,-0.0405042089518398));
#4514=DIRECTION('center_axis',(-0.707106781186702,-1.25607396694674E-15,
-0.707106781186393));
#4515=DIRECTION('ref_axis',(-0.707106781186393,0.,0.707106781186702));
#4516=DIRECTION('center_axis',(0.707106781186637,-1.25607396694686E-15,
-0.707106781186459));
#4517=DIRECTION('ref_axis',(-0.707106781186459,0.,-0.707106781186637));
#4518=DIRECTION('',(-0.707106781186459,0.,-0.707106781186637));
#4519=DIRECTION('',(-0.707106781186487,0.,-0.707106781186608));
#4520=DIRECTION('',(0.,-1.,1.77635683940025E-15));
#4521=DIRECTION('',(0.686592381782237,0.168022719934318,0.707360775604973));
#4522=DIRECTION('center_axis',(-1.,0.,0.));
#4523=DIRECTION('ref_axis',(0.,0.994295381092549,-0.10666159167209));
#4524=DIRECTION('',(-0.532141069102698,-0.846655704861331,-4.37101338143584E-15));
#4525=DIRECTION('center_axis',(0.846655704861351,-0.532141069102667,9.45272427626282E-16));
#4526=DIRECTION('ref_axis',(1.11647795225224E-15,-2.16936748935778E-30,
-1.));
#4527=DIRECTION('',(-0.532141069102667,-0.846655704861351,2.18550669071797E-15));
#4528=DIRECTION('',(0.,1.77635683940025E-15,1.));
#4529=DIRECTION('',(0.531684493978648,0.846420602450019,-0.02972814509543));
#4530=DIRECTION('',(-0.685564150081677,-0.0533279336731307,0.726056421783419));
#4531=DIRECTION('',(0.707106781186452,-0.119853857466108,-0.696875206081138));
#4532=DIRECTION('center_axis',(-1.,0.,0.));
#4533=DIRECTION('ref_axis',(0.,0.213290565372227,0.976988809927317));
#4534=DIRECTION('',(-0.707106781186452,0.150819203693727,0.690835412958344));
#4535=DIRECTION('center_axis',(1.,0.,0.));
#4536=DIRECTION('ref_axis',(0.,0.999982397386533,-0.00593337316220413));
#4537=DIRECTION('',(-0.707106781186476,-0.142937728090269,0.692509065564122));
#4538=DIRECTION('center_axis',(0.999999999999873,-1.51799262373129E-7,4.81404935464364E-7));
#4539=DIRECTION('ref_axis',(5.02925057964821E-7,0.218141635470444,-0.975917120904243));
#4540=DIRECTION('',(-0.707106781186487,-0.253763113827396,0.660003243977414));
#4541=DIRECTION('center_axis',(1.,0.,0.));
#4542=DIRECTION('ref_axis',(0.,0.358875131533643,-0.93338557947223));
#4543=DIRECTION('',(0.707106781186584,0.,-0.707106781186511));
#4544=DIRECTION('center_axis',(0.707106781186511,6.28036983473542E-16,0.707106781186584));
#4545=DIRECTION('ref_axis',(0.707106781186584,0.,-0.707106781186511));
#4546=DIRECTION('',(0.707106781186631,5.23364152894521E-15,-0.707106781186464));
#4547=DIRECTION('',(0.,1.,-8.88178419700123E-16));
#4548=DIRECTION('',(-0.707106781186642,0.,-0.707106781186453));
#4549=DIRECTION('center_axis',(1.,0.,0.));
#4550=DIRECTION('ref_axis',(0.,0.,-1.));
#4551=DIRECTION('',(0.,-1.,1.77635683940025E-15));
#4552=DIRECTION('center_axis',(0.707106781186464,-1.25607396694717E-15,
-0.707106781186631));
#4553=DIRECTION('ref_axis',(-0.707106781186631,-9.86076131526265E-32,-0.707106781186464));
#4554=DIRECTION('',(1.,0.,3.33066907387547E-16));
#4555=DIRECTION('',(3.33066907387547E-16,0.,-1.));
#4556=CARTESIAN_POINT('',(0.,0.,0.));
#4557=CARTESIAN_POINT('',(0.,0.,0.));
#4558=CARTESIAN_POINT('Origin',(1.25000000000004,-60.3805549128151,-11.7));
#4559=CARTESIAN_POINT('',(2.50000000000002,-60.3805549128151,-12.1));
#4560=CARTESIAN_POINT('',(2.50000000000002,-59.9805549128151,-11.7));
#4561=CARTESIAN_POINT('Origin',(2.50000000000002,-60.3805549128151,-11.7));
#4562=CARTESIAN_POINT('',(3.50000000000002,-59.9805549128151,-11.7));
#4563=CARTESIAN_POINT('',(1.25000000000004,-59.9805549128151,-11.7));
#4564=CARTESIAN_POINT('',(3.50000000000002,-60.3805549128151,-12.1));
#4565=CARTESIAN_POINT('Origin',(3.50000000000002,-60.3805549128151,-11.7));
#4566=CARTESIAN_POINT('',(1.25000000000004,-60.3805549128151,-12.1));
#4567=CARTESIAN_POINT('Origin',(3.50000000000002,-59.4805549128151,-11.7));
#4568=CARTESIAN_POINT('',(4.00000000000002,-59.4805549128151,-11.7));
#4569=CARTESIAN_POINT('',(4.40000000000002,-59.4805549128151,-12.1));
#4570=CARTESIAN_POINT('Origin',(4.40000000000002,-59.4805549128151,-11.7));
#4571=CARTESIAN_POINT('Origin',(3.50000000000002,-59.4805549128151,-12.1));
#4572=CARTESIAN_POINT('Origin',(3.50000000000002,-59.4805549128151,-11.7));
#4573=CARTESIAN_POINT('Origin',(4.40000000000002,-57.8710235195092,-11.7));
#4574=CARTESIAN_POINT('',(4.00000000000002,-54.4805549128151,-11.7));
#4575=CARTESIAN_POINT('',(4.40000000000002,-54.4805549128151,-12.1));
#4576=CARTESIAN_POINT('Origin',(4.40000000000002,-54.4805549128151,-11.7));
#4577=CARTESIAN_POINT('',(4.40000000000002,-57.8710235195092,-12.1));
#4578=CARTESIAN_POINT('',(4.00000000000002,-57.8710235195092,-11.7));
#4579=CARTESIAN_POINT('Origin',(3.50000000000002,-54.4805549128151,-11.7));
#4580=CARTESIAN_POINT('',(3.50000000000002,-53.9805549128151,-11.7));
#4581=CARTESIAN_POINT('',(3.50000000000002,-53.5805549128151,-12.1));
#4582=CARTESIAN_POINT('Origin',(3.50000000000002,-53.5805549128151,-11.7));
#4583=CARTESIAN_POINT('Origin',(3.50000000000002,-54.4805549128151,-12.1));
#4584=CARTESIAN_POINT('Origin',(3.50000000000002,-54.4805549128151,-11.7));
#4585=CARTESIAN_POINT('Origin',(1.75000000000005,-53.5805549128151,-11.7));
#4586=CARTESIAN_POINT('',(2.50000000000006,-53.9805549128151,-11.7));
#4587=CARTESIAN_POINT('',(2.50000000000006,-53.5805549128151,-12.1));
#4588=CARTESIAN_POINT('Origin',(2.50000000000006,-53.5805549128151,-11.7));
#4589=CARTESIAN_POINT('',(1.75000000000005,-53.5805549128151,-12.1));
#4590=CARTESIAN_POINT('',(1.75000000000005,-53.9805549128151,-11.7));
#4591=CARTESIAN_POINT('Origin',(2.50000000000006,-54.4805549128151,-11.7));
#4592=CARTESIAN_POINT('',(2.00000000000002,-54.4805549128151,-11.7));
#4593=CARTESIAN_POINT('',(1.60000000000002,-54.4805549128151,-12.1));
#4594=CARTESIAN_POINT('Origin',(1.60000000000002,-54.4805549128151,-11.7));
#4595=CARTESIAN_POINT('Origin',(2.50000000000006,-54.4805549128151,-12.1));
#4596=CARTESIAN_POINT('Origin',(2.50000000000006,-54.4805549128151,-11.7));
#4597=CARTESIAN_POINT('Origin',(1.60000000000002,-55.3710235195093,-11.7));
#4598=CARTESIAN_POINT('',(2.00000000000002,-59.4805549128151,-11.7));
#4599=CARTESIAN_POINT('',(1.60000000000002,-59.4805549128151,-12.1));
#4600=CARTESIAN_POINT('Origin',(1.60000000000002,-59.4805549128151,-11.7));
#4601=CARTESIAN_POINT('',(1.60000000000002,-55.3710235195093,-12.1));
#4602=CARTESIAN_POINT('',(2.00000000000002,-55.3710235195093,-11.7));
#4603=CARTESIAN_POINT('Origin',(2.50000000000002,-59.4805549128151,-11.7));
#4604=CARTESIAN_POINT('Origin',(2.50000000000002,-59.4805549128151,-12.1));
#4605=CARTESIAN_POINT('Origin',(2.50000000000002,-59.4805549128151,-11.7));
#4606=CARTESIAN_POINT('Origin',(3.50000000000002,-54.4805549128151,-10.6));
#4607=CARTESIAN_POINT('',(4.00000000000002,-54.4805549128151,-9.436816900387));
#4608=CARTESIAN_POINT('',(4.00000000000002,-54.4805549128151,-10.6));
#4609=CARTESIAN_POINT('',(3.96507592537063,-54.2969673760903,-9.37241366264451));
#4610=CARTESIAN_POINT('Ctrl Pts',(3.96507592537089,-54.296967376091,-9.37241366264475));
#4611=CARTESIAN_POINT('Ctrl Pts',(3.98807597727283,-54.3552326081037,-9.39406094576122));
#4612=CARTESIAN_POINT('Ctrl Pts',(4.00000000000002,-54.4178171995242,-9.41610124539849));
#4613=CARTESIAN_POINT('Ctrl Pts',(4.00000000000002,-54.4805549128151,-9.436816900387));
#4614=CARTESIAN_POINT('',(3.50000000000002,-53.9805549128151,-9.24914434950064));
#4615=CARTESIAN_POINT('Ctrl Pts',(3.50000000000002,-53.9805549128151,-9.24914434950064));
#4616=CARTESIAN_POINT('Ctrl Pts',(3.60038272144472,-53.9805549128151,-9.24914434950064));
#4617=CARTESIAN_POINT('Ctrl Pts',(3.80046587167332,-54.0433029859853,-9.27505786332916));
#4618=CARTESIAN_POINT('Ctrl Pts',(3.9288789584464,-54.2052708579703,-9.33834565295897));
#4619=CARTESIAN_POINT('Ctrl Pts',(3.96507592537063,-54.2969673760903,-9.37241366264451));
#4620=CARTESIAN_POINT('',(3.50000000000002,-53.9805549128151,-10.6));
#4621=CARTESIAN_POINT('Origin',(4.00000000000002,-59.4805549128151,-10.6));
#4622=CARTESIAN_POINT('',(4.00000000000002,-59.4805549128151,-9.52948032174476));
#4623=CARTESIAN_POINT('',(4.00000000000002,-59.4805549128151,-10.6));
#4624=CARTESIAN_POINT('Ctrl Pts',(4.00000000000002,-54.4805549128153,-9.43681690038704));
#4625=CARTESIAN_POINT('Ctrl Pts',(4.00000000000002,-56.1273656541856,-9.73891025381171));
#4626=CARTESIAN_POINT('Ctrl Pts',(4.00000000000002,-57.8235811384705,-9.76965509812751));
#4627=CARTESIAN_POINT('Ctrl Pts',(4.00000000000002,-59.4805549128151,-9.52948032174476));
#4628=CARTESIAN_POINT('Origin',(3.50000000000002,-59.4805549128151,-10.6));
#4629=CARTESIAN_POINT('',(3.50000000000002,-59.9805549128151,-9.37149035733249));
#4630=CARTESIAN_POINT('',(3.50000000000002,-59.9805549128151,-10.6));
#4631=CARTESIAN_POINT('Ctrl Pts',(4.00000000000002,-59.4805549128151,-9.52948032174476));
#4632=CARTESIAN_POINT('Ctrl Pts',(4.00000000000002,-59.6296882395672,-9.4905705241817));
#4633=CARTESIAN_POINT('Ctrl Pts',(3.87612937155512,-59.887165756212,-9.40786753539384));
#4634=CARTESIAN_POINT('Ctrl Pts',(3.61301886487257,-59.9805549128151,-9.37149035733249));
#4635=CARTESIAN_POINT('Ctrl Pts',(3.50000000000002,-59.9805549128151,-9.37149035733249));
#4636=CARTESIAN_POINT('Origin',(2.50000000000002,-59.9805549128151,-10.6));
#4637=CARTESIAN_POINT('',(2.50000000000002,-59.9805549128151,-9.37149035733249));
#4638=CARTESIAN_POINT('',(2.50000000000002,-59.9805549128151,-10.6));
#4639=CARTESIAN_POINT('Ctrl Pts',(3.50000000000002,-59.9805549128151,-9.37149035733249));
#4640=CARTESIAN_POINT('Ctrl Pts',(3.16666666666668,-59.9805549128151,-9.37149035733249));
#4641=CARTESIAN_POINT('Ctrl Pts',(2.83333333333335,-59.9805549128151,-9.37149035733249));
#4642=CARTESIAN_POINT('Ctrl Pts',(2.50000000000002,-59.9805549128151,-9.37149035733249));
#4643=CARTESIAN_POINT('Origin',(6.77819373626838E-14,-56.2614921262034,
-12.1));
#4644=CARTESIAN_POINT('',(-12.6999999999999,-52.1943229534824,-12.1));
#4645=CARTESIAN_POINT('',(-12.6999999999999,-61.2041043550644,-12.1));
#4646=CARTESIAN_POINT('',(-12.6999999999999,-37.0309480527604,-12.1));
#4647=CARTESIAN_POINT('',(12.7000000000001,-52.1943229534823,-12.1));
#4648=CARTESIAN_POINT('',(12.7000000000001,-52.1943229534823,-12.1));
#4649=CARTESIAN_POINT('',(12.7000000000001,-61.2041043550643,-12.1));
#4650=CARTESIAN_POINT('',(12.7000000000001,-37.0309480527604,-12.1));
#4651=CARTESIAN_POINT('',(12.7004908653629,-61.3511004471143,-12.1));
#4652=CARTESIAN_POINT('Ctrl Pts',(12.700490865363,-61.3511004471143,-12.1));
#4653=CARTESIAN_POINT('Ctrl Pts',(12.6998063880829,-61.2993895771763,-12.1));
#4654=CARTESIAN_POINT('Ctrl Pts',(12.7000000000001,-61.2491756416009,-12.1));
#4655=CARTESIAN_POINT('Ctrl Pts',(12.7000000000001,-61.2041043550643,-12.1));
#4656=CARTESIAN_POINT('',(-12.7004908653627,-61.3511004471143,-12.1));
#4657=CARTESIAN_POINT('Origin',(4.20316548581642E-15,-35.0948254595367,
-12.1));
#4658=CARTESIAN_POINT('Ctrl Pts',(-12.6999999999999,-61.2041043550644,-12.1));
#4659=CARTESIAN_POINT('Ctrl Pts',(-12.6999999999999,-61.249175641601,-12.1));
#4660=CARTESIAN_POINT('Ctrl Pts',(-12.6998063880827,-61.2993895771764,-12.1));
#4661=CARTESIAN_POINT('Ctrl Pts',(-12.7004908653628,-61.3511004471144,-12.1));
#4662=CARTESIAN_POINT('',(-2.50000000000002,-60.3805549128151,-12.1));
#4663=CARTESIAN_POINT('',(-3.50000000000002,-60.3805549128151,-12.1));
#4664=CARTESIAN_POINT('',(-1.74999999999998,-60.3805549128151,-12.1));
#4665=CARTESIAN_POINT('',(-1.60000000000002,-59.4805549128151,-12.1));
#4666=CARTESIAN_POINT('Origin',(-2.50000000000002,-59.4805549128151,-12.1));
#4667=CARTESIAN_POINT('',(-1.60000000000002,-54.4805549128151,-12.1));
#4668=CARTESIAN_POINT('',(-1.60000000000002,-57.8710235195092,-12.1));
#4669=CARTESIAN_POINT('',(-2.50000000000006,-53.5805549128151,-12.1));
#4670=CARTESIAN_POINT('Origin',(-2.50000000000006,-54.4805549128151,-12.1));
#4671=CARTESIAN_POINT('',(-3.50000000000002,-53.5805549128151,-12.1));
#4672=CARTESIAN_POINT('',(-1.25,-53.5805549128151,-12.1));
#4673=CARTESIAN_POINT('',(-4.40000000000002,-54.4805549128151,-12.1));
#4674=CARTESIAN_POINT('Origin',(-3.50000000000002,-54.4805549128151,-12.1));
#4675=CARTESIAN_POINT('',(-4.40000000000002,-59.4805549128151,-12.1));
#4676=CARTESIAN_POINT('',(-4.40000000000002,-55.3710235195092,-12.1));
#4677=CARTESIAN_POINT('Origin',(-3.50000000000002,-59.4805549128151,-12.1));
#4678=CARTESIAN_POINT('Ctrl Pts',(2.03492407462942,-54.2969673760903,-9.3724136626445));
#4679=CARTESIAN_POINT('Ctrl Pts',(2.07112104155366,-54.2052708579703,-9.33834565295896));
#4680=CARTESIAN_POINT('Ctrl Pts',(2.19953410447414,-54.0433029581209,-9.275057851219));
#4681=CARTESIAN_POINT('Ctrl Pts',(2.39961727855536,-53.9805549128151,-9.24914434950064));
#4682=CARTESIAN_POINT('Ctrl Pts',(2.50000000000007,-53.9805549128151,-9.24914434950064));
#4683=CARTESIAN_POINT('Ctrl Pts',(2.02801729549538,-54.3144640795943,-9.27443599170996));
#4684=CARTESIAN_POINT('Ctrl Pts',(2.06115529110601,-54.2202008326126,-9.2427797576787));
#4685=CARTESIAN_POINT('Ctrl Pts',(2.18750280441948,-54.0489736226218,-9.18365009566687));
#4686=CARTESIAN_POINT('Ctrl Pts',(2.39561746318133,-53.9805549128151,-9.15927423368254));
#4687=CARTESIAN_POINT('Ctrl Pts',(2.50000000000007,-53.9805549128151,-9.15927423368254));
#4688=CARTESIAN_POINT('Ctrl Pts',(1.94136970828621,-54.3205631932863,-9.0791746521478));
#4689=CARTESIAN_POINT('Ctrl Pts',(1.97849359902654,-54.2080959080398,-9.05215444752459));
#4690=CARTESIAN_POINT('Ctrl Pts',(2.12547326531428,-54.00118444247,-9.00119407204821));
#4691=CARTESIAN_POINT('Ctrl Pts',(2.37469149814521,-53.9175511708221,-8.97994231969468));
#4692=CARTESIAN_POINT('Ctrl Pts',(2.50000000000007,-53.9175511708221,-8.97994231969468));
#4693=CARTESIAN_POINT('Ctrl Pts',(1.75591850395088,-54.2661874173049,-8.98794351666433));
#4694=CARTESIAN_POINT('Ctrl Pts',(1.8116359729344,-54.1200152038537,-8.95805211667373));
#4695=CARTESIAN_POINT('Ctrl Pts',(2.0146592662106,-53.8589278062883,-8.90205932834582));
#4696=CARTESIAN_POINT('Ctrl Pts',(2.33782864802477,-53.7565676658603,-8.87887937886125));
#4697=CARTESIAN_POINT('Ctrl Pts',(2.50000000000007,-53.7565676658603,-8.87887937886125));
#4698=CARTESIAN_POINT('Ctrl Pts',(1.66286333433294,-54.2309551361665,-8.98067137760971));
#4699=CARTESIAN_POINT('Ctrl Pts',(1.72801787479656,-54.0680779255408,-8.94705261418521));
#4700=CARTESIAN_POINT('Ctrl Pts',(1.95916138805343,-53.7803771780329,-8.88459872944769));
#4701=CARTESIAN_POINT('Ctrl Pts',(2.3193111013996,-53.6689178070939,-8.8590264200041));
#4702=CARTESIAN_POINT('Ctrl Pts',(2.50000000000007,-53.6689178070939,-8.8590264200041));
#4703=CARTESIAN_POINT('',(2.50000000000006,-53.9805549128151,-9.24914434950064));
#4704=CARTESIAN_POINT('',(2.50000000000007,-53.6689178070939,-8.8590264200041));
#4705=CARTESIAN_POINT('Origin',(2.50000000000007,-53.5805549128151,-9.24914434950064));
#4706=CARTESIAN_POINT('',(1.66286333433294,-54.2309551361671,-8.98067137760984));
#4707=CARTESIAN_POINT('Ctrl Pts',(2.50000000000007,-53.6689178070939,-8.8590264200041));
#4708=CARTESIAN_POINT('Ctrl Pts',(2.3193111013996,-53.6689178070939,-8.8590264200041));
#4709=CARTESIAN_POINT('Ctrl Pts',(1.95916138805343,-53.7803771780329,-8.88459872944769));
#4710=CARTESIAN_POINT('Ctrl Pts',(1.72801787479656,-54.0680779255408,-8.94705261418521));
#4711=CARTESIAN_POINT('Ctrl Pts',(1.66286333433294,-54.2309551361665,-8.98067137760971));
#4712=CARTESIAN_POINT('',(2.03492407462942,-54.2969673760903,-9.3724136626445));
#4713=CARTESIAN_POINT('Origin',(1.66286333433294,-54.1500973467105,-9.3724136626445));
#4714=CARTESIAN_POINT('Ctrl Pts',(2.03492407462942,-54.2969673760903,-9.3724136626445));
#4715=CARTESIAN_POINT('Ctrl Pts',(2.07112104155366,-54.2052708579703,-9.33834565295896));
#4716=CARTESIAN_POINT('Ctrl Pts',(2.19953410447414,-54.0433029581209,-9.275057851219));
#4717=CARTESIAN_POINT('Ctrl Pts',(2.39961727855536,-53.9805549128151,-9.24914434950064));
#4718=CARTESIAN_POINT('Ctrl Pts',(2.50000000000007,-53.9805549128151,-9.24914434950064));
#4719=CARTESIAN_POINT('Ctrl Pts',(2.50000000000007,-53.9805549128151,-9.24914434950064));
#4720=CARTESIAN_POINT('Ctrl Pts',(2.83333333333338,-53.9805549128151,-9.24914434950064));
#4721=CARTESIAN_POINT('Ctrl Pts',(3.1666666666667,-53.9805549128151,-9.24914434950064));
#4722=CARTESIAN_POINT('Ctrl Pts',(3.50000000000002,-53.9805549128151,-9.24914434950064));
#4723=CARTESIAN_POINT('Ctrl Pts',(2.50000000000007,-53.9805549128151,-9.15927423368254));
#4724=CARTESIAN_POINT('Ctrl Pts',(2.83333333333338,-53.9805549128151,-9.15927423368254));
#4725=CARTESIAN_POINT('Ctrl Pts',(3.1666666666667,-53.9805549128151,-9.15927423368254));
#4726=CARTESIAN_POINT('Ctrl Pts',(3.50000000000002,-53.9805549128151,-9.15927423368254));
#4727=CARTESIAN_POINT('Ctrl Pts',(2.50000000000007,-53.9174485071009,-8.98002433034457));
#4728=CARTESIAN_POINT('Ctrl Pts',(2.83333333333338,-53.9174485071009,-8.98002433034457));
#4729=CARTESIAN_POINT('Ctrl Pts',(3.16666666666671,-53.9174485071009,-8.98002433034457));
#4730=CARTESIAN_POINT('Ctrl Pts',(3.50000000000002,-53.9174485071009,-8.98002433034457));
#4731=CARTESIAN_POINT('Ctrl Pts',(2.50000000000007,-53.7565676658603,-8.87887937886125));
#4732=CARTESIAN_POINT('Ctrl Pts',(2.83333333333338,-53.7565676658603,-8.87887937886125));
#4733=CARTESIAN_POINT('Ctrl Pts',(3.1666666666667,-53.7565676658603,-8.87887937886125));
#4734=CARTESIAN_POINT('Ctrl Pts',(3.50000000000002,-53.7565676658603,-8.87887937886125));
#4735=CARTESIAN_POINT('Ctrl Pts',(2.50000000000007,-53.6689178070939,-8.8590264200041));
#4736=CARTESIAN_POINT('Ctrl Pts',(2.83333333333338,-53.6689178070939,-8.8590264200041));
#4737=CARTESIAN_POINT('Ctrl Pts',(3.1666666666667,-53.6689178070939,-8.8590264200041));
#4738=CARTESIAN_POINT('Ctrl Pts',(3.50000000000002,-53.6689178070939,-8.8590264200041));
#4739=CARTESIAN_POINT('',(3.50000000000002,-53.6689178070939,-8.8590264200041));
#4740=CARTESIAN_POINT('Origin',(3.50000000000002,-53.5805549128151,-9.24914434950064));
#4741=CARTESIAN_POINT('Ctrl Pts',(3.50000000000002,-53.6689178070939,-8.8590264200041));
#4742=CARTESIAN_POINT('Ctrl Pts',(3.1666666666667,-53.6689178070939,-8.8590264200041));
#4743=CARTESIAN_POINT('Ctrl Pts',(2.83333333333338,-53.6689178070939,-8.8590264200041));
#4744=CARTESIAN_POINT('Ctrl Pts',(2.50000000000007,-53.6689178070939,-8.8590264200041));
#4745=CARTESIAN_POINT('Ctrl Pts',(2.50000000000007,-53.9805549128151,-9.24914434950064));
#4746=CARTESIAN_POINT('Ctrl Pts',(2.83333333333338,-53.9805549128151,-9.24914434950064));
#4747=CARTESIAN_POINT('Ctrl Pts',(3.1666666666667,-53.9805549128151,-9.24914434950064));
#4748=CARTESIAN_POINT('Ctrl Pts',(3.50000000000002,-53.9805549128151,-9.24914434950064));
#4749=CARTESIAN_POINT('Ctrl Pts',(3.50000000000002,-53.9805549128151,-9.24914434950064));
#4750=CARTESIAN_POINT('Ctrl Pts',(3.60038272144472,-53.9805549128151,-9.24914434950064));
#4751=CARTESIAN_POINT('Ctrl Pts',(3.80046587167332,-54.0433029859853,-9.27505786332916));
#4752=CARTESIAN_POINT('Ctrl Pts',(3.9288789584464,-54.2052708579703,-9.33834565295897));
#4753=CARTESIAN_POINT('Ctrl Pts',(3.96507592537063,-54.2969673760903,-9.37241366264451));
#4754=CARTESIAN_POINT('Ctrl Pts',(3.50000000000002,-53.9805549128151,-9.15927423368254));
#4755=CARTESIAN_POINT('Ctrl Pts',(3.60438253681875,-53.9805549128151,-9.15927423368254));
#4756=CARTESIAN_POINT('Ctrl Pts',(3.81249717247403,-54.0489736729452,-9.18365011141565));
#4757=CARTESIAN_POINT('Ctrl Pts',(3.93884470889405,-54.2202008326126,-9.24277975767871));
#4758=CARTESIAN_POINT('Ctrl Pts',(3.97198270450467,-54.3144640795942,-9.27443599170996));
#4759=CARTESIAN_POINT('Ctrl Pts',(3.50000000000002,-53.9175499093656,-8.97994332738133));
#4760=CARTESIAN_POINT('Ctrl Pts',(3.62530850185488,-53.9175499093656,-8.97994332738133));
#4761=CARTESIAN_POINT('Ctrl Pts',(3.8745274490941,-54.0011833750562,-9.00119538154262));
#4762=CARTESIAN_POINT('Ctrl Pts',(4.02150792908715,-54.2080949727248,-9.05215605647351));
#4763=CARTESIAN_POINT('Ctrl Pts',(4.05863181982746,-54.3205622579713,-9.07917626109672));
#4764=CARTESIAN_POINT('Ctrl Pts',(3.50000000000002,-53.7565676658603,-8.87887937886124));
#4765=CARTESIAN_POINT('Ctrl Pts',(3.66217135197532,-53.7565676658603,-8.87887937886124));
#4766=CARTESIAN_POINT('Ctrl Pts',(3.98534069348132,-53.8589278537693,-8.90205935603935));
#4767=CARTESIAN_POINT('Ctrl Pts',(4.18836402706567,-54.1200152038537,-8.95805211667374));
#4768=CARTESIAN_POINT('Ctrl Pts',(4.24408149604917,-54.2661874173049,-8.98794351666433));
#4769=CARTESIAN_POINT('Ctrl Pts',(3.50000000000002,-53.6689178070939,-8.85902642000409));
#4770=CARTESIAN_POINT('Ctrl Pts',(3.68068889860048,-53.6689178070939,-8.85902642000409));
#4771=CARTESIAN_POINT('Ctrl Pts',(4.04083856901196,-53.7803772275297,-8.88459874139854));
#4772=CARTESIAN_POINT('Ctrl Pts',(4.2719821252035,-54.0680779255409,-8.94705261418522));
#4773=CARTESIAN_POINT('Ctrl Pts',(4.33713666566711,-54.2309551361665,-8.98067137760971));
#4774=CARTESIAN_POINT('',(4.33713666566711,-54.2309551361671,-8.98067137760984));
#4775=CARTESIAN_POINT('Origin',(4.33713666566711,-54.1500973467105,-9.37241366264451));
#4776=CARTESIAN_POINT('Ctrl Pts',(4.33713666566711,-54.2309551361665,-8.98067137760971));
#4777=CARTESIAN_POINT('Ctrl Pts',(4.2719821252035,-54.0680779255409,-8.94705261418522));
#4778=CARTESIAN_POINT('Ctrl Pts',(4.04083856901196,-53.7803772275297,-8.88459874139854));
#4779=CARTESIAN_POINT('Ctrl Pts',(3.68068889860048,-53.6689178070939,-8.85902642000409));
#4780=CARTESIAN_POINT('Ctrl Pts',(3.50000000000002,-53.6689178070939,-8.85902642000409));
#4781=CARTESIAN_POINT('Ctrl Pts',(3.96507592537089,-54.296967376091,-9.37241366264475));
#4782=CARTESIAN_POINT('Ctrl Pts',(3.98807597727283,-54.3552326081037,-9.39406094576122));
#4783=CARTESIAN_POINT('Ctrl Pts',(4.00000000000002,-54.4178171995242,-9.41610124539849));
#4784=CARTESIAN_POINT('Ctrl Pts',(4.00000000000002,-54.4805549128151,-9.436816900387));
#4785=CARTESIAN_POINT('Ctrl Pts',(3.97198270450491,-54.3144640795949,-9.27443599171019));
#4786=CARTESIAN_POINT('Ctrl Pts',(3.99292410293097,-54.3740755494618,-9.29440499585922));
#4787=CARTESIAN_POINT('Ctrl Pts',(4.00242439528968,-54.437319385984,-9.31474182330665));
#4788=CARTESIAN_POINT('Ctrl Pts',(4.00000000000002,-54.4994495771752,-9.33381583839714));
#4789=CARTESIAN_POINT('Ctrl Pts',(4.05863210220275,-54.3205620851384,-9.07917655840922));
#4790=CARTESIAN_POINT('Ctrl Pts',(4.08201458085821,-54.3911203859105,-9.09591520482645));
#4791=CARTESIAN_POINT('Ctrl Pts',(4.09119106603606,-54.4649239756342,-9.11278565455706));
#4792=CARTESIAN_POINT('Ctrl Pts',(4.08675578946392,-54.5370738018639,-9.12871375107647));
#4793=CARTESIAN_POINT('Ctrl Pts',(4.24408149604958,-54.266187417306,-8.98794351666454));
#4794=CARTESIAN_POINT('Ctrl Pts',(4.27941438590605,-54.3577642933894,-9.00653604309035));
#4795=CARTESIAN_POINT('Ctrl Pts',(4.29680437442371,-54.4554943787501,-9.02559532075664));
#4796=CARTESIAN_POINT('Ctrl Pts',(4.29528024488036,-54.5527272143584,-9.04338182456136));
#4797=CARTESIAN_POINT('Ctrl Pts',(4.33713666566759,-54.2309551361677,-8.98067137760995));
#4798=CARTESIAN_POINT('Ctrl Pts',(4.37853675909106,-54.3330704300031,-9.00174854299293));
#4799=CARTESIAN_POINT('Ctrl Pts',(4.40000000000001,-54.4427615987907,-9.02320957238099));
#4800=CARTESIAN_POINT('Ctrl Pts',(4.40000000000002,-54.5527272143584,-9.04338182456136));
#4801=CARTESIAN_POINT('',(4.40000000000002,-54.5527272143584,-9.04338182456136));
#4802=CARTESIAN_POINT('Origin',(4.40000000000002,-54.4805549128151,-9.436816900387));
#4803=CARTESIAN_POINT('Ctrl Pts',(4.40000000000002,-54.5527272143584,-9.04338182456136));
#4804=CARTESIAN_POINT('Ctrl Pts',(4.40000000000001,-54.4427615987907,-9.02320957238099));
#4805=CARTESIAN_POINT('Ctrl Pts',(4.37853675909106,-54.3330704300031,-9.00174854299293));
#4806=CARTESIAN_POINT('Ctrl Pts',(4.33713666566759,-54.2309551361677,-8.98067137760995));
#4807=CARTESIAN_POINT('Ctrl Pts',(4.00000000000002,-54.4805549128153,-9.43681690038704));
#4808=CARTESIAN_POINT('Ctrl Pts',(4.00000000000002,-56.1273656541856,-9.73891025381171));
#4809=CARTESIAN_POINT('Ctrl Pts',(4.00000000000002,-57.8235811384705,-9.76965509812751));
#4810=CARTESIAN_POINT('Ctrl Pts',(4.00000000000002,-59.4805549128151,-9.52948032174476));
#4811=CARTESIAN_POINT('Ctrl Pts',(4.00000000000002,-54.4994495771754,-9.33381583839717));
#4812=CARTESIAN_POINT('Ctrl Pts',(4.00000000000002,-56.1349301703724,-9.63383077299053));
#4813=CARTESIAN_POINT('Ctrl Pts',(4.00000000000002,-57.8198740836777,-9.66437831618873));
#4814=CARTESIAN_POINT('Ctrl Pts',(4.00000000000002,-59.4655329941397,-9.42584360493247));
#4815=CARTESIAN_POINT('Ctrl Pts',(4.08676071842315,-54.5370729125282,-9.12871859914013));
#4816=CARTESIAN_POINT('Ctrl Pts',(4.08676071842315,-56.1500919089356,-9.42461314580607));
#4817=CARTESIAN_POINT('Ctrl Pts',(4.08676071842315,-57.8123935131094,-9.45476398360727));
#4818=CARTESIAN_POINT('Ctrl Pts',(4.08676071842315,-59.4356211273187,-9.21948064038403));
#4819=CARTESIAN_POINT('Ctrl Pts',(4.29528024488036,-54.5527272143586,-9.04338182456139));
#4820=CARTESIAN_POINT('Ctrl Pts',(4.29528024488036,-56.1562487664791,-9.33753414625789));
#4821=CARTESIAN_POINT('Ctrl Pts',(4.29528024488036,-57.8094324282208,-9.36752578956776));
#4822=CARTESIAN_POINT('Ctrl Pts',(4.29528024488036,-59.4231754101292,-9.13361722334896));
#4823=CARTESIAN_POINT('Ctrl Pts',(4.40000000000002,-54.5527272143586,-9.04338182456139));
#4824=CARTESIAN_POINT('Ctrl Pts',(4.40000000000002,-56.1563396314745,-9.33755081466456));
#4825=CARTESIAN_POINT('Ctrl Pts',(4.40000000000002,-57.8093416858017,-9.36753894248578));
#4826=CARTESIAN_POINT('Ctrl Pts',(4.40000000000002,-59.4231754101292,-9.13361722334896));
#4827=CARTESIAN_POINT('',(4.40000000000002,-59.4231754101292,-9.13361722334896));
#4828=CARTESIAN_POINT('Origin',(4.40000000000002,-59.4805549128151,-9.52948032174476));
#4829=CARTESIAN_POINT('Ctrl Pts',(4.40000000000002,-59.4231754101292,-9.13361722334896));
#4830=CARTESIAN_POINT('Ctrl Pts',(4.40000000000002,-57.8093416858017,-9.36753894248578));
#4831=CARTESIAN_POINT('Ctrl Pts',(4.40000000000002,-56.1563396314745,-9.33755081466456));
#4832=CARTESIAN_POINT('Ctrl Pts',(4.40000000000002,-54.5527272143586,-9.04338182456139));
#4833=CARTESIAN_POINT('Ctrl Pts',(4.00000000000002,-59.4805549128151,-9.52948032174476));
#4834=CARTESIAN_POINT('Ctrl Pts',(4.00000000000002,-59.6296882395672,-9.4905705241817));
#4835=CARTESIAN_POINT('Ctrl Pts',(3.87612937155512,-59.887165756212,-9.40786753539384));
#4836=CARTESIAN_POINT('Ctrl Pts',(3.61301886487257,-59.9805549128151,-9.37149035733249));
#4837=CARTESIAN_POINT('Ctrl Pts',(3.50000000000002,-59.9805549128151,-9.37149035733249));
#4838=CARTESIAN_POINT('Ctrl Pts',(4.00000000000002,-59.4655329941397,-9.42584360493246));
#4839=CARTESIAN_POINT('Ctrl Pts',(4.00458179524442,-59.6129954799382,-9.39005012691902));
#4840=CARTESIAN_POINT('Ctrl Pts',(3.88962304292758,-59.8784463333761,-9.31409977884753));
#4841=CARTESIAN_POINT('Ctrl Pts',(3.61717030079798,-59.9805549128151,-9.28035035563105));
#4842=CARTESIAN_POINT('Ctrl Pts',(3.50000000000002,-59.9805549128151,-9.28035035563105));
#4843=CARTESIAN_POINT('Ctrl Pts',(4.08676091038656,-59.4356211548556,-9.2194808303621));
#4844=CARTESIAN_POINT('Ctrl Pts',(4.0951430125926,-59.6064692210594,-9.18965888756581));
#4845=CARTESIAN_POINT('Ctrl Pts',(3.96640300345708,-59.9210936536149,-9.12700187237902));
#4846=CARTESIAN_POINT('Ctrl Pts',(3.64046948734907,-60.045429169924,-9.09851375446569));
#4847=CARTESIAN_POINT('Ctrl Pts',(3.50000000000002,-60.045429169924,-9.09851375446569));
#4848=CARTESIAN_POINT('Ctrl Pts',(4.29528024488036,-59.4231754101292,-9.13361722334896));
#4849=CARTESIAN_POINT('Ctrl Pts',(4.29816065366656,-59.6539769912827,-9.10025699969899));
#4850=CARTESIAN_POINT('Ctrl Pts',(4.10669936525349,-60.0596111434665,-9.02964912450379));
#4851=CARTESIAN_POINT('Ctrl Pts',(3.68237661328746,-60.2103829465046,-8.99819690468141));
#4852=CARTESIAN_POINT('Ctrl Pts',(3.50000000000002,-60.2103829465046,-8.99819690468141));
#4853=CARTESIAN_POINT('Ctrl Pts',(4.40000000000002,-59.4231754101292,-9.13361722334896));
#4854=CARTESIAN_POINT('Ctrl Pts',(4.40000000000002,-59.684626443663,-9.09572045969086));
#4855=CARTESIAN_POINT('Ctrl Pts',(4.17703286879922,-60.135963625568,-9.0151798748947));
#4856=CARTESIAN_POINT('Ctrl Pts',(3.70343395677062,-60.2996386781298,-8.9797601402642));
#4857=CARTESIAN_POINT('Ctrl Pts',(3.50000000000002,-60.2996386781298,-8.9797601402642));
#4858=CARTESIAN_POINT('',(3.50000000000002,-60.2996386781298,-8.97976014026421));
#4859=CARTESIAN_POINT('Origin',(3.50000000000002,-60.3805549128151,-9.37149035733249));
#4860=CARTESIAN_POINT('Ctrl Pts',(3.50000000000002,-60.2996386781298,-8.9797601402642));
#4861=CARTESIAN_POINT('Ctrl Pts',(3.70343395677062,-60.2996386781298,-8.9797601402642));
#4862=CARTESIAN_POINT('Ctrl Pts',(4.17703286879922,-60.135963625568,-9.0151798748947));
#4863=CARTESIAN_POINT('Ctrl Pts',(4.40000000000002,-59.684626443663,-9.09572045969086));
#4864=CARTESIAN_POINT('Ctrl Pts',(4.40000000000002,-59.4231754101292,-9.13361722334896));
#4865=CARTESIAN_POINT('Ctrl Pts',(3.50000000000002,-59.9805549128151,-9.37149035733249));
#4866=CARTESIAN_POINT('Ctrl Pts',(3.16666666666668,-59.9805549128151,-9.37149035733249));
#4867=CARTESIAN_POINT('Ctrl Pts',(2.83333333333335,-59.9805549128151,-9.37149035733249));
#4868=CARTESIAN_POINT('Ctrl Pts',(2.50000000000002,-59.9805549128151,-9.37149035733249));
#4869=CARTESIAN_POINT('Ctrl Pts',(3.50000000000002,-59.9805549128151,-9.28035035563105));
#4870=CARTESIAN_POINT('Ctrl Pts',(3.16666666666668,-59.9805549128151,-9.28035035563105));
#4871=CARTESIAN_POINT('Ctrl Pts',(2.83333333333335,-59.9805549128151,-9.28035035563105));
#4872=CARTESIAN_POINT('Ctrl Pts',(2.50000000000002,-59.9805549128151,-9.28035035563105));
#4873=CARTESIAN_POINT('Ctrl Pts',(3.50000000000002,-60.0455377678541,-9.09860221288665));
#4874=CARTESIAN_POINT('Ctrl Pts',(3.16666666666669,-60.0455377678541,-9.09860221288665));
#4875=CARTESIAN_POINT('Ctrl Pts',(2.83333333333335,-60.0455377678541,-9.09860221288665));
#4876=CARTESIAN_POINT('Ctrl Pts',(2.50000000000002,-60.0455377678541,-9.09860221288665));
#4877=CARTESIAN_POINT('Ctrl Pts',(3.50000000000002,-60.2103829465046,-8.99819690468142));
#4878=CARTESIAN_POINT('Ctrl Pts',(3.16666666666668,-60.2103829465046,-8.99819690468142));
#4879=CARTESIAN_POINT('Ctrl Pts',(2.83333333333335,-60.2103829465046,-8.99819690468142));
#4880=CARTESIAN_POINT('Ctrl Pts',(2.50000000000002,-60.2103829465046,-8.99819690468142));
#4881=CARTESIAN_POINT('Ctrl Pts',(3.50000000000002,-60.2996386781298,-8.9797601402642));
#4882=CARTESIAN_POINT('Ctrl Pts',(3.16666666666668,-60.2996386781298,-8.9797601402642));
#4883=CARTESIAN_POINT('Ctrl Pts',(2.83333333333335,-60.2996386781298,-8.9797601402642));
#4884=CARTESIAN_POINT('Ctrl Pts',(2.50000000000002,-60.2996386781298,-8.9797601402642));
#4885=CARTESIAN_POINT('',(2.50000000000002,-60.2996386781298,-8.97976014026421));
#4886=CARTESIAN_POINT('Origin',(2.50000000000002,-60.3805549128151,-9.37149035733249));
#4887=CARTESIAN_POINT('Ctrl Pts',(2.50000000000002,-60.2996386781298,-8.9797601402642));
#4888=CARTESIAN_POINT('Ctrl Pts',(2.83333333333335,-60.2996386781298,-8.9797601402642));
#4889=CARTESIAN_POINT('Ctrl Pts',(3.16666666666668,-60.2996386781298,-8.9797601402642));
#4890=CARTESIAN_POINT('Ctrl Pts',(3.50000000000002,-60.2996386781298,-8.9797601402642));
#4891=CARTESIAN_POINT('Ctrl Pts',(2.50000000000002,-59.9805549128151,-9.37149035733249));
#4892=CARTESIAN_POINT('Ctrl Pts',(2.38698024006274,-59.9805549128151,-9.37149035733249));
#4893=CARTESIAN_POINT('Ctrl Pts',(2.12387132763703,-59.8871658964849,-9.40786750794818));
#4894=CARTESIAN_POINT('Ctrl Pts',(2.00000000000002,-59.6296894206441,-9.49057021603151));
#4895=CARTESIAN_POINT('Ctrl Pts',(2.00000000000002,-59.4805549128151,-9.52948032174477));
#4896=CARTESIAN_POINT('Ctrl Pts',(2.50000000000002,-59.9805549128151,-9.28035035563105));
#4897=CARTESIAN_POINT('Ctrl Pts',(2.3828287712596,-59.9805549128151,-9.28035035563105));
#4898=CARTESIAN_POINT('Ctrl Pts',(2.110377658493,-59.8784464895664,-9.31409975132144));
#4899=CARTESIAN_POINT('Ctrl Pts',(1.99541816846961,-59.6129966477827,-9.39004984344886));
#4900=CARTESIAN_POINT('Ctrl Pts',(2.00000000000002,-59.4655329941397,-9.42584360493247));
#4901=CARTESIAN_POINT('Ctrl Pts',(2.50000000000002,-60.0454283431586,-9.09851308102405));
#4902=CARTESIAN_POINT('Ctrl Pts',(2.35952940018817,-60.0454283431586,-9.09851308102405));
#4903=CARTESIAN_POINT('Ctrl Pts',(2.03359828385187,-59.921093178481,-9.12700097821527));
#4904=CARTESIAN_POINT('Ctrl Pts',(1.90485820178159,-59.6064703903855,-9.18965738387667));
#4905=CARTESIAN_POINT('Ctrl Pts',(1.91324037037056,-59.4356209711326,-9.21947956285093));
#4906=CARTESIAN_POINT('Ctrl Pts',(2.50000000000002,-60.2103829465046,-8.99819690468142));
#4907=CARTESIAN_POINT('Ctrl Pts',(2.31762194236191,-60.2103829465046,-8.99819690468142));
#4908=CARTESIAN_POINT('Ctrl Pts',(1.89330175181953,-60.0596113600524,-9.02964909077535));
#4909=CARTESIAN_POINT('Ctrl Pts',(1.70183932352177,-59.6539788191399,-9.10025673549922));
#4910=CARTESIAN_POINT('Ctrl Pts',(1.70471975511968,-59.4231754101292,-9.13361722334896));
#4911=CARTESIAN_POINT('Ctrl Pts',(2.50000000000002,-60.2996386781298,-8.97976014026421));
#4912=CARTESIAN_POINT('Ctrl Pts',(2.29656443211292,-60.2996386781298,-8.97976014026421));
#4913=CARTESIAN_POINT('Ctrl Pts',(1.82296838974665,-60.1359638715323,-9.01517984815131));
#4914=CARTESIAN_POINT('Ctrl Pts',(1.60000000000001,-59.6846285142517,-9.09572015956348));
#4915=CARTESIAN_POINT('Ctrl Pts',(1.60000000000002,-59.4231754101292,-9.13361722334896));
#4916=CARTESIAN_POINT('',(2.00000000000002,-59.4805549128151,-9.52948032174477));
#4917=CARTESIAN_POINT('',(1.60000000000002,-59.4231754101292,-9.13361722334896));
#4918=CARTESIAN_POINT('Origin',(1.60000000000002,-59.4805549128151,-9.52948032174477));
#4919=CARTESIAN_POINT('Ctrl Pts',(1.60000000000002,-59.4231754101292,-9.13361722334896));
#4920=CARTESIAN_POINT('Ctrl Pts',(1.60000000000001,-59.6846285142517,-9.09572015956348));
#4921=CARTESIAN_POINT('Ctrl Pts',(1.82296838974665,-60.1359638715323,-9.01517984815131));
#4922=CARTESIAN_POINT('Ctrl Pts',(2.29656443211292,-60.2996386781298,-8.97976014026421));
#4923=CARTESIAN_POINT('Ctrl Pts',(2.50000000000002,-60.2996386781298,-8.97976014026421));
#4924=CARTESIAN_POINT('Ctrl Pts',(2.50000000000002,-59.9805549128151,-9.37149035733249));
#4925=CARTESIAN_POINT('Ctrl Pts',(2.38698024006274,-59.9805549128151,-9.37149035733249));
#4926=CARTESIAN_POINT('Ctrl Pts',(2.12387132763703,-59.8871658964849,-9.40786750794818));
#4927=CARTESIAN_POINT('Ctrl Pts',(2.00000000000002,-59.6296894206441,-9.49057021603151));
#4928=CARTESIAN_POINT('Ctrl Pts',(2.00000000000002,-59.4805549128151,-9.52948032174477));
#4929=CARTESIAN_POINT('Ctrl Pts',(2.00000000000002,-59.4805549128142,-9.52948032174489));
#4930=CARTESIAN_POINT('Ctrl Pts',(2.00000000000002,-57.8235811384699,-9.76965509812751));
#4931=CARTESIAN_POINT('Ctrl Pts',(2.00000000000002,-56.1273656541852,-9.73891025381165));
#4932=CARTESIAN_POINT('Ctrl Pts',(2.00000000000002,-54.4805549128151,-9.43681690038701));
#4933=CARTESIAN_POINT('Ctrl Pts',(2.00000000000002,-59.4655329941388,-9.42584360493259));
#4934=CARTESIAN_POINT('Ctrl Pts',(2.00000000000002,-57.8198740836771,-9.66437831618873));
#4935=CARTESIAN_POINT('Ctrl Pts',(2.00000000000002,-56.134930170372,-9.63383077299047));
#4936=CARTESIAN_POINT('Ctrl Pts',(2.00000000000002,-54.4994495771752,-9.33381583839715));
#4937=CARTESIAN_POINT('Ctrl Pts',(1.91324118011967,-59.4356208549742,-9.21947876147659));
#4938=CARTESIAN_POINT('Ctrl Pts',(1.91324118011967,-57.8123932407652,-9.4547621046997));
#4939=CARTESIAN_POINT('Ctrl Pts',(1.91324118011967,-56.1500922514907,-9.42461127842271));
#4940=CARTESIAN_POINT('Ctrl Pts',(1.91324118011967,-54.5370732550836,-9.12871673175679));
#4941=CARTESIAN_POINT('Ctrl Pts',(1.70471975511968,-59.4231754101284,-9.13361722334909));
#4942=CARTESIAN_POINT('Ctrl Pts',(1.70471975511968,-57.8094324282202,-9.36752578956776));
#4943=CARTESIAN_POINT('Ctrl Pts',(1.70471975511968,-56.1562487664788,-9.33753414625784));
#4944=CARTESIAN_POINT('Ctrl Pts',(1.70471975511968,-54.5527272143585,-9.04338182456137));
#4945=CARTESIAN_POINT('Ctrl Pts',(1.60000000000002,-59.4231754101284,-9.13361722334909));
#4946=CARTESIAN_POINT('Ctrl Pts',(1.60000000000002,-57.8093416858011,-9.36753894248577));
#4947=CARTESIAN_POINT('Ctrl Pts',(1.60000000000002,-56.1563396314741,-9.3375508146645));
#4948=CARTESIAN_POINT('Ctrl Pts',(1.60000000000002,-54.5527272143585,-9.04338182456137));
#4949=CARTESIAN_POINT('',(2.00000000000002,-54.4805549128151,-9.43681690038701));
#4950=CARTESIAN_POINT('',(1.60000000000002,-54.5527272143585,-9.04338182456137));
#4951=CARTESIAN_POINT('Origin',(1.60000000000002,-54.4805549128151,-9.43681690038701));
#4952=CARTESIAN_POINT('Ctrl Pts',(1.60000000000002,-54.5527272143585,-9.04338182456137));
#4953=CARTESIAN_POINT('Ctrl Pts',(1.60000000000002,-56.1563396314741,-9.3375508146645));
#4954=CARTESIAN_POINT('Ctrl Pts',(1.60000000000002,-57.8093416858011,-9.36753894248577));
#4955=CARTESIAN_POINT('Ctrl Pts',(1.60000000000002,-59.4231754101284,-9.13361722334909));
#4956=CARTESIAN_POINT('Ctrl Pts',(2.00000000000002,-59.4805549128142,-9.52948032174489));
#4957=CARTESIAN_POINT('Ctrl Pts',(2.00000000000002,-57.8235811384699,-9.76965509812751));
#4958=CARTESIAN_POINT('Ctrl Pts',(2.00000000000002,-56.1273656541852,-9.73891025381165));
#4959=CARTESIAN_POINT('Ctrl Pts',(2.00000000000002,-54.4805549128151,-9.43681690038701));
#4960=CARTESIAN_POINT('Ctrl Pts',(2.00000000000002,-54.4805549128151,-9.43681690038701));
#4961=CARTESIAN_POINT('Ctrl Pts',(2.00000000000002,-54.4178171995243,-9.4161012453985));
#4962=CARTESIAN_POINT('Ctrl Pts',(2.01192402272721,-54.3552326081037,-9.39406094576123));
#4963=CARTESIAN_POINT('Ctrl Pts',(2.03492407462915,-54.296967376091,-9.37241366264476));
#4964=CARTESIAN_POINT('Ctrl Pts',(2.00000000000002,-54.4994495771752,-9.33381583839715));
#4965=CARTESIAN_POINT('Ctrl Pts',(1.99757560471035,-54.4373193859841,-9.31474182330666));
#4966=CARTESIAN_POINT('Ctrl Pts',(2.00707589706906,-54.3740755494618,-9.29440499585923));
#4967=CARTESIAN_POINT('Ctrl Pts',(2.02801729549514,-54.3144640795949,-9.2744359917102));
#4968=CARTESIAN_POINT('Ctrl Pts',(1.91324642949399,-54.5370742022322,-9.12871156853683));
#4969=CARTESIAN_POINT('Ctrl Pts',(1.90881115292185,-54.4649243760025,-9.11278347201742));
#4970=CARTESIAN_POINT('Ctrl Pts',(1.91798707593856,-54.3911213999888,-9.09591346038726));
#4971=CARTESIAN_POINT('Ctrl Pts',(1.94136955459404,-54.3205630992167,-9.07917481397002));
#4972=CARTESIAN_POINT('Ctrl Pts',(1.70471975511968,-54.5527272143585,-9.04338182456137));
#4973=CARTESIAN_POINT('Ctrl Pts',(1.70319562557632,-54.4554943787502,-9.02559532075665));
#4974=CARTESIAN_POINT('Ctrl Pts',(1.72058561409398,-54.3577642933894,-9.00653604309036));
#4975=CARTESIAN_POINT('Ctrl Pts',(1.75591850395048,-54.266187417306,-8.98794351666455));
#4976=CARTESIAN_POINT('Ctrl Pts',(1.60000000000002,-54.5527272143585,-9.04338182456137));
#4977=CARTESIAN_POINT('Ctrl Pts',(1.60000000000001,-54.4427615987908,-9.023209572381));
#4978=CARTESIAN_POINT('Ctrl Pts',(1.62146324090897,-54.3330704300031,-9.00174854299295));
#4979=CARTESIAN_POINT('Ctrl Pts',(1.66286333433247,-54.2309551361677,-8.98067137760995));
#4980=CARTESIAN_POINT('Ctrl Pts',(1.66286333433247,-54.2309551361677,-8.98067137760995));
#4981=CARTESIAN_POINT('Ctrl Pts',(1.62146324090897,-54.3330704300031,-9.00174854299295));
#4982=CARTESIAN_POINT('Ctrl Pts',(1.60000000000001,-54.4427615987908,-9.023209572381));
#4983=CARTESIAN_POINT('Ctrl Pts',(1.60000000000002,-54.5527272143585,-9.04338182456137));
#4984=CARTESIAN_POINT('Ctrl Pts',(2.00000000000002,-54.4805549128151,-9.43681690038701));
#4985=CARTESIAN_POINT('Ctrl Pts',(2.00000000000002,-54.4178171995243,-9.4161012453985));
#4986=CARTESIAN_POINT('Ctrl Pts',(2.01192402272721,-54.3552326081037,-9.39406094576123));
#4987=CARTESIAN_POINT('Ctrl Pts',(2.03492407462915,-54.296967376091,-9.37241366264476));
#4988=CARTESIAN_POINT('Origin',(3.50000000000002,-53.9805549128151,-10.6));
#4989=CARTESIAN_POINT('',(2.50000000000006,-53.9805549128151,-10.6));
#4990=CARTESIAN_POINT('Ctrl Pts',(12.7000000000001,-60.4624806907183,-8.94516784440246));
#4991=CARTESIAN_POINT('Ctrl Pts',(-17.7799999999999,-60.4624806907183,-8.94516784440246));
#4992=CARTESIAN_POINT('Ctrl Pts',(12.7000000000001,-58.4181858218981,-9.39146651185262));
#4993=CARTESIAN_POINT('Ctrl Pts',(-17.7799999999999,-58.4181858218981,-9.39146651185262));
#4994=CARTESIAN_POINT('Ctrl Pts',(12.7000000000001,-56.2802026165218,-9.40364747092351));
#4995=CARTESIAN_POINT('Ctrl Pts',(-17.7799999999999,-56.2802026165218,-9.40364747092351));
#4996=CARTESIAN_POINT('Ctrl Pts',(12.7000000000001,-54.2309551361677,-8.98067137760996));
#4997=CARTESIAN_POINT('Ctrl Pts',(-17.7799999999999,-54.2309551361677,-8.98067137760996));
#4998=CARTESIAN_POINT('',(-1.66286333433294,-54.2309551361671,-8.98067137760984));
#4999=CARTESIAN_POINT('',(12.7000000000001,-54.2309551361677,-8.98067137760996));
#5000=CARTESIAN_POINT('',(-1.60000000000002,-54.5527272143585,-9.04338182456137));
#5001=CARTESIAN_POINT('Ctrl Pts',(-1.60000000000002,-54.5527272143585,-9.04338182456137));
#5002=CARTESIAN_POINT('Ctrl Pts',(-1.60000000000002,-54.4427615987907,-9.02320957238099));
#5003=CARTESIAN_POINT('Ctrl Pts',(-1.62146324090898,-54.3330704300031,-9.00174854299294));
#5004=CARTESIAN_POINT('Ctrl Pts',(-1.66286333433247,-54.2309551361677,-8.98067137760995));
#5005=CARTESIAN_POINT('',(-1.60000000000002,-59.4231754101292,-9.13361722334896));
#5006=CARTESIAN_POINT('Ctrl Pts',(-1.60000000000002,-59.4231754101292,-9.13361722334896));
#5007=CARTESIAN_POINT('Ctrl Pts',(-1.60000000000002,-57.8093416858017,-9.36753894248577));
#5008=CARTESIAN_POINT('Ctrl Pts',(-1.60000000000002,-56.1563396314746,-9.33755081466456));
#5009=CARTESIAN_POINT('Ctrl Pts',(-1.60000000000002,-54.5527272143587,-9.04338182456141));
#5010=CARTESIAN_POINT('',(-2.50000000000002,-60.2996386781298,-8.97976014026421));
#5011=CARTESIAN_POINT('Ctrl Pts',(-2.50000000000002,-60.2996386781298,-8.97976014026421));
#5012=CARTESIAN_POINT('Ctrl Pts',(-2.36437736215295,-60.2996386781298,-8.97976014026421));
#5013=CARTESIAN_POINT('Ctrl Pts',(-2.09371244001085,-60.2385269708675,-8.99249689192394));
#5014=CARTESIAN_POINT('Ctrl Pts',(-1.71670212042813,-59.9438172650456,-9.0505422410466));
#5015=CARTESIAN_POINT('Ctrl Pts',(-1.60000000000002,-59.6192636852794,-9.1051946506054));
#5016=CARTESIAN_POINT('Ctrl Pts',(-1.60000000000002,-59.4231754101292,-9.13361722334896));
#5017=CARTESIAN_POINT('',(-3.50000000000002,-60.2996386781298,-8.9797601402642));
#5018=CARTESIAN_POINT('Ctrl Pts',(-3.50000000000002,-60.2996386781298,-8.9797601402642));
#5019=CARTESIAN_POINT('Ctrl Pts',(-3.16666666666669,-60.2996386781298,-8.9797601402642));
#5020=CARTESIAN_POINT('Ctrl Pts',(-2.83333333333336,-60.2996386781298,-8.9797601402642));
#5021=CARTESIAN_POINT('Ctrl Pts',(-2.50000000000002,-60.2996386781298,-8.9797601402642));
#5022=CARTESIAN_POINT('',(-4.40000000000002,-59.4231754101292,-9.13361722334897));
#5023=CARTESIAN_POINT('Ctrl Pts',(-4.40000000000002,-59.4231754101292,-9.13361722334896));
#5024=CARTESIAN_POINT('Ctrl Pts',(-4.40000000000002,-59.6846285142516,-9.0957201595635));
#5025=CARTESIAN_POINT('Ctrl Pts',(-4.17703152813386,-60.1359637834227,-9.01517986557085));
#5026=CARTESIAN_POINT('Ctrl Pts',(-3.7034355678871,-60.2996386781298,-8.97976014026421));
#5027=CARTESIAN_POINT('Ctrl Pts',(-3.50000000000002,-60.2996386781298,-8.97976014026421));
#5028=CARTESIAN_POINT('',(-4.40000000000002,-54.5527272143584,-9.04338182456136));
#5029=CARTESIAN_POINT('Ctrl Pts',(-4.40000000000002,-54.5527272143584,-9.04338182456136));
#5030=CARTESIAN_POINT('Ctrl Pts',(-4.40000000000002,-56.1563396314741,-9.3375508146645));
#5031=CARTESIAN_POINT('Ctrl Pts',(-4.40000000000002,-57.8093416858011,-9.36753894248577));
#5032=CARTESIAN_POINT('Ctrl Pts',(-4.40000000000002,-59.4231754101284,-9.13361722334909));
#5033=CARTESIAN_POINT('',(-4.33713666566712,-54.2309551361672,-8.98067137760984));
#5034=CARTESIAN_POINT('Ctrl Pts',(-4.33713666566759,-54.2309551361677,-8.98067137760995));
#5035=CARTESIAN_POINT('Ctrl Pts',(-4.37853675909106,-54.3330704300031,-9.00174854299293));
#5036=CARTESIAN_POINT('Ctrl Pts',(-4.40000000000002,-54.4427615987907,-9.02320957238099));
#5037=CARTESIAN_POINT('Ctrl Pts',(-4.40000000000001,-54.5527272143584,-9.04338182456136));
#5038=CARTESIAN_POINT('',(-12.6999999881801,-54.2309551364808,-8.98067137609361));
#5039=CARTESIAN_POINT('',(12.7000000000001,-54.2309551361677,-8.98067137760996));
#5040=CARTESIAN_POINT('',(-12.6999999999999,-60.4624806907183,-8.94516784440247));
#5041=CARTESIAN_POINT('Origin',(-12.6999999999999,-57.2830260485965,2.35514925801307));
#5042=CARTESIAN_POINT('',(12.7000000000001,-60.4624806907182,-8.94516784440247));
#5043=CARTESIAN_POINT('',(12.7000000000001,-60.4624806907182,-8.94516784440247));
#5044=CARTESIAN_POINT('',(12.6999999881242,-54.2309551364822,-8.98067137608643));
#5045=CARTESIAN_POINT('Origin',(12.7000000000001,-57.2830260485946,2.35514925804328));
#5046=CARTESIAN_POINT('',(12.7000000000001,-54.2309551361677,-8.98067137760996));
#5047=CARTESIAN_POINT('Origin',(-1.74999999999998,-60.3805549128151,-11.7));
#5048=CARTESIAN_POINT('',(-3.50000000000002,-59.9805549128151,-11.7));
#5049=CARTESIAN_POINT('Origin',(-3.50000000000002,-60.3805549128151,-11.7));
#5050=CARTESIAN_POINT('',(-2.50000000000002,-59.9805549128151,-11.7));
#5051=CARTESIAN_POINT('',(-1.74999999999998,-59.9805549128151,-11.7));
#5052=CARTESIAN_POINT('Origin',(-2.50000000000002,-60.3805549128151,-11.7));
#5053=CARTESIAN_POINT('Origin',(-2.50000000000002,-59.4805549128151,-11.7));
#5054=CARTESIAN_POINT('',(-2.00000000000002,-59.4805549128151,-11.7));
#5055=CARTESIAN_POINT('Origin',(-1.60000000000002,-59.4805549128151,-11.7));
#5056=CARTESIAN_POINT('Origin',(-2.50000000000002,-59.4805549128151,-11.7));
#5057=CARTESIAN_POINT('Origin',(-1.60000000000002,-57.8710235195092,-11.7));
#5058=CARTESIAN_POINT('',(-2.00000000000002,-54.4805549128151,-11.7));
#5059=CARTESIAN_POINT('Origin',(-1.60000000000002,-54.4805549128151,-11.7));
#5060=CARTESIAN_POINT('',(-2.00000000000002,-57.8710235195092,-11.7));
#5061=CARTESIAN_POINT('Origin',(-2.50000000000006,-54.4805549128151,-11.7));
#5062=CARTESIAN_POINT('',(-2.50000000000006,-53.9805549128151,-11.7));
#5063=CARTESIAN_POINT('Origin',(-2.50000000000006,-53.5805549128151,-11.7));
#5064=CARTESIAN_POINT('Origin',(-2.50000000000006,-54.4805549128151,-11.7));
#5065=CARTESIAN_POINT('Origin',(-1.25,-53.5805549128151,-11.7));
#5066=CARTESIAN_POINT('',(-3.50000000000002,-53.9805549128151,-11.7));
#5067=CARTESIAN_POINT('Origin',(-3.50000000000002,-53.5805549128151,-11.7));
#5068=CARTESIAN_POINT('',(-1.25,-53.9805549128151,-11.7));
#5069=CARTESIAN_POINT('Origin',(-3.50000000000002,-54.4805549128151,-11.7));
#5070=CARTESIAN_POINT('',(-4.00000000000002,-54.4805549128151,-11.7));
#5071=CARTESIAN_POINT('Origin',(-4.40000000000002,-54.4805549128151,-11.7));
#5072=CARTESIAN_POINT('Origin',(-3.50000000000002,-54.4805549128151,-11.7));
#5073=CARTESIAN_POINT('Origin',(-4.40000000000002,-55.3710235195092,-11.7));
#5074=CARTESIAN_POINT('',(-4.00000000000002,-59.4805549128151,-11.7));
#5075=CARTESIAN_POINT('Origin',(-4.40000000000002,-59.4805549128151,-11.7));
#5076=CARTESIAN_POINT('',(-4.00000000000002,-55.3710235195092,-11.7));
#5077=CARTESIAN_POINT('Origin',(-3.50000000000002,-59.4805549128151,-11.7));
#5078=CARTESIAN_POINT('Origin',(-3.50000000000002,-59.4805549128151,-11.7));
#5079=CARTESIAN_POINT('Origin',(-2.50000000000006,-54.4805549128151,-10.6));
#5080=CARTESIAN_POINT('',(-2.00000000000002,-54.4805549128151,-9.43681690038701));
#5081=CARTESIAN_POINT('',(-2.00000000000002,-54.4805549128151,-10.6));
#5082=CARTESIAN_POINT('',(-2.03492407462941,-54.2969673760903,-9.3724136626445));
#5083=CARTESIAN_POINT('Ctrl Pts',(-2.03492407462916,-54.296967376091,-9.37241366264475));
#5084=CARTESIAN_POINT('Ctrl Pts',(-2.01192402272721,-54.3552326081037,-9.39406094576123));
#5085=CARTESIAN_POINT('Ctrl Pts',(-2.00000000000002,-54.4178171995243,-9.4161012453985));
#5086=CARTESIAN_POINT('Ctrl Pts',(-2.00000000000002,-54.4805549128151,-9.43681690038701));
#5087=CARTESIAN_POINT('',(-2.50000000000007,-53.9805549128151,-9.24914434950063));
#5088=CARTESIAN_POINT('Ctrl Pts',(-2.50000000000007,-53.9805549128151,-9.24914434950064));
#5089=CARTESIAN_POINT('Ctrl Pts',(-2.39961727855536,-53.9805549128151,-9.24914434950064));
#5090=CARTESIAN_POINT('Ctrl Pts',(-2.19953410447404,-54.043302958121,-9.27505785121905));
#5091=CARTESIAN_POINT('Ctrl Pts',(-2.07112104155365,-54.2052708579703,-9.33834565295896));
#5092=CARTESIAN_POINT('Ctrl Pts',(-2.03492407462941,-54.2969673760903,-9.3724136626445));
#5093=CARTESIAN_POINT('',(-2.50000000000006,-53.9805549128151,-10.6));
#5094=CARTESIAN_POINT('Origin',(-2.00000000000002,-59.4805549128151,-10.6));
#5095=CARTESIAN_POINT('',(-2.00000000000002,-59.4805549128151,-9.52948032174476));
#5096=CARTESIAN_POINT('',(-2.00000000000002,-59.4805549128151,-10.6));
#5097=CARTESIAN_POINT('Ctrl Pts',(-2.00000000000002,-54.4805549128153,-9.43681690038705));
#5098=CARTESIAN_POINT('Ctrl Pts',(-2.00000000000002,-56.1273656541857,-9.73891025381171));
#5099=CARTESIAN_POINT('Ctrl Pts',(-2.00000000000002,-57.8235811384705,-9.76965509812751));
#5100=CARTESIAN_POINT('Ctrl Pts',(-2.00000000000002,-59.4805549128151,-9.52948032174476));
#5101=CARTESIAN_POINT('Origin',(-2.50000000000002,-59.4805549128151,-10.6));
#5102=CARTESIAN_POINT('',(-2.50000000000002,-59.9805549128151,-9.37149035733249));
#5103=CARTESIAN_POINT('',(-2.50000000000002,-59.9805549128151,-10.6));
#5104=CARTESIAN_POINT('Ctrl Pts',(-2.00000000000002,-59.4805549128151,-9.52948032174476));
#5105=CARTESIAN_POINT('Ctrl Pts',(-2.00000000000002,-59.5924049078791,-9.50029797357248));
#5106=CARTESIAN_POINT('Ctrl Pts',(-2.06483451134896,-59.777547956949,-9.44418030549471));
#5107=CARTESIAN_POINT('Ctrl Pts',(-2.27428468889493,-59.9456872549258,-9.38457104610163));
#5108=CARTESIAN_POINT('Ctrl Pts',(-2.42465409008498,-59.9805549128151,-9.37149035733249));
#5109=CARTESIAN_POINT('Ctrl Pts',(-2.50000000000002,-59.9805549128151,-9.37149035733249));
#5110=CARTESIAN_POINT('Origin',(-3.50000000000002,-59.9805549128151,-10.6));
#5111=CARTESIAN_POINT('',(-3.50000000000002,-59.9805549128151,-9.37149035733249));
#5112=CARTESIAN_POINT('',(-3.50000000000002,-59.9805549128151,-10.6));
#5113=CARTESIAN_POINT('Ctrl Pts',(-2.50000000000002,-59.9805549128151,-9.37149035733249));
#5114=CARTESIAN_POINT('Ctrl Pts',(-2.83333333333336,-59.9805549128151,-9.37149035733249));
#5115=CARTESIAN_POINT('Ctrl Pts',(-3.16666666666669,-59.9805549128151,-9.37149035733249));
#5116=CARTESIAN_POINT('Ctrl Pts',(-3.50000000000002,-59.9805549128151,-9.37149035733249));
#5117=CARTESIAN_POINT('Ctrl Pts',(-3.96507592537063,-54.2969673760903,-9.3724136626445));
#5118=CARTESIAN_POINT('Ctrl Pts',(-3.92887895844641,-54.2052708579703,-9.33834565295897));
#5119=CARTESIAN_POINT('Ctrl Pts',(-3.80046587167324,-54.043302985985,-9.27505786332907));
#5120=CARTESIAN_POINT('Ctrl Pts',(-3.60038272144472,-53.9805549128151,-9.24914434950063));
#5121=CARTESIAN_POINT('Ctrl Pts',(-3.50000000000002,-53.9805549128151,-9.24914434950063));
#5122=CARTESIAN_POINT('Ctrl Pts',(-3.97198270450467,-54.3144640795943,-9.27443599170996));
#5123=CARTESIAN_POINT('Ctrl Pts',(-3.93884470889406,-54.2202008326126,-9.24277975767871));
#5124=CARTESIAN_POINT('Ctrl Pts',(-3.81249717247396,-54.048973672945,-9.18365011141556));
#5125=CARTESIAN_POINT('Ctrl Pts',(-3.60438253681875,-53.9805549128151,-9.15927423368253));
#5126=CARTESIAN_POINT('Ctrl Pts',(-3.50000000000002,-53.9805549128151,-9.15927423368253));
#5127=CARTESIAN_POINT('Ctrl Pts',(-4.05863181982747,-54.3205622579713,-9.07917626109672));
#5128=CARTESIAN_POINT('Ctrl Pts',(-4.02150792908716,-54.2080949727249,-9.05215605647351));
#5129=CARTESIAN_POINT('Ctrl Pts',(-3.87452744909402,-54.001183375056,-9.00119538154254));
#5130=CARTESIAN_POINT('Ctrl Pts',(-3.62530850185487,-53.9175499093656,-8.97994332738133));
#5131=CARTESIAN_POINT('Ctrl Pts',(-3.50000000000002,-53.9175499093656,-8.97994332738133));
#5132=CARTESIAN_POINT('Ctrl Pts',(-4.24408149604918,-54.2661874173049,-8.98794351666432));
#5133=CARTESIAN_POINT('Ctrl Pts',(-4.18836402706569,-54.1200152038537,-8.95805211667374));
#5134=CARTESIAN_POINT('Ctrl Pts',(-3.98534069348119,-53.858927853769,-8.90205935603927));
#5135=CARTESIAN_POINT('Ctrl Pts',(-3.66217135197531,-53.7565676658603,-8.87887937886123));
#5136=CARTESIAN_POINT('Ctrl Pts',(-3.50000000000002,-53.7565676658603,-8.87887937886123));
#5137=CARTESIAN_POINT('Ctrl Pts',(-4.33713666566712,-54.2309551361665,-8.98067137760971));
#5138=CARTESIAN_POINT('Ctrl Pts',(-4.27198212520353,-54.0680779255409,-8.94705261418522));
#5139=CARTESIAN_POINT('Ctrl Pts',(-4.04083856901181,-53.7803772275293,-8.88459874139845));
#5140=CARTESIAN_POINT('Ctrl Pts',(-3.68068889860048,-53.6689178070939,-8.85902642000408));
#5141=CARTESIAN_POINT('Ctrl Pts',(-3.50000000000002,-53.6689178070939,-8.85902642000408));
#5142=CARTESIAN_POINT('',(-3.50000000000002,-53.9805549128151,-9.24914434950063));
#5143=CARTESIAN_POINT('',(-3.50000000000002,-53.6689178070939,-8.85902642000409));
#5144=CARTESIAN_POINT('Origin',(-3.50000000000002,-53.5805549128151,-9.24914434950063));
#5145=CARTESIAN_POINT('Ctrl Pts',(-3.50000000000002,-53.6689178070939,-8.85902642000408));
#5146=CARTESIAN_POINT('Ctrl Pts',(-3.68068889860048,-53.6689178070939,-8.85902642000408));
#5147=CARTESIAN_POINT('Ctrl Pts',(-4.04083856901181,-53.7803772275293,-8.88459874139845));
#5148=CARTESIAN_POINT('Ctrl Pts',(-4.27198212520353,-54.0680779255409,-8.94705261418522));
#5149=CARTESIAN_POINT('Ctrl Pts',(-4.33713666566712,-54.2309551361665,-8.98067137760971));
#5150=CARTESIAN_POINT('',(-3.96507592537063,-54.2969673760903,-9.3724136626445));
#5151=CARTESIAN_POINT('Origin',(-4.33713666566712,-54.1500973467105,-9.3724136626445));
#5152=CARTESIAN_POINT('Ctrl Pts',(-3.96507592537063,-54.2969673760903,-9.3724136626445));
#5153=CARTESIAN_POINT('Ctrl Pts',(-3.92887895844641,-54.2052708579703,-9.33834565295897));
#5154=CARTESIAN_POINT('Ctrl Pts',(-3.80046587167324,-54.043302985985,-9.27505786332907));
#5155=CARTESIAN_POINT('Ctrl Pts',(-3.60038272144472,-53.9805549128151,-9.24914434950063));
#5156=CARTESIAN_POINT('Ctrl Pts',(-3.50000000000002,-53.9805549128151,-9.24914434950063));
#5157=CARTESIAN_POINT('Ctrl Pts',(-3.50000000000002,-53.9805549128151,-9.24914434950063));
#5158=CARTESIAN_POINT('Ctrl Pts',(-3.1666666666667,-53.9805549128151,-9.24914434950063));
#5159=CARTESIAN_POINT('Ctrl Pts',(-2.83333333333339,-53.9805549128151,-9.24914434950063));
#5160=CARTESIAN_POINT('Ctrl Pts',(-2.50000000000007,-53.9805549128151,-9.24914434950063));
#5161=CARTESIAN_POINT('Ctrl Pts',(-3.50000000000002,-53.9805549128151,-9.15927423368253));
#5162=CARTESIAN_POINT('Ctrl Pts',(-3.1666666666667,-53.9805549128151,-9.15927423368253));
#5163=CARTESIAN_POINT('Ctrl Pts',(-2.83333333333339,-53.9805549128151,-9.15927423368253));
#5164=CARTESIAN_POINT('Ctrl Pts',(-2.50000000000007,-53.9805549128151,-9.15927423368253));
#5165=CARTESIAN_POINT('Ctrl Pts',(-3.50000000000002,-53.9174485071009,-8.98002433034456));
#5166=CARTESIAN_POINT('Ctrl Pts',(-3.16666666666671,-53.9174485071009,-8.98002433034456));
#5167=CARTESIAN_POINT('Ctrl Pts',(-2.83333333333339,-53.9174485071009,-8.98002433034456));
#5168=CARTESIAN_POINT('Ctrl Pts',(-2.50000000000007,-53.9174485071009,-8.98002433034456));
#5169=CARTESIAN_POINT('Ctrl Pts',(-3.50000000000002,-53.7565676658603,-8.87887937886124));
#5170=CARTESIAN_POINT('Ctrl Pts',(-3.1666666666667,-53.7565676658603,-8.87887937886124));
#5171=CARTESIAN_POINT('Ctrl Pts',(-2.83333333333338,-53.7565676658603,-8.87887937886124));
#5172=CARTESIAN_POINT('Ctrl Pts',(-2.50000000000007,-53.7565676658603,-8.87887937886124));
#5173=CARTESIAN_POINT('Ctrl Pts',(-3.50000000000002,-53.6689178070939,-8.85902642000408));
#5174=CARTESIAN_POINT('Ctrl Pts',(-3.1666666666667,-53.6689178070939,-8.85902642000408));
#5175=CARTESIAN_POINT('Ctrl Pts',(-2.83333333333338,-53.6689178070939,-8.85902642000409));
#5176=CARTESIAN_POINT('Ctrl Pts',(-2.50000000000007,-53.6689178070939,-8.85902642000409));
#5177=CARTESIAN_POINT('',(-2.50000000000007,-53.6689178070939,-8.85902642000409));
#5178=CARTESIAN_POINT('Origin',(-2.50000000000007,-53.5805549128151,-9.24914434950063));
#5179=CARTESIAN_POINT('Ctrl Pts',(-2.50000000000007,-53.6689178070939,-8.85902642000409));
#5180=CARTESIAN_POINT('Ctrl Pts',(-2.83333333333338,-53.6689178070939,-8.85902642000409));
#5181=CARTESIAN_POINT('Ctrl Pts',(-3.1666666666667,-53.6689178070939,-8.85902642000408));
#5182=CARTESIAN_POINT('Ctrl Pts',(-3.50000000000002,-53.6689178070939,-8.85902642000408));
#5183=CARTESIAN_POINT('Ctrl Pts',(-3.50000000000002,-53.9805549128151,-9.24914434950063));
#5184=CARTESIAN_POINT('Ctrl Pts',(-3.1666666666667,-53.9805549128151,-9.24914434950063));
#5185=CARTESIAN_POINT('Ctrl Pts',(-2.83333333333339,-53.9805549128151,-9.24914434950063));
#5186=CARTESIAN_POINT('Ctrl Pts',(-2.50000000000007,-53.9805549128151,-9.24914434950063));
#5187=CARTESIAN_POINT('Ctrl Pts',(-2.50000000000007,-53.9805549128151,-9.24914434950064));
#5188=CARTESIAN_POINT('Ctrl Pts',(-2.39961727855536,-53.9805549128151,-9.24914434950064));
#5189=CARTESIAN_POINT('Ctrl Pts',(-2.19953410447404,-54.043302958121,-9.27505785121905));
#5190=CARTESIAN_POINT('Ctrl Pts',(-2.07112104155365,-54.2052708579703,-9.33834565295896));
#5191=CARTESIAN_POINT('Ctrl Pts',(-2.03492407462941,-54.2969673760903,-9.3724136626445));
#5192=CARTESIAN_POINT('Ctrl Pts',(-2.50000000000007,-53.9805549128151,-9.15927423368254));
#5193=CARTESIAN_POINT('Ctrl Pts',(-2.39561746318134,-53.9805549128151,-9.15927423368254));
#5194=CARTESIAN_POINT('Ctrl Pts',(-2.18750280441938,-54.048973622622,-9.18365009566692));
#5195=CARTESIAN_POINT('Ctrl Pts',(-2.061155291106,-54.2202008326126,-9.2427797576787));
#5196=CARTESIAN_POINT('Ctrl Pts',(-2.02801729549538,-54.3144640795943,-9.27443599170996));
#5197=CARTESIAN_POINT('Ctrl Pts',(-2.50000000000007,-53.9175511708221,-8.97994231969468));
#5198=CARTESIAN_POINT('Ctrl Pts',(-2.37469149814521,-53.9175511708221,-8.97994231969468));
#5199=CARTESIAN_POINT('Ctrl Pts',(-2.12547326531417,-54.0011844424702,-9.00119407204826));
#5200=CARTESIAN_POINT('Ctrl Pts',(-1.97849359902653,-54.2080959080398,-9.0521544475246));
#5201=CARTESIAN_POINT('Ctrl Pts',(-1.94136970828621,-54.3205631932863,-9.07917465214781));
#5202=CARTESIAN_POINT('Ctrl Pts',(-2.50000000000007,-53.7565676658603,-8.87887937886125));
#5203=CARTESIAN_POINT('Ctrl Pts',(-2.33782864802477,-53.7565676658603,-8.87887937886125));
#5204=CARTESIAN_POINT('Ctrl Pts',(-2.01465926621045,-53.8589278062886,-8.90205932834589));
#5205=CARTESIAN_POINT('Ctrl Pts',(-1.8116359729344,-54.1200152038537,-8.95805211667374));
#5206=CARTESIAN_POINT('Ctrl Pts',(-1.75591850395088,-54.2661874173049,-8.98794351666434));
#5207=CARTESIAN_POINT('Ctrl Pts',(-2.50000000000007,-53.6689178070939,-8.8590264200041));
#5208=CARTESIAN_POINT('Ctrl Pts',(-2.31931110139961,-53.6689178070939,-8.8590264200041));
#5209=CARTESIAN_POINT('Ctrl Pts',(-1.95916138805326,-53.7803771780332,-8.88459872944776));
#5210=CARTESIAN_POINT('Ctrl Pts',(-1.72801787479656,-54.0680779255408,-8.94705261418522));
#5211=CARTESIAN_POINT('Ctrl Pts',(-1.66286333433294,-54.2309551361665,-8.98067137760972));
#5212=CARTESIAN_POINT('Origin',(-1.66286333433294,-54.1500973467105,-9.3724136626445));
#5213=CARTESIAN_POINT('Ctrl Pts',(-1.66286333433294,-54.2309551361665,-8.98067137760972));
#5214=CARTESIAN_POINT('Ctrl Pts',(-1.72801787479656,-54.0680779255408,-8.94705261418522));
#5215=CARTESIAN_POINT('Ctrl Pts',(-1.95916138805326,-53.7803771780332,-8.88459872944776));
#5216=CARTESIAN_POINT('Ctrl Pts',(-2.31931110139961,-53.6689178070939,-8.8590264200041));
#5217=CARTESIAN_POINT('Ctrl Pts',(-2.50000000000007,-53.6689178070939,-8.8590264200041));
#5218=CARTESIAN_POINT('Ctrl Pts',(-2.03492407462916,-54.296967376091,-9.37241366264475));
#5219=CARTESIAN_POINT('Ctrl Pts',(-2.01192402272721,-54.3552326081037,-9.39406094576123));
#5220=CARTESIAN_POINT('Ctrl Pts',(-2.00000000000002,-54.4178171995243,-9.4161012453985));
#5221=CARTESIAN_POINT('Ctrl Pts',(-2.00000000000002,-54.4805549128151,-9.43681690038701));
#5222=CARTESIAN_POINT('Ctrl Pts',(-2.02801729549514,-54.3144640795949,-9.27443599171019));
#5223=CARTESIAN_POINT('Ctrl Pts',(-2.00707589706907,-54.3740755494618,-9.29440499585922));
#5224=CARTESIAN_POINT('Ctrl Pts',(-1.99757560471035,-54.437319385984,-9.31474182330666));
#5225=CARTESIAN_POINT('Ctrl Pts',(-2.00000000000002,-54.4994495771752,-9.33381583839715));
#5226=CARTESIAN_POINT('Ctrl Pts',(-1.94136955459404,-54.3205630992166,-9.07917481397002));
#5227=CARTESIAN_POINT('Ctrl Pts',(-1.91798707593857,-54.3911213999888,-9.09591346038726));
#5228=CARTESIAN_POINT('Ctrl Pts',(-1.90881115292185,-54.4649243760025,-9.11278347201741));
#5229=CARTESIAN_POINT('Ctrl Pts',(-1.91324642949399,-54.5370742022322,-9.12871156853683));
#5230=CARTESIAN_POINT('Ctrl Pts',(-1.75591850395048,-54.266187417306,-8.98794351666454));
#5231=CARTESIAN_POINT('Ctrl Pts',(-1.72058561409399,-54.3577642933894,-9.00653604309035));
#5232=CARTESIAN_POINT('Ctrl Pts',(-1.70319562557632,-54.4554943787501,-9.02559532075664));
#5233=CARTESIAN_POINT('Ctrl Pts',(-1.70471975511968,-54.5527272143585,-9.04338182456137));
#5234=CARTESIAN_POINT('Ctrl Pts',(-1.66286333433247,-54.2309551361677,-8.98067137760995));
#5235=CARTESIAN_POINT('Ctrl Pts',(-1.62146324090898,-54.3330704300031,-9.00174854299294));
#5236=CARTESIAN_POINT('Ctrl Pts',(-1.60000000000002,-54.4427615987907,-9.02320957238099));
#5237=CARTESIAN_POINT('Ctrl Pts',(-1.60000000000002,-54.5527272143585,-9.04338182456137));
#5238=CARTESIAN_POINT('Origin',(-1.60000000000002,-54.4805549128151,-9.43681690038701));
#5239=CARTESIAN_POINT('Ctrl Pts',(-2.00000000000002,-54.4805549128153,-9.43681690038705));
#5240=CARTESIAN_POINT('Ctrl Pts',(-2.00000000000002,-56.1273656541857,-9.73891025381171));
#5241=CARTESIAN_POINT('Ctrl Pts',(-2.00000000000002,-57.8235811384705,-9.76965509812751));
#5242=CARTESIAN_POINT('Ctrl Pts',(-2.00000000000002,-59.4805549128151,-9.52948032174476));
#5243=CARTESIAN_POINT('Ctrl Pts',(-2.00000000000002,-54.4994495771754,-9.33381583839719));
#5244=CARTESIAN_POINT('Ctrl Pts',(-2.00000000000002,-56.1349301703725,-9.63383077299053));
#5245=CARTESIAN_POINT('Ctrl Pts',(-2.00000000000002,-57.8198740836778,-9.66437831618872));
#5246=CARTESIAN_POINT('Ctrl Pts',(-2.00000000000002,-59.4655329941397,-9.42584360493247));
#5247=CARTESIAN_POINT('Ctrl Pts',(-1.91324118011967,-54.5370732550838,-9.12871673175683));
#5248=CARTESIAN_POINT('Ctrl Pts',(-1.91324118011967,-56.1500922514912,-9.42461127842276));
#5249=CARTESIAN_POINT('Ctrl Pts',(-1.91324118011967,-57.8123932407658,-9.45476210469969));
#5250=CARTESIAN_POINT('Ctrl Pts',(-1.91324118011967,-59.4356208549751,-9.21947876147646));
#5251=CARTESIAN_POINT('Ctrl Pts',(-1.70471975511968,-54.5527272143587,-9.04338182456141));
#5252=CARTESIAN_POINT('Ctrl Pts',(-1.70471975511968,-56.1562487664793,-9.33753414625789));
#5253=CARTESIAN_POINT('Ctrl Pts',(-1.70471975511968,-57.8094324282208,-9.36752578956775));
#5254=CARTESIAN_POINT('Ctrl Pts',(-1.70471975511968,-59.4231754101292,-9.13361722334896));
#5255=CARTESIAN_POINT('Ctrl Pts',(-1.60000000000002,-54.5527272143587,-9.04338182456141));
#5256=CARTESIAN_POINT('Ctrl Pts',(-1.60000000000002,-56.1563396314746,-9.33755081466456));
#5257=CARTESIAN_POINT('Ctrl Pts',(-1.60000000000002,-57.8093416858017,-9.36753894248577));
#5258=CARTESIAN_POINT('Ctrl Pts',(-1.60000000000002,-59.4231754101292,-9.13361722334896));
#5259=CARTESIAN_POINT('Origin',(-1.60000000000002,-59.4805549128151,-9.52948032174476));
#5260=CARTESIAN_POINT('Ctrl Pts',(-2.00000000000002,-59.4805549128151,-9.52948032174476));
#5261=CARTESIAN_POINT('Ctrl Pts',(-2.00000000000002,-59.5924049078791,-9.50029797357248));
#5262=CARTESIAN_POINT('Ctrl Pts',(-2.06483451134896,-59.777547956949,-9.44418030549471));
#5263=CARTESIAN_POINT('Ctrl Pts',(-2.27428468889493,-59.9456872549258,-9.38457104610163));
#5264=CARTESIAN_POINT('Ctrl Pts',(-2.42465409008498,-59.9805549128151,-9.37149035733249));
#5265=CARTESIAN_POINT('Ctrl Pts',(-2.50000000000002,-59.9805549128151,-9.37149035733249));
#5266=CARTESIAN_POINT('Ctrl Pts',(-2.00000000000002,-59.4655329941397,-9.42584360493247));
#5267=CARTESIAN_POINT('Ctrl Pts',(-1.99656365356672,-59.5761298584885,-9.3989984964224));
#5268=CARTESIAN_POINT('Ctrl Pts',(-2.05493928674716,-59.7645484293318,-9.34747031608217));
#5269=CARTESIAN_POINT('Ctrl Pts',(-2.26573582676421,-59.9428101845386,-9.29249067685588));
#5270=CARTESIAN_POINT('Ctrl Pts',(-2.42188646613471,-59.9805549128151,-9.28035035563105));
#5271=CARTESIAN_POINT('Ctrl Pts',(-2.50000000000002,-59.9805549128151,-9.28035035563105));
#5272=CARTESIAN_POINT('Ctrl Pts',(-1.91324037037056,-59.4356209711326,-9.21947956285093));
#5273=CARTESIAN_POINT('Ctrl Pts',(-1.90695379371604,-59.5637570207853,-9.19711310575374));
#5274=CARTESIAN_POINT('Ctrl Pts',(-1.97056840446028,-59.785338982093,-9.15467101230269));
#5275=CARTESIAN_POINT('Ctrl Pts',(-2.21967966083858,-59.9999270969005,-9.10866551565089));
#5276=CARTESIAN_POINT('Ctrl Pts',(-2.40635367510065,-60.0454283431586,-9.09851308102406));
#5277=CARTESIAN_POINT('Ctrl Pts',(-2.50000000000002,-60.0454283431586,-9.09851308102406));
#5278=CARTESIAN_POINT('Ctrl Pts',(-1.70471975511968,-59.4231754101292,-9.13361722334896));
#5279=CARTESIAN_POINT('Ctrl Pts',(-1.70255944853003,-59.5962765959942,-9.1085970556115));
#5280=CARTESIAN_POINT('Ctrl Pts',(-1.80155240591713,-59.8863014900383,-9.06061049956934));
#5281=CARTESIAN_POINT('Ctrl Pts',(-2.13572791697975,-60.1543884746507,-9.00957935772365));
#5282=CARTESIAN_POINT('Ctrl Pts',(-2.37841559114172,-60.2103829465046,-8.99819690468143));
#5283=CARTESIAN_POINT('Ctrl Pts',(-2.50000000000002,-60.2103829465046,-8.99819690468143));
#5284=CARTESIAN_POINT('Ctrl Pts',(-1.60000000000002,-59.4231754101292,-9.13361722334896));
#5285=CARTESIAN_POINT('Ctrl Pts',(-1.60000000000002,-59.6192636852794,-9.1051946506054));
#5286=CARTESIAN_POINT('Ctrl Pts',(-1.71670212042813,-59.9438172650456,-9.0505422410466));
#5287=CARTESIAN_POINT('Ctrl Pts',(-2.09371244001085,-60.2385269708675,-8.99249689192394));
#5288=CARTESIAN_POINT('Ctrl Pts',(-2.36437736215295,-60.2996386781298,-8.97976014026421));
#5289=CARTESIAN_POINT('Ctrl Pts',(-2.50000000000002,-60.2996386781298,-8.97976014026421));
#5290=CARTESIAN_POINT('Origin',(-2.50000000000002,-60.3805549128151,-9.37149035733249));
#5291=CARTESIAN_POINT('Ctrl Pts',(-2.50000000000002,-59.9805549128151,-9.37149035733249));
#5292=CARTESIAN_POINT('Ctrl Pts',(-2.83333333333336,-59.9805549128151,-9.37149035733249));
#5293=CARTESIAN_POINT('Ctrl Pts',(-3.16666666666669,-59.9805549128151,-9.37149035733249));
#5294=CARTESIAN_POINT('Ctrl Pts',(-3.50000000000002,-59.9805549128151,-9.37149035733249));
#5295=CARTESIAN_POINT('Ctrl Pts',(-2.50000000000002,-59.9805549128151,-9.28035035563105));
#5296=CARTESIAN_POINT('Ctrl Pts',(-2.83333333333336,-59.9805549128151,-9.28035035563105));
#5297=CARTESIAN_POINT('Ctrl Pts',(-3.16666666666669,-59.9805549128151,-9.28035035563105));
#5298=CARTESIAN_POINT('Ctrl Pts',(-3.50000000000002,-59.9805549128151,-9.28035035563105));
#5299=CARTESIAN_POINT('Ctrl Pts',(-2.50000000000002,-60.0455377678541,-9.09860221288665));
#5300=CARTESIAN_POINT('Ctrl Pts',(-2.83333333333335,-60.0455377678541,-9.09860221288665));
#5301=CARTESIAN_POINT('Ctrl Pts',(-3.16666666666669,-60.0455377678541,-9.09860221288665));
#5302=CARTESIAN_POINT('Ctrl Pts',(-3.50000000000002,-60.0455377678541,-9.09860221288665));
#5303=CARTESIAN_POINT('Ctrl Pts',(-2.50000000000002,-60.2103829465046,-8.99819690468142));
#5304=CARTESIAN_POINT('Ctrl Pts',(-2.83333333333336,-60.2103829465046,-8.99819690468142));
#5305=CARTESIAN_POINT('Ctrl Pts',(-3.16666666666669,-60.2103829465046,-8.99819690468142));
#5306=CARTESIAN_POINT('Ctrl Pts',(-3.50000000000002,-60.2103829465046,-8.99819690468142));
#5307=CARTESIAN_POINT('Ctrl Pts',(-2.50000000000002,-60.2996386781298,-8.9797601402642));
#5308=CARTESIAN_POINT('Ctrl Pts',(-2.83333333333336,-60.2996386781298,-8.9797601402642));
#5309=CARTESIAN_POINT('Ctrl Pts',(-3.16666666666669,-60.2996386781298,-8.9797601402642));
#5310=CARTESIAN_POINT('Ctrl Pts',(-3.50000000000002,-60.2996386781298,-8.9797601402642));
#5311=CARTESIAN_POINT('Origin',(-3.50000000000002,-60.3805549128151,-9.37149035733249));
#5312=CARTESIAN_POINT('Ctrl Pts',(-3.50000000000002,-59.9805549128151,-9.37149035733249));
#5313=CARTESIAN_POINT('Ctrl Pts',(-3.61301975993729,-59.9805549128151,-9.37149035733249));
#5314=CARTESIAN_POINT('Ctrl Pts',(-3.87612862674105,-59.8871658462182,-9.40786752583563));
#5315=CARTESIAN_POINT('Ctrl Pts',(-4.00000000000002,-59.6296894206441,-9.49057021603152));
#5316=CARTESIAN_POINT('Ctrl Pts',(-4.00000000000002,-59.4805549128151,-9.52948032174477));
#5317=CARTESIAN_POINT('Ctrl Pts',(-3.50000000000002,-59.9805549128151,-9.28035035563105));
#5318=CARTESIAN_POINT('Ctrl Pts',(-3.61717122874043,-59.9805549128151,-9.28035035563105));
#5319=CARTESIAN_POINT('Ctrl Pts',(-3.88962227505659,-59.8784464094967,-9.31409977071866));
#5320=CARTESIAN_POINT('Ctrl Pts',(-4.00458183153042,-59.6129966477826,-9.39004984344886));
#5321=CARTESIAN_POINT('Ctrl Pts',(-4.00000000000002,-59.4655329941397,-9.42584360493247));
#5322=CARTESIAN_POINT('Ctrl Pts',(-3.50000000000002,-60.0454291699241,-9.0985137544657));
#5323=CARTESIAN_POINT('Ctrl Pts',(-3.64047059981185,-60.0454291699241,-9.0985137544657));
#5324=CARTESIAN_POINT('Ctrl Pts',(-3.96640208638727,-59.9210937336023,-9.12700186689197));
#5325=CARTESIAN_POINT('Ctrl Pts',(-4.09514307897552,-59.6064705741084,-9.18965865138784));
#5326=CARTESIAN_POINT('Ctrl Pts',(-4.08676091038655,-59.4356211548556,-9.2194808303621));
#5327=CARTESIAN_POINT('Ctrl Pts',(-3.50000000000002,-60.2103829465046,-8.99819690468142));
#5328=CARTESIAN_POINT('Ctrl Pts',(-3.68237805763812,-60.2103829465046,-8.99819690468142));
#5329=CARTESIAN_POINT('Ctrl Pts',(-4.10669816638632,-60.0596112745515,-9.02964911695824));
#5330=CARTESIAN_POINT('Ctrl Pts',(-4.29816067647826,-59.6539788191398,-9.10025673549923));
#5331=CARTESIAN_POINT('Ctrl Pts',(-4.29528024488036,-59.4231754101292,-9.13361722334896));
#5332=CARTESIAN_POINT('Ctrl Pts',(-3.50000000000002,-60.2996386781298,-8.97976014026421));
#5333=CARTESIAN_POINT('Ctrl Pts',(-3.7034355678871,-60.2996386781298,-8.97976014026421));
#5334=CARTESIAN_POINT('Ctrl Pts',(-4.17703152813386,-60.1359637834227,-9.01517986557085));
#5335=CARTESIAN_POINT('Ctrl Pts',(-4.40000000000002,-59.6846285142516,-9.0957201595635));
#5336=CARTESIAN_POINT('Ctrl Pts',(-4.40000000000002,-59.4231754101292,-9.13361722334896));
#5337=CARTESIAN_POINT('',(-4.00000000000002,-59.4805549128151,-9.52948032174477));
#5338=CARTESIAN_POINT('Origin',(-4.40000000000002,-59.480554912815,-9.52948032174477));
#5339=CARTESIAN_POINT('Ctrl Pts',(-3.50000000000002,-59.9805549128151,-9.37149035733249));
#5340=CARTESIAN_POINT('Ctrl Pts',(-3.61301975993729,-59.9805549128151,-9.37149035733249));
#5341=CARTESIAN_POINT('Ctrl Pts',(-3.87612862674105,-59.8871658462182,-9.40786752583563));
#5342=CARTESIAN_POINT('Ctrl Pts',(-4.00000000000002,-59.6296894206441,-9.49057021603152));
#5343=CARTESIAN_POINT('Ctrl Pts',(-4.00000000000002,-59.4805549128151,-9.52948032174477));
#5344=CARTESIAN_POINT('Ctrl Pts',(-4.00000000000002,-59.4805549128142,-9.52948032174489));
#5345=CARTESIAN_POINT('Ctrl Pts',(-4.00000000000002,-57.8235811384698,-9.76965509812751));
#5346=CARTESIAN_POINT('Ctrl Pts',(-4.00000000000002,-56.1273656541852,-9.73891025381165));
#5347=CARTESIAN_POINT('Ctrl Pts',(-4.00000000000002,-54.480554912815,-9.436816900387));
#5348=CARTESIAN_POINT('Ctrl Pts',(-4.00000000000002,-59.4655329941388,-9.4258436049326));
#5349=CARTESIAN_POINT('Ctrl Pts',(-4.00000000000002,-57.8198740836771,-9.66437831618872));
#5350=CARTESIAN_POINT('Ctrl Pts',(-4.00000000000002,-56.134930170372,-9.63383077299047));
#5351=CARTESIAN_POINT('Ctrl Pts',(-4.00000000000002,-54.4994495771752,-9.33381583839713));
#5352=CARTESIAN_POINT('Ctrl Pts',(-4.08676071842315,-59.4356211273178,-9.21948064038416));
#5353=CARTESIAN_POINT('Ctrl Pts',(-4.08676071842315,-57.8123935131087,-9.45476398360726));
#5354=CARTESIAN_POINT('Ctrl Pts',(-4.08676071842315,-56.1500919089352,-9.42461314580602));
#5355=CARTESIAN_POINT('Ctrl Pts',(-4.08676071842315,-54.537072912528,-9.12871859914009));
#5356=CARTESIAN_POINT('Ctrl Pts',(-4.29528024488036,-59.4231754101284,-9.13361722334909));
#5357=CARTESIAN_POINT('Ctrl Pts',(-4.29528024488036,-57.8094324282202,-9.36752578956775));
#5358=CARTESIAN_POINT('Ctrl Pts',(-4.29528024488036,-56.1562487664787,-9.33753414625784));
#5359=CARTESIAN_POINT('Ctrl Pts',(-4.29528024488036,-54.5527272143584,-9.04338182456136));
#5360=CARTESIAN_POINT('Ctrl Pts',(-4.40000000000002,-59.4231754101284,-9.13361722334909));
#5361=CARTESIAN_POINT('Ctrl Pts',(-4.40000000000002,-57.8093416858011,-9.36753894248577));
#5362=CARTESIAN_POINT('Ctrl Pts',(-4.40000000000002,-56.1563396314741,-9.3375508146645));
#5363=CARTESIAN_POINT('Ctrl Pts',(-4.40000000000002,-54.5527272143584,-9.04338182456136));
#5364=CARTESIAN_POINT('',(-4.00000000000002,-54.4805549128151,-9.436816900387));
#5365=CARTESIAN_POINT('Origin',(-4.40000000000002,-54.480554912815,-9.436816900387));
#5366=CARTESIAN_POINT('Ctrl Pts',(-4.00000000000002,-59.4805549128142,-9.52948032174489));
#5367=CARTESIAN_POINT('Ctrl Pts',(-4.00000000000002,-57.8235811384698,-9.76965509812751));
#5368=CARTESIAN_POINT('Ctrl Pts',(-4.00000000000002,-56.1273656541852,-9.73891025381165));
#5369=CARTESIAN_POINT('Ctrl Pts',(-4.00000000000002,-54.480554912815,-9.436816900387));
#5370=CARTESIAN_POINT('Ctrl Pts',(-4.00000000000002,-54.4805549128151,-9.436816900387));
#5371=CARTESIAN_POINT('Ctrl Pts',(-4.00000000000002,-54.4178171995242,-9.41610124539849));
#5372=CARTESIAN_POINT('Ctrl Pts',(-3.98807597727282,-54.3552326081037,-9.39406094576122));
#5373=CARTESIAN_POINT('Ctrl Pts',(-3.96507592537089,-54.296967376091,-9.37241366264475));
#5374=CARTESIAN_POINT('Ctrl Pts',(-4.00000000000002,-54.4994495771752,-9.33381583839714));
#5375=CARTESIAN_POINT('Ctrl Pts',(-4.00242439528968,-54.437319385984,-9.31474182330665));
#5376=CARTESIAN_POINT('Ctrl Pts',(-3.99292410293097,-54.3740755494618,-9.29440499585922));
#5377=CARTESIAN_POINT('Ctrl Pts',(-3.9719827045049,-54.3144640795949,-9.27443599171019));
#5378=CARTESIAN_POINT('Ctrl Pts',(-4.08675578946392,-54.5370738018639,-9.12871375107647));
#5379=CARTESIAN_POINT('Ctrl Pts',(-4.09119106603607,-54.4649239756342,-9.11278565455706));
#5380=CARTESIAN_POINT('Ctrl Pts',(-4.08201458085821,-54.3911203859106,-9.09591520482645));
#5381=CARTESIAN_POINT('Ctrl Pts',(-4.05863210220275,-54.3205620851384,-9.07917655840922));
#5382=CARTESIAN_POINT('Ctrl Pts',(-4.29528024488036,-54.5527272143584,-9.04338182456136));
#5383=CARTESIAN_POINT('Ctrl Pts',(-4.29680437442371,-54.4554943787501,-9.02559532075664));
#5384=CARTESIAN_POINT('Ctrl Pts',(-4.27941438590605,-54.3577642933894,-9.00653604309035));
#5385=CARTESIAN_POINT('Ctrl Pts',(-4.24408149604958,-54.266187417306,-8.98794351666454));
#5386=CARTESIAN_POINT('Ctrl Pts',(-4.40000000000001,-54.5527272143584,-9.04338182456136));
#5387=CARTESIAN_POINT('Ctrl Pts',(-4.40000000000002,-54.4427615987907,-9.02320957238099));
#5388=CARTESIAN_POINT('Ctrl Pts',(-4.37853675909106,-54.3330704300031,-9.00174854299293));
#5389=CARTESIAN_POINT('Ctrl Pts',(-4.33713666566759,-54.2309551361677,-8.98067137760995));
#5390=CARTESIAN_POINT('Ctrl Pts',(-4.00000000000002,-54.4805549128151,-9.436816900387));
#5391=CARTESIAN_POINT('Ctrl Pts',(-4.00000000000002,-54.4178171995242,-9.41610124539849));
#5392=CARTESIAN_POINT('Ctrl Pts',(-3.98807597727282,-54.3552326081037,-9.39406094576122));
#5393=CARTESIAN_POINT('Ctrl Pts',(-3.96507592537089,-54.296967376091,-9.37241366264475));
#5394=CARTESIAN_POINT('Origin',(-2.50000000000006,-53.9805549128151,-10.6));
#5395=CARTESIAN_POINT('',(-3.50000000000002,-53.9805549128151,-10.6));
#5396=CARTESIAN_POINT('Ctrl Pts',(2.50000000000002,-28.9805549128151,-19.2));
#5397=CARTESIAN_POINT('Ctrl Pts',(2.83333333333335,-28.9805549128151,-19.2));
#5398=CARTESIAN_POINT('Ctrl Pts',(3.16666666666668,-28.9805549128151,-19.2));
#5399=CARTESIAN_POINT('Ctrl Pts',(3.50000000000002,-28.9805549128151,-19.2));
#5400=CARTESIAN_POINT('Ctrl Pts',(2.50000000000002,-28.9805549128151,-19.3047197551197));
#5401=CARTESIAN_POINT('Ctrl Pts',(2.83333333333335,-28.9805549128151,-19.3047197551197));
#5402=CARTESIAN_POINT('Ctrl Pts',(3.16666666666668,-28.9805549128151,-19.3047197551197));
#5403=CARTESIAN_POINT('Ctrl Pts',(3.50000000000002,-28.9805549128151,-19.3047197551197));
#5404=CARTESIAN_POINT('Ctrl Pts',(2.50000000000001,-29.0672909230076,-19.5132639898075));
#5405=CARTESIAN_POINT('Ctrl Pts',(2.83333333333335,-29.0672909230076,-19.5132639898075));
#5406=CARTESIAN_POINT('Ctrl Pts',(3.16666666666668,-29.0672909230076,-19.5132639898075));
#5407=CARTESIAN_POINT('Ctrl Pts',(3.50000000000002,-29.0672909230076,-19.5132639898075));
#5408=CARTESIAN_POINT('Ctrl Pts',(2.50000000000002,-29.2758351576954,-19.6));
#5409=CARTESIAN_POINT('Ctrl Pts',(2.83333333333335,-29.2758351576954,-19.6));
#5410=CARTESIAN_POINT('Ctrl Pts',(3.16666666666668,-29.2758351576954,-19.6));
#5411=CARTESIAN_POINT('Ctrl Pts',(3.50000000000002,-29.2758351576954,-19.6));
#5412=CARTESIAN_POINT('Ctrl Pts',(2.50000000000002,-29.3805549128151,-19.6));
#5413=CARTESIAN_POINT('Ctrl Pts',(2.83333333333335,-29.3805549128151,-19.6));
#5414=CARTESIAN_POINT('Ctrl Pts',(3.16666666666668,-29.3805549128151,-19.6));
#5415=CARTESIAN_POINT('Ctrl Pts',(3.50000000000002,-29.3805549128151,-19.6));
#5416=CARTESIAN_POINT('',(3.50000000000002,-28.9805549128151,-19.2));
#5417=CARTESIAN_POINT('',(3.50000000000002,-29.3805549128151,-19.6));
#5418=CARTESIAN_POINT('Origin',(3.50000000000002,-29.3805549128151,-19.2));
#5419=CARTESIAN_POINT('',(2.50000000000002,-29.3805549128151,-19.6));
#5420=CARTESIAN_POINT('Ctrl Pts',(3.50000000000002,-29.3805549128151,-19.6));
#5421=CARTESIAN_POINT('Ctrl Pts',(3.16666666666668,-29.3805549128151,-19.6));
#5422=CARTESIAN_POINT('Ctrl Pts',(2.83333333333335,-29.3805549128151,-19.6));
#5423=CARTESIAN_POINT('Ctrl Pts',(2.50000000000002,-29.3805549128151,-19.6));
#5424=CARTESIAN_POINT('',(2.50000000000002,-28.9805549128151,-19.2));
#5425=CARTESIAN_POINT('Origin',(2.50000000000002,-29.3805549128151,-19.2));
#5426=CARTESIAN_POINT('Ctrl Pts',(2.50000000000002,-28.9805549128151,-19.2));
#5427=CARTESIAN_POINT('Ctrl Pts',(2.83333333333335,-28.9805549128151,-19.2));
#5428=CARTESIAN_POINT('Ctrl Pts',(3.16666666666668,-28.9805549128151,-19.2));
#5429=CARTESIAN_POINT('Ctrl Pts',(3.50000000000002,-28.9805549128151,-19.2));
#5430=CARTESIAN_POINT('Ctrl Pts',(3.50000000000002,-28.9805549128151,-19.2));
#5431=CARTESIAN_POINT('Ctrl Pts',(3.64959439253041,-28.9805549128151,-19.2));
#5432=CARTESIAN_POINT('Ctrl Pts',(3.90847668066487,-28.8548756139627,-19.2));
#5433=CARTESIAN_POINT('Ctrl Pts',(4.00000000000002,-28.5927507072129,-19.2));
#5434=CARTESIAN_POINT('Ctrl Pts',(4.00000000000002,-28.4805549128151,-19.2));
#5435=CARTESIAN_POINT('Ctrl Pts',(3.50000000000002,-28.9805549128151,-19.3047197551197));
#5436=CARTESIAN_POINT('Ctrl Pts',(3.6493426625106,-28.9805549128151,-19.3047197551197));
#5437=CARTESIAN_POINT('Ctrl Pts',(3.90833800910637,-28.8545429693872,-19.3047197551197));
#5438=CARTESIAN_POINT('Ctrl Pts',(4.00000000000002,-28.592561909698,-19.3047197551197));
#5439=CARTESIAN_POINT('Ctrl Pts',(4.00000000000002,-28.4805549128151,-19.3047197551197));
#5440=CARTESIAN_POINT('Ctrl Pts',(3.50000000000002,-29.067291501719,-19.5132634110961));
#5441=CARTESIAN_POINT('Ctrl Pts',(3.67565413515583,-29.067291501719,-19.5132634110961));
#5442=CARTESIAN_POINT('Ctrl Pts',(3.97939654429745,-28.9199544209075,-19.5132634110961));
#5443=CARTESIAN_POINT('Ctrl Pts',(4.0867365889039,-28.6122955141819,-19.5132634110961));
#5444=CARTESIAN_POINT('Ctrl Pts',(4.0867365889039,-28.4805549128151,-19.5132634110961));
#5445=CARTESIAN_POINT('Ctrl Pts',(3.50000000000002,-29.2758351576954,-19.6));
#5446=CARTESIAN_POINT('Ctrl Pts',(3.73788115872687,-29.2758351576954,-19.6));
#5447=CARTESIAN_POINT('Ctrl Pts',(4.14967504441669,-29.0758582893141,-19.6));
#5448=CARTESIAN_POINT('Ctrl Pts',(4.29528024488036,-28.6589657818602,-19.6));
#5449=CARTESIAN_POINT('Ctrl Pts',(4.29528024488036,-28.4805549128151,-19.6));
#5450=CARTESIAN_POINT('Ctrl Pts',(3.50000000000002,-29.3805549128151,-19.6));
#5451=CARTESIAN_POINT('Ctrl Pts',(3.76926990655473,-29.3805549128151,-19.6));
#5452=CARTESIAN_POINT('Ctrl Pts',(4.23525802519676,-29.1543321748808,-19.6));
#5453=CARTESIAN_POINT('Ctrl Pts',(4.40000000000002,-28.6825073427311,-19.6));
#5454=CARTESIAN_POINT('Ctrl Pts',(4.40000000000002,-28.4805549128151,-19.6));
#5455=CARTESIAN_POINT('',(4.00000000000002,-28.4805549128151,-19.2));
#5456=CARTESIAN_POINT('',(4.40000000000002,-28.4805549128151,-19.6));
#5457=CARTESIAN_POINT('Origin',(4.40000000000002,-28.4805549128151,-19.2));
#5458=CARTESIAN_POINT('Ctrl Pts',(4.40000000000002,-28.4805549128151,-19.6));
#5459=CARTESIAN_POINT('Ctrl Pts',(4.40000000000002,-28.6825073427311,-19.6));
#5460=CARTESIAN_POINT('Ctrl Pts',(4.23525802519676,-29.1543321748808,-19.6));
#5461=CARTESIAN_POINT('Ctrl Pts',(3.76926990655473,-29.3805549128151,-19.6));
#5462=CARTESIAN_POINT('Ctrl Pts',(3.50000000000002,-29.3805549128151,-19.6));
#5463=CARTESIAN_POINT('Ctrl Pts',(3.50000000000002,-28.9805549128151,-19.2));
#5464=CARTESIAN_POINT('Ctrl Pts',(3.64959439253041,-28.9805549128151,-19.2));
#5465=CARTESIAN_POINT('Ctrl Pts',(3.90847668066487,-28.8548756139627,-19.2));
#5466=CARTESIAN_POINT('Ctrl Pts',(4.00000000000002,-28.5927507072129,-19.2));
#5467=CARTESIAN_POINT('Ctrl Pts',(4.00000000000002,-28.4805549128151,-19.2));
#5468=CARTESIAN_POINT('Ctrl Pts',(4.00000000000002,-28.4805549128151,-19.2));
#5469=CARTESIAN_POINT('Ctrl Pts',(4.00000000000002,-26.8138882461484,-19.2));
#5470=CARTESIAN_POINT('Ctrl Pts',(4.00000000000002,-25.1472215794817,-19.2));
#5471=CARTESIAN_POINT('Ctrl Pts',(4.00000000000002,-23.4805549128151,-19.2));
#5472=CARTESIAN_POINT('Ctrl Pts',(4.00000000000002,-28.4805549128151,-19.3047197551197));
#5473=CARTESIAN_POINT('Ctrl Pts',(4.00000000000002,-26.8138882461484,-19.3047197551197));
#5474=CARTESIAN_POINT('Ctrl Pts',(4.00000000000002,-25.1472215794817,-19.3047197551197));
#5475=CARTESIAN_POINT('Ctrl Pts',(4.00000000000002,-23.4805549128151,-19.3047197551197));
#5476=CARTESIAN_POINT('Ctrl Pts',(4.08673601019252,-28.4805549128151,-19.5132639898075));
#5477=CARTESIAN_POINT('Ctrl Pts',(4.08673601019251,-26.8138882461484,-19.5132639898075));
#5478=CARTESIAN_POINT('Ctrl Pts',(4.08673601019251,-25.1472215794817,-19.5132639898075));
#5479=CARTESIAN_POINT('Ctrl Pts',(4.08673601019251,-23.4805549128151,-19.5132639898075));
#5480=CARTESIAN_POINT('Ctrl Pts',(4.29528024488036,-28.4805549128151,-19.6));
#5481=CARTESIAN_POINT('Ctrl Pts',(4.29528024488036,-26.8138882461484,-19.6));
#5482=CARTESIAN_POINT('Ctrl Pts',(4.29528024488036,-25.1472215794817,-19.6));
#5483=CARTESIAN_POINT('Ctrl Pts',(4.29528024488036,-23.4805549128151,-19.6));
#5484=CARTESIAN_POINT('Ctrl Pts',(4.40000000000002,-28.4805549128151,-19.6));
#5485=CARTESIAN_POINT('Ctrl Pts',(4.40000000000002,-26.8138882461484,-19.6));
#5486=CARTESIAN_POINT('Ctrl Pts',(4.40000000000002,-25.1472215794817,-19.6));
#5487=CARTESIAN_POINT('Ctrl Pts',(4.40000000000002,-23.4805549128151,-19.6));
#5488=CARTESIAN_POINT('',(4.00000000000002,-23.4805549128151,-19.2));
#5489=CARTESIAN_POINT('',(4.40000000000002,-23.4805549128151,-19.6));
#5490=CARTESIAN_POINT('Origin',(4.40000000000002,-23.4805549128151,-19.2));
#5491=CARTESIAN_POINT('Ctrl Pts',(4.40000000000002,-23.4805549128151,-19.6));
#5492=CARTESIAN_POINT('Ctrl Pts',(4.40000000000002,-25.1472215794817,-19.6));
#5493=CARTESIAN_POINT('Ctrl Pts',(4.40000000000002,-26.8138882461484,-19.6));
#5494=CARTESIAN_POINT('Ctrl Pts',(4.40000000000002,-28.4805549128151,-19.6));
#5495=CARTESIAN_POINT('Ctrl Pts',(4.00000000000002,-28.4805549128151,-19.2));
#5496=CARTESIAN_POINT('Ctrl Pts',(4.00000000000002,-26.8138882461484,-19.2));
#5497=CARTESIAN_POINT('Ctrl Pts',(4.00000000000002,-25.1472215794817,-19.2));
#5498=CARTESIAN_POINT('Ctrl Pts',(4.00000000000002,-23.4805549128151,-19.2));
#5499=CARTESIAN_POINT('Ctrl Pts',(4.00000000000002,-23.4805549128151,-19.2));
#5500=CARTESIAN_POINT('Ctrl Pts',(4.00000000000002,-23.3683581481816,-19.2));
#5501=CARTESIAN_POINT('Ctrl Pts',(3.90847399785127,-23.1062320164969,-19.2));
#5502=CARTESIAN_POINT('Ctrl Pts',(3.649595686178,-22.9805549128151,-19.2));
#5503=CARTESIAN_POINT('Ctrl Pts',(3.50000000000002,-22.9805549128151,-19.2));
#5504=CARTESIAN_POINT('Ctrl Pts',(4.00000000000002,-23.4805549128151,-19.3047197551197));
#5505=CARTESIAN_POINT('Ctrl Pts',(4.00000000000002,-23.3685469473292,-19.3047197551197));
#5506=CARTESIAN_POINT('Ctrl Pts',(3.90833552843149,-23.1065643491809,-19.3047197551197));
#5507=CARTESIAN_POINT('Ctrl Pts',(3.6493439539813,-22.9805549128151,-19.3047197551197));
#5508=CARTESIAN_POINT('Ctrl Pts',(3.50000000000002,-22.9805549128151,-19.3047197551197));
#5509=CARTESIAN_POINT('Ctrl Pts',(4.08672759850852,-23.4805549128151,-19.5132724014915));
#5510=CARTESIAN_POINT('Ctrl Pts',(4.08672759850852,-23.3488131721949,-19.5132724014915));
#5511=CARTESIAN_POINT('Ctrl Pts',(3.97938744336799,-23.0411561434853,-19.5132724014915));
#5512=CARTESIAN_POINT('Ctrl Pts',(3.67565565416028,-22.8938273143066,-19.5132724014915));
#5513=CARTESIAN_POINT('Ctrl Pts',(3.50000000000002,-22.8938273143066,-19.5132724014915));
#5514=CARTESIAN_POINT('Ctrl Pts',(4.29528024488036,-23.4805549128151,-19.6));
#5515=CARTESIAN_POINT('Ctrl Pts',(4.29528024488036,-23.3021425009262,-19.6));
#5516=CARTESIAN_POINT('Ctrl Pts',(4.1496708236298,-22.8852479731859,-19.6));
#5517=CARTESIAN_POINT('Ctrl Pts',(3.73788321585202,-22.6852746679347,-19.6));
#5518=CARTESIAN_POINT('Ctrl Pts',(3.50000000000002,-22.6852746679347,-19.6));
#5519=CARTESIAN_POINT('Ctrl Pts',(4.40000000000002,-23.4805549128151,-19.6));
#5520=CARTESIAN_POINT('Ctrl Pts',(4.40000000000002,-23.2786007364749,-19.6));
#5521=CARTESIAN_POINT('Ctrl Pts',(4.23525319613227,-22.8067736994423,-19.6));
#5522=CARTESIAN_POINT('Ctrl Pts',(3.76927223512039,-22.5805549128151,-19.6));
#5523=CARTESIAN_POINT('Ctrl Pts',(3.50000000000002,-22.5805549128151,-19.6));
#5524=CARTESIAN_POINT('',(3.50000000000002,-22.9805549128151,-19.2));
#5525=CARTESIAN_POINT('',(3.50000000000002,-22.5805549128151,-19.6));
#5526=CARTESIAN_POINT('Origin',(3.50000000000002,-22.5805549128151,-19.2));
#5527=CARTESIAN_POINT('Ctrl Pts',(3.50000000000002,-22.5805549128151,-19.6));
#5528=CARTESIAN_POINT('Ctrl Pts',(3.76927223512039,-22.5805549128151,-19.6));
#5529=CARTESIAN_POINT('Ctrl Pts',(4.23525319613227,-22.8067736994423,-19.6));
#5530=CARTESIAN_POINT('Ctrl Pts',(4.40000000000002,-23.2786007364749,-19.6));
#5531=CARTESIAN_POINT('Ctrl Pts',(4.40000000000002,-23.4805549128151,-19.6));
#5532=CARTESIAN_POINT('Ctrl Pts',(4.00000000000002,-23.4805549128151,-19.2));
#5533=CARTESIAN_POINT('Ctrl Pts',(4.00000000000002,-23.3683581481816,-19.2));
#5534=CARTESIAN_POINT('Ctrl Pts',(3.90847399785127,-23.1062320164969,-19.2));
#5535=CARTESIAN_POINT('Ctrl Pts',(3.649595686178,-22.9805549128151,-19.2));
#5536=CARTESIAN_POINT('Ctrl Pts',(3.50000000000002,-22.9805549128151,-19.2));
#5537=CARTESIAN_POINT('Ctrl Pts',(3.50000000000002,-22.9805549128151,-19.2));
#5538=CARTESIAN_POINT('Ctrl Pts',(3.16666666666671,-22.9805549128151,-19.2));
#5539=CARTESIAN_POINT('Ctrl Pts',(2.83333333333339,-22.9805549128151,-19.2));
#5540=CARTESIAN_POINT('Ctrl Pts',(2.50000000000007,-22.9805549128151,-19.2));
#5541=CARTESIAN_POINT('Ctrl Pts',(3.50000000000002,-22.9805549128151,-19.3047197551197));
#5542=CARTESIAN_POINT('Ctrl Pts',(3.16666666666671,-22.9805549128151,-19.3047197551197));
#5543=CARTESIAN_POINT('Ctrl Pts',(2.83333333333339,-22.9805549128151,-19.3047197551197));
#5544=CARTESIAN_POINT('Ctrl Pts',(2.50000000000007,-22.9805549128151,-19.3047197551197));
#5545=CARTESIAN_POINT('Ctrl Pts',(3.50000000000002,-22.89383035544,-19.5132754426249));
#5546=CARTESIAN_POINT('Ctrl Pts',(3.16666666666671,-22.89383035544,-19.5132754426249));
#5547=CARTESIAN_POINT('Ctrl Pts',(2.83333333333339,-22.89383035544,-19.5132754426249));
#5548=CARTESIAN_POINT('Ctrl Pts',(2.50000000000007,-22.89383035544,-19.5132754426249));
#5549=CARTESIAN_POINT('Ctrl Pts',(3.50000000000002,-22.6852746679347,-19.6));
#5550=CARTESIAN_POINT('Ctrl Pts',(3.1666666666667,-22.6852746679347,-19.6));
#5551=CARTESIAN_POINT('Ctrl Pts',(2.83333333333339,-22.6852746679347,-19.6));
#5552=CARTESIAN_POINT('Ctrl Pts',(2.50000000000007,-22.6852746679347,-19.6));
#5553=CARTESIAN_POINT('Ctrl Pts',(3.50000000000002,-22.5805549128151,-19.6));
#5554=CARTESIAN_POINT('Ctrl Pts',(3.1666666666667,-22.5805549128151,-19.6));
#5555=CARTESIAN_POINT('Ctrl Pts',(2.83333333333339,-22.5805549128151,-19.6));
#5556=CARTESIAN_POINT('Ctrl Pts',(2.50000000000007,-22.5805549128151,-19.6));
#5557=CARTESIAN_POINT('',(2.50000000000007,-22.9805549128151,-19.2));
#5558=CARTESIAN_POINT('',(2.50000000000007,-22.5805549128151,-19.6));
#5559=CARTESIAN_POINT('Origin',(2.50000000000007,-22.5805549128151,-19.2));
#5560=CARTESIAN_POINT('Ctrl Pts',(2.50000000000007,-22.5805549128151,-19.6));
#5561=CARTESIAN_POINT('Ctrl Pts',(2.83333333333339,-22.5805549128151,-19.6));
#5562=CARTESIAN_POINT('Ctrl Pts',(3.1666666666667,-22.5805549128151,-19.6));
#5563=CARTESIAN_POINT('Ctrl Pts',(3.50000000000002,-22.5805549128151,-19.6));
#5564=CARTESIAN_POINT('Ctrl Pts',(3.50000000000002,-22.9805549128151,-19.2));
#5565=CARTESIAN_POINT('Ctrl Pts',(3.16666666666671,-22.9805549128151,-19.2));
#5566=CARTESIAN_POINT('Ctrl Pts',(2.83333333333339,-22.9805549128151,-19.2));
#5567=CARTESIAN_POINT('Ctrl Pts',(2.50000000000007,-22.9805549128151,-19.2));
#5568=CARTESIAN_POINT('Ctrl Pts',(2.50000000000007,-22.9805549128151,-19.2));
#5569=CARTESIAN_POINT('Ctrl Pts',(2.38780420560225,-22.9805549128151,-19.2));
#5570=CARTESIAN_POINT('Ctrl Pts',(2.12566108028347,-23.0720943569154,-19.2));
#5571=CARTESIAN_POINT('Ctrl Pts',(2.00000000000002,-23.3309605202847,-19.2));
#5572=CARTESIAN_POINT('Ctrl Pts',(2.00000000000002,-23.4805549128151,-19.2));
#5573=CARTESIAN_POINT('Ctrl Pts',(2.50000000000007,-22.9805549128151,-19.3047197551197));
#5574=CARTESIAN_POINT('Ctrl Pts',(2.38799300311712,-22.9805549128151,-19.3047197551197));
#5575=CARTESIAN_POINT('Ctrl Pts',(2.12599325809963,-23.0722326899933,-19.3047197551197));
#5576=CARTESIAN_POINT('Ctrl Pts',(2.00000000000002,-23.3312122503045,-19.3047197551197));
#5577=CARTESIAN_POINT('Ctrl Pts',(2.00000000000002,-23.4805549128151,-19.3047197551197));
#5578=CARTESIAN_POINT('Ctrl Pts',(2.50000000000007,-22.8938322958947,-19.5132773830797));
#5579=CARTESIAN_POINT('Ctrl Pts',(2.36825939863319,-22.8938322958947,-19.5132773830797));
#5580=CARTESIAN_POINT('Ctrl Pts',(2.06058425957868,-23.0011865540641,-19.5132773830797));
#5581=CARTESIAN_POINT('Ctrl Pts',(1.91327738307968,-23.3049007776593,-19.5132773830797));
#5582=CARTESIAN_POINT('Ctrl Pts',(1.91327738307968,-23.4805549128151,-19.5132773830797));
#5583=CARTESIAN_POINT('Ctrl Pts',(2.50000000000007,-22.6852746679347,-19.6));
#5584=CARTESIAN_POINT('Ctrl Pts',(2.32158913095491,-22.6852746679347,-19.6));
#5585=CARTESIAN_POINT('Ctrl Pts',(1.90466753864471,-22.8309054381322,-19.6));
#5586=CARTESIAN_POINT('Ctrl Pts',(1.70471975511967,-23.2426737540882,-19.6));
#5587=CARTESIAN_POINT('Ctrl Pts',(1.70471975511968,-23.4805549128151,-19.6));
#5588=CARTESIAN_POINT('Ctrl Pts',(2.50000000000007,-22.5805549128151,-19.6));
#5589=CARTESIAN_POINT('Ctrl Pts',(2.29804757008402,-22.5805549128151,-19.6));
#5590=CARTESIAN_POINT('Ctrl Pts',(1.82618994451023,-22.7453259121957,-19.6));
#5591=CARTESIAN_POINT('Ctrl Pts',(1.60000000000001,-23.2112850062604,-19.6));
#5592=CARTESIAN_POINT('Ctrl Pts',(1.60000000000002,-23.4805549128151,-19.6));
#5593=CARTESIAN_POINT('',(2.00000000000002,-23.4805549128151,-19.2));
#5594=CARTESIAN_POINT('',(1.60000000000002,-23.4805549128151,-19.6));
#5595=CARTESIAN_POINT('Origin',(1.60000000000002,-23.4805549128151,-19.2));
#5596=CARTESIAN_POINT('Ctrl Pts',(1.60000000000002,-23.4805549128151,-19.6));
#5597=CARTESIAN_POINT('Ctrl Pts',(1.60000000000001,-23.2112850062604,-19.6));
#5598=CARTESIAN_POINT('Ctrl Pts',(1.82618994451023,-22.7453259121957,-19.6));
#5599=CARTESIAN_POINT('Ctrl Pts',(2.29804757008402,-22.5805549128151,-19.6));
#5600=CARTESIAN_POINT('Ctrl Pts',(2.50000000000007,-22.5805549128151,-19.6));
#5601=CARTESIAN_POINT('Ctrl Pts',(2.50000000000007,-22.9805549128151,-19.2));
#5602=CARTESIAN_POINT('Ctrl Pts',(2.38780420560225,-22.9805549128151,-19.2));
#5603=CARTESIAN_POINT('Ctrl Pts',(2.12566108028347,-23.0720943569154,-19.2));
#5604=CARTESIAN_POINT('Ctrl Pts',(2.00000000000002,-23.3309605202847,-19.2));
#5605=CARTESIAN_POINT('Ctrl Pts',(2.00000000000002,-23.4805549128151,-19.2));
#5606=CARTESIAN_POINT('Ctrl Pts',(2.00000000000002,-23.4805549128153,-19.2));
#5607=CARTESIAN_POINT('Ctrl Pts',(2.00000000000002,-25.1472215794819,-19.2));
#5608=CARTESIAN_POINT('Ctrl Pts',(2.00000000000002,-26.8138882461485,-19.2));
#5609=CARTESIAN_POINT('Ctrl Pts',(2.00000000000002,-28.4805549128151,-19.2));
#5610=CARTESIAN_POINT('Ctrl Pts',(2.00000000000002,-23.4805549128153,-19.3047197551197));
#5611=CARTESIAN_POINT('Ctrl Pts',(2.00000000000002,-25.1472215794819,-19.3047197551197));
#5612=CARTESIAN_POINT('Ctrl Pts',(2.00000000000002,-26.8138882461485,-19.3047197551197));
#5613=CARTESIAN_POINT('Ctrl Pts',(2.00000000000002,-28.4805549128151,-19.3047197551197));
#5614=CARTESIAN_POINT('Ctrl Pts',(1.91326826404907,-23.4805549128153,-19.513268264049));
#5615=CARTESIAN_POINT('Ctrl Pts',(1.91326826404907,-25.1472215794819,-19.513268264049));
#5616=CARTESIAN_POINT('Ctrl Pts',(1.91326826404907,-26.8138882461485,-19.513268264049));
#5617=CARTESIAN_POINT('Ctrl Pts',(1.91326826404907,-28.4805549128151,-19.513268264049));
#5618=CARTESIAN_POINT('Ctrl Pts',(1.70471975511968,-23.4805549128153,-19.6));
#5619=CARTESIAN_POINT('Ctrl Pts',(1.70471975511968,-25.1472215794819,-19.6));
#5620=CARTESIAN_POINT('Ctrl Pts',(1.70471975511968,-26.8138882461485,-19.6));
#5621=CARTESIAN_POINT('Ctrl Pts',(1.70471975511968,-28.4805549128151,-19.6));
#5622=CARTESIAN_POINT('Ctrl Pts',(1.60000000000002,-23.4805549128153,-19.6));
#5623=CARTESIAN_POINT('Ctrl Pts',(1.60000000000002,-25.1472215794819,-19.6));
#5624=CARTESIAN_POINT('Ctrl Pts',(1.60000000000002,-26.8138882461485,-19.6));
#5625=CARTESIAN_POINT('Ctrl Pts',(1.60000000000002,-28.4805549128151,-19.6));
#5626=CARTESIAN_POINT('',(2.00000000000002,-28.4805549128151,-19.2));
#5627=CARTESIAN_POINT('',(1.60000000000002,-28.4805549128151,-19.6));
#5628=CARTESIAN_POINT('Origin',(1.60000000000002,-28.4805549128151,-19.2));
#5629=CARTESIAN_POINT('Ctrl Pts',(1.60000000000002,-28.4805549128151,-19.6));
#5630=CARTESIAN_POINT('Ctrl Pts',(1.60000000000002,-26.8138882461485,-19.6));
#5631=CARTESIAN_POINT('Ctrl Pts',(1.60000000000002,-25.1472215794819,-19.6));
#5632=CARTESIAN_POINT('Ctrl Pts',(1.60000000000002,-23.4805549128153,-19.6));
#5633=CARTESIAN_POINT('Ctrl Pts',(2.00000000000002,-23.4805549128153,-19.2));
#5634=CARTESIAN_POINT('Ctrl Pts',(2.00000000000002,-25.1472215794819,-19.2));
#5635=CARTESIAN_POINT('Ctrl Pts',(2.00000000000002,-26.8138882461485,-19.2));
#5636=CARTESIAN_POINT('Ctrl Pts',(2.00000000000002,-28.4805549128151,-19.2));
#5637=CARTESIAN_POINT('Ctrl Pts',(2.00000000000002,-28.4805549128152,-19.2));
#5638=CARTESIAN_POINT('Ctrl Pts',(2.00000000000006,-28.6301505989932,-19.2));
#5639=CARTESIAN_POINT('Ctrl Pts',(2.12567336541182,-28.8890249752522,-19.2));
#5640=CARTESIAN_POINT('Ctrl Pts',(2.38780323536655,-28.9805549128151,-19.2));
#5641=CARTESIAN_POINT('Ctrl Pts',(2.50000000000002,-28.9805549128151,-19.2));
#5642=CARTESIAN_POINT('Ctrl Pts',(2.00000000000002,-28.4805549128152,-19.3047197551197));
#5643=CARTESIAN_POINT('Ctrl Pts',(2.00000000000006,-28.6298988667965,-19.3047197551197));
#5644=CARTESIAN_POINT('Ctrl Pts',(2.12600594528038,-28.8888863614588,-19.3047197551197));
#5645=CARTESIAN_POINT('Ctrl Pts',(2.38799203451407,-28.9805549128151,-19.3047197551197));
#5646=CARTESIAN_POINT('Ctrl Pts',(2.50000000000002,-28.9805549128151,-19.3047197551197));
#5647=CARTESIAN_POINT('Ctrl Pts',(1.91326557343661,-28.4805549128152,-19.5132655734366));
#5648=CARTESIAN_POINT('Ctrl Pts',(1.91326557343665,-28.6562105669754,-19.5132655734366));
#5649=CARTESIAN_POINT('Ctrl Pts',(2.06059432133598,-28.9599422554937,-19.5132655734366));
#5650=CARTESIAN_POINT('Ctrl Pts',(2.36825825937984,-29.0672893393785,-19.5132655734366));
#5651=CARTESIAN_POINT('Ctrl Pts',(2.50000000000002,-29.0672893393785,-19.5132655734366));
#5652=CARTESIAN_POINT('Ctrl Pts',(1.70471975511968,-28.4805549128153,-19.6));
#5653=CARTESIAN_POINT('Ctrl Pts',(1.70471975511974,-28.7184381286672,-19.6));
#5654=CARTESIAN_POINT('Ctrl Pts',(1.90468717115468,-29.1302194437972,-19.6));
#5655=CARTESIAN_POINT('Ctrl Pts',(2.32158758811104,-29.2758351576954,-19.6));
#5656=CARTESIAN_POINT('Ctrl Pts',(2.50000000000001,-29.2758351576954,-19.6));
#5657=CARTESIAN_POINT('Ctrl Pts',(1.60000000000002,-28.4805549128153,-19.6));
#5658=CARTESIAN_POINT('Ctrl Pts',(1.60000000000009,-28.7498271479356,-19.6));
#5659=CARTESIAN_POINT('Ctrl Pts',(1.82621205774126,-29.2158010252019,-19.6));
#5660=CARTESIAN_POINT('Ctrl Pts',(2.29804582365977,-29.3805549128151,-19.6));
#5661=CARTESIAN_POINT('Ctrl Pts',(2.50000000000001,-29.3805549128151,-19.6));
#5662=CARTESIAN_POINT('Ctrl Pts',(2.50000000000001,-29.3805549128151,-19.6));
#5663=CARTESIAN_POINT('Ctrl Pts',(2.29804582365977,-29.3805549128151,-19.6));
#5664=CARTESIAN_POINT('Ctrl Pts',(1.82621205774126,-29.2158010252019,-19.6));
#5665=CARTESIAN_POINT('Ctrl Pts',(1.60000000000009,-28.7498271479356,-19.6));
#5666=CARTESIAN_POINT('Ctrl Pts',(1.60000000000002,-28.4805549128153,-19.6));
#5667=CARTESIAN_POINT('Ctrl Pts',(2.00000000000002,-28.4805549128152,-19.2));
#5668=CARTESIAN_POINT('Ctrl Pts',(2.00000000000006,-28.6301505989932,-19.2));
#5669=CARTESIAN_POINT('Ctrl Pts',(2.12567336541182,-28.8890249752522,-19.2));
#5670=CARTESIAN_POINT('Ctrl Pts',(2.38780323536655,-28.9805549128151,-19.2));
#5671=CARTESIAN_POINT('Ctrl Pts',(2.50000000000002,-28.9805549128151,-19.2));
#5672=CARTESIAN_POINT('Origin',(3.50000000000002,-23.4805549128151,-17.6));
#5673=CARTESIAN_POINT('',(4.00000000000002,-23.4805549128151,-18.));
#5674=CARTESIAN_POINT('',(4.00000000000002,-23.4805549128151,-17.6));
#5675=CARTESIAN_POINT('',(3.50000000000002,-22.9805549128151,-18.));
#5676=CARTESIAN_POINT('Origin',(3.50000000000002,-23.4805549128151,-18.));
#5677=CARTESIAN_POINT('',(3.50000000000002,-22.9805549128151,-17.6));
#5678=CARTESIAN_POINT('Origin',(4.00000000000002,-28.4805549128151,-17.6));
#5679=CARTESIAN_POINT('',(4.00000000000002,-28.4805549128151,-18.));
#5680=CARTESIAN_POINT('',(4.00000000000002,-28.4805549128151,-17.6));
#5681=CARTESIAN_POINT('',(4.00000000000002,-33.6134592763685,-18.));
#5682=CARTESIAN_POINT('Origin',(3.50000000000002,-28.4805549128151,-17.6));
#5683=CARTESIAN_POINT('',(3.50000000000002,-28.9805549128151,-18.));
#5684=CARTESIAN_POINT('',(3.50000000000002,-28.9805549128151,-17.6));
#5685=CARTESIAN_POINT('Origin',(3.50000000000002,-28.4805549128151,-18.));
#5686=CARTESIAN_POINT('Origin',(2.50000000000002,-28.9805549128151,-17.6));
#5687=CARTESIAN_POINT('',(2.50000000000002,-28.9805549128151,-18.));
#5688=CARTESIAN_POINT('',(2.50000000000002,-28.9805549128151,-17.6));
#5689=CARTESIAN_POINT('',(1.25000000000002,-28.9805549128151,-18.));
#5690=CARTESIAN_POINT('Ctrl Pts',(33.02,71.1612053130433,-19.6));
#5691=CARTESIAN_POINT('Ctrl Pts',(-33.02,71.161205313043,-19.6));
#5692=CARTESIAN_POINT('Ctrl Pts',(33.02,49.2296915224503,-19.6));
#5693=CARTESIAN_POINT('Ctrl Pts',(-33.02,49.22969152245,-19.6));
#5694=CARTESIAN_POINT('Ctrl Pts',(33.02,27.2981777318572,-19.6));
#5695=CARTESIAN_POINT('Ctrl Pts',(-33.02,27.298177731857,-19.6));
#5696=CARTESIAN_POINT('Ctrl Pts',(33.02,5.36666394126422,-19.6));
#5697=CARTESIAN_POINT('Ctrl Pts',(-33.02,5.36666394126397,-19.6));
#5698=CARTESIAN_POINT('Ctrl Pts',(33.02,-16.5648498493288,-19.6));
#5699=CARTESIAN_POINT('Ctrl Pts',(-33.02,-16.5648498493291,-19.6));
#5700=CARTESIAN_POINT('Ctrl Pts',(33.02,-38.4963636399218,-19.6));
#5701=CARTESIAN_POINT('Ctrl Pts',(-33.02,-38.4963636399221,-19.6));
#5702=CARTESIAN_POINT('Ctrl Pts',(33.02,-39.2723042392268,-19.6));
#5703=CARTESIAN_POINT('Ctrl Pts',(-33.02,-39.2723042392271,-19.6));
#5704=CARTESIAN_POINT('Ctrl Pts',(33.02,-40.7502938622141,-19.5226962494411));
#5705=CARTESIAN_POINT('Ctrl Pts',(-33.02,-40.7502938622144,-19.5226962494411));
#5706=CARTESIAN_POINT('Ctrl Pts',(33.02,-42.7456136526578,-19.1748482795233));
#5707=CARTESIAN_POINT('Ctrl Pts',(-33.02,-42.7456136526581,-19.1748482795233));
#5708=CARTESIAN_POINT('Ctrl Pts',(33.02,-44.9730583609467,-18.2788253747341));
#5709=CARTESIAN_POINT('Ctrl Pts',(-33.02,-44.973058360947,-18.2788253747341));
#5710=CARTESIAN_POINT('Ctrl Pts',(33.02,-47.084369236041,-16.6158955625899));
#5711=CARTESIAN_POINT('Ctrl Pts',(-33.02,-47.0843692360413,-16.6158955625899));
#5712=CARTESIAN_POINT('Ctrl Pts',(33.02,-48.5752699766533,-14.6396525711584));
#5713=CARTESIAN_POINT('Ctrl Pts',(-33.02,-48.5752699766536,-14.6396525711584));
#5714=CARTESIAN_POINT('Ctrl Pts',(33.02,-49.4917780720507,-12.595903403403));
#5715=CARTESIAN_POINT('Ctrl Pts',(-33.02,-49.491778072051,-12.595903403403));
#5716=CARTESIAN_POINT('Ctrl Pts',(33.0200000000001,-49.8712172420577,-10.7128797093758));
#5717=CARTESIAN_POINT('Ctrl Pts',(-33.0199999999999,-49.871217242058,-10.7128797093758));
#5718=CARTESIAN_POINT('Ctrl Pts',(33.02,-49.7447027470231,-9.17335178831049));
#5719=CARTESIAN_POINT('Ctrl Pts',(-33.02,-49.7447027470234,-9.17335178831049));
#5720=CARTESIAN_POINT('Ctrl Pts',(33.02,-49.1516188327981,-8.06786414667283));
#5721=CARTESIAN_POINT('Ctrl Pts',(-33.02,-49.1516188327984,-8.06786414667283));
#5722=CARTESIAN_POINT('Ctrl Pts',(33.02,-48.3359124055446,-7.54621463808793));
#5723=CARTESIAN_POINT('Ctrl Pts',(-33.02,-48.3359124055449,-7.54621463808793));
#5724=CARTESIAN_POINT('Ctrl Pts',(33.02,-47.5444646574923,-7.35509216416936));
#5725=CARTESIAN_POINT('Ctrl Pts',(-33.02,-47.5444646574926,-7.35509216416936));
#5726=CARTESIAN_POINT('Ctrl Pts',(33.02,-46.938306287629,-7.31510352612461));
#5727=CARTESIAN_POINT('Ctrl Pts',(-33.02,-46.9383062876293,-7.31510352612461));
#5728=CARTESIAN_POINT('Ctrl Pts',(33.02,-46.6155935101297,-7.31697005640772));
#5729=CARTESIAN_POINT('Ctrl Pts',(-33.02,-46.61559351013,-7.31697005640772));
#5730=CARTESIAN_POINT('',(12.7079173435318,-39.0441611600897,-19.5920826564682));
#5731=CARTESIAN_POINT('',(12.7,-39.5657043806327,-19.5690288723279));
#5732=CARTESIAN_POINT('Ctrl Pts',(12.7079173435318,-39.0441611600897,-19.5920826564682));
#5733=CARTESIAN_POINT('Ctrl Pts',(12.7067114032139,-39.084283620091,-19.5909070353565));
#5734=CARTESIAN_POINT('Ctrl Pts',(12.7056396819133,-39.1244061031338,-19.5895969575891));
#5735=CARTESIAN_POINT('Ctrl Pts',(12.7023125673789,-39.2671634896737,-19.5844486805096));
#5736=CARTESIAN_POINT('Ctrl Pts',(12.7,-39.4026305729739,-19.5787310451707));
#5737=CARTESIAN_POINT('Ctrl Pts',(12.7,-39.5657043806327,-19.5690288723279));
#5738=CARTESIAN_POINT('',(12.7,-48.6779041387696,-14.1934851903187));
#5739=CARTESIAN_POINT('Ctrl Pts',(12.7,-48.6779041387696,-14.1934851903187));
#5740=CARTESIAN_POINT('Ctrl Pts',(12.7,-48.6312779184476,-14.2794836402478));
#5741=CARTESIAN_POINT('Ctrl Pts',(12.7,-48.360381119436,-14.7652101237235));
#5742=CARTESIAN_POINT('Ctrl Pts',(12.7,-47.7898329332968,-15.6457860587962));
#5743=CARTESIAN_POINT('Ctrl Pts',(12.7,-46.7528944426856,-16.8769747444136));
#5744=CARTESIAN_POINT('Ctrl Pts',(12.7,-45.0926690587125,-18.1846165125944));
#5745=CARTESIAN_POINT('Ctrl Pts',(12.7,-43.0583885687839,-19.0457657547623));
#5746=CARTESIAN_POINT('Ctrl Pts',(12.7,-41.306824637775,-19.415561331421));
#5747=CARTESIAN_POINT('Ctrl Pts',(12.7,-40.0918745906607,-19.5377240638139));
#5748=CARTESIAN_POINT('Ctrl Pts',(12.7,-39.5657043806327,-19.5690288723279));
#5749=CARTESIAN_POINT('',(-12.7,-48.6779041387697,-14.1934851903187));
#5750=CARTESIAN_POINT('',(-12.7,-48.6779041387697,-14.1934851903187));
#5751=CARTESIAN_POINT('',(-12.7,-39.5657043806328,-19.5690288723279));
#5752=CARTESIAN_POINT('Ctrl Pts',(-12.7,-39.5657043806328,-19.5690288723279));
#5753=CARTESIAN_POINT('Ctrl Pts',(-12.7,-40.0918745906608,-19.5377240638139));
#5754=CARTESIAN_POINT('Ctrl Pts',(-12.7,-41.3068246377751,-19.415561331421));
#5755=CARTESIAN_POINT('Ctrl Pts',(-12.7,-43.058388568784,-19.0457657547623));
#5756=CARTESIAN_POINT('Ctrl Pts',(-12.7,-45.0926690587126,-18.1846165125944));
#5757=CARTESIAN_POINT('Ctrl Pts',(-12.7,-46.7528944426857,-16.8769747444136));
#5758=CARTESIAN_POINT('Ctrl Pts',(-12.7,-47.7898329332969,-15.6457860587962));
#5759=CARTESIAN_POINT('Ctrl Pts',(-12.7,-48.3603811194361,-14.7652101237235));
#5760=CARTESIAN_POINT('Ctrl Pts',(-12.7,-48.6312779184477,-14.2794836402478));
#5761=CARTESIAN_POINT('Ctrl Pts',(-12.7,-48.6779041387697,-14.1934851903187));
#5762=CARTESIAN_POINT('',(-12.7079392040055,-39.0449067022178,-19.5920607959945));
#5763=CARTESIAN_POINT('Ctrl Pts',(-12.7,-39.5657043806328,-19.5690288723279));
#5764=CARTESIAN_POINT('Ctrl Pts',(-12.7,-39.4104463175736,-19.5782660428132));
#5765=CARTESIAN_POINT('Ctrl Pts',(-12.7021682973508,-39.2493101619679,-19.5856808023492));
#5766=CARTESIAN_POINT('Ctrl Pts',(-12.7072164501269,-39.0693272700196,-19.5913319117627));
#5767=CARTESIAN_POINT('Ctrl Pts',(-12.7075735277229,-39.0570554045877,-19.5917043246541));
#5768=CARTESIAN_POINT('Ctrl Pts',(-12.7079392040055,-39.0449067022178,-19.5920607959945));
#5769=CARTESIAN_POINT('',(-12.7000000000001,-8.99636363992197,-19.6));
#5770=CARTESIAN_POINT('Ctrl Pts',(-12.7079392040055,-39.0449067022178,-19.5920607959945));
#5771=CARTESIAN_POINT('Ctrl Pts',(-12.7035878079733,-38.8966090023437,-19.5964121973417));
#5772=CARTESIAN_POINT('Ctrl Pts',(-12.7010701561674,-38.7481997423305,-19.5989298438327));
#5773=CARTESIAN_POINT('Ctrl Pts',(-12.7002758968203,-38.5997547720545,-19.5997241031798));
#5774=CARTESIAN_POINT('Ctrl Pts',(-12.7000918528439,-38.5653574398713,-19.5999081471561));
#5775=CARTESIAN_POINT('Ctrl Pts',(-12.6999313587209,-38.5308943603942,-19.6));
#5776=CARTESIAN_POINT('Ctrl Pts',(-12.6997920763988,-38.496363639922,-19.6));
#5777=CARTESIAN_POINT('Ctrl Pts',(-12.6978643047431,-38.0184326061435,-19.6));
#5778=CARTESIAN_POINT('Ctrl Pts',(-12.7,-37.5443629326498,-19.6));
#5779=CARTESIAN_POINT('Ctrl Pts',(-12.7,-37.0682644634491,-19.6));
#5780=CARTESIAN_POINT('Ctrl Pts',(-12.7000000000001,-27.71096418894,-19.6));
#5781=CARTESIAN_POINT('Ctrl Pts',(-12.7000000000001,-18.353663914431,-19.6));
#5782=CARTESIAN_POINT('Ctrl Pts',(-12.7000000000001,-8.99636363992197,-19.6));
#5783=CARTESIAN_POINT('',(12.6999999999999,-8.99636363992189,-19.6));
#5784=CARTESIAN_POINT('',(-7.69271515286068E-14,-8.99636363992193,-19.6));
#5785=CARTESIAN_POINT('Ctrl Pts',(12.7,-8.99636363992188,-19.6));
#5786=CARTESIAN_POINT('Ctrl Pts',(12.7,-18.4021276723225,-19.6));
#5787=CARTESIAN_POINT('Ctrl Pts',(12.7,-27.8078917047231,-19.6));
#5788=CARTESIAN_POINT('Ctrl Pts',(12.6999999999999,-37.2136557371237,-19.6));
#5789=CARTESIAN_POINT('Ctrl Pts',(12.6999999999999,-37.6721548437531,-19.6));
#5790=CARTESIAN_POINT('Ctrl Pts',(12.6972272255509,-38.0921929469827,-19.6));
#5791=CARTESIAN_POINT('Ctrl Pts',(12.6998810595829,-38.4963636399219,-19.6));
#5792=CARTESIAN_POINT('Ctrl Pts',(12.7006443465362,-38.6126098757827,-19.6));
#5793=CARTESIAN_POINT('Ctrl Pts',(12.7018565407703,-38.7265515411653,-19.5989621416149));
#5794=CARTESIAN_POINT('Ctrl Pts',(12.7037127270751,-38.8387750003925,-19.5969380201678));
#5795=CARTESIAN_POINT('Ctrl Pts',(12.7048551572467,-38.9078453655038,-19.5956922306659));
#5796=CARTESIAN_POINT('Ctrl Pts',(12.7062415351142,-38.9762641341088,-19.5940720952303));
#5797=CARTESIAN_POINT('Ctrl Pts',(12.7079173435318,-39.0441611600897,-19.5920826564682));
#5798=CARTESIAN_POINT('',(-2.50000000000002,-29.3805549128151,-19.6));
#5799=CARTESIAN_POINT('',(-3.50000000000002,-29.3805549128151,-19.6));
#5800=CARTESIAN_POINT('Ctrl Pts',(-2.50000000000002,-29.3805549128151,-19.6));
#5801=CARTESIAN_POINT('Ctrl Pts',(-2.83333333333335,-29.3805549128151,-19.6));
#5802=CARTESIAN_POINT('Ctrl Pts',(-3.16666666666669,-29.3805549128151,-19.6));
#5803=CARTESIAN_POINT('Ctrl Pts',(-3.50000000000002,-29.3805549128151,-19.6));
#5804=CARTESIAN_POINT('',(-1.60000000000002,-28.4805549128151,-19.6));
#5805=CARTESIAN_POINT('Ctrl Pts',(-1.60000000000002,-28.4805549128151,-19.6));
#5806=CARTESIAN_POINT('Ctrl Pts',(-1.60000000000002,-28.7498248193698,-19.6));
#5807=CARTESIAN_POINT('Ctrl Pts',(-1.82619070043166,-29.2157829995466,-19.6));
#5808=CARTESIAN_POINT('Ctrl Pts',(-2.29804757008398,-29.3805549128151,-19.6));
#5809=CARTESIAN_POINT('Ctrl Pts',(-2.50000000000002,-29.3805549128151,-19.6));
#5810=CARTESIAN_POINT('',(-1.60000000000002,-23.4805549128151,-19.6));
#5811=CARTESIAN_POINT('Ctrl Pts',(-1.60000000000002,-23.4805549128151,-19.6));
#5812=CARTESIAN_POINT('Ctrl Pts',(-1.60000000000002,-25.1472215794818,-19.6));
#5813=CARTESIAN_POINT('Ctrl Pts',(-1.60000000000002,-26.8138882461484,-19.6));
#5814=CARTESIAN_POINT('Ctrl Pts',(-1.60000000000002,-28.4805549128151,-19.6));
#5815=CARTESIAN_POINT('',(-2.50000000000006,-22.5805549128151,-19.6));
#5816=CARTESIAN_POINT('Ctrl Pts',(-2.50000000000006,-22.5805549128151,-19.6));
#5817=CARTESIAN_POINT('Ctrl Pts',(-2.23072776487968,-22.5805549128151,-19.6));
#5818=CARTESIAN_POINT('Ctrl Pts',(-1.76474641341208,-22.8067733720042,-19.6));
#5819=CARTESIAN_POINT('Ctrl Pts',(-1.60000000000002,-23.2786007364748,-19.6));
#5820=CARTESIAN_POINT('Ctrl Pts',(-1.60000000000002,-23.4805549128151,-19.6));
#5821=CARTESIAN_POINT('',(-3.50000000000002,-22.5805549128151,-19.6));
#5822=CARTESIAN_POINT('Ctrl Pts',(-3.50000000000002,-22.5805549128151,-19.6));
#5823=CARTESIAN_POINT('Ctrl Pts',(-3.1666666666667,-22.5805549128151,-19.6));
#5824=CARTESIAN_POINT('Ctrl Pts',(-2.83333333333338,-22.5805549128151,-19.6));
#5825=CARTESIAN_POINT('Ctrl Pts',(-2.50000000000006,-22.5805549128151,-19.6));
#5826=CARTESIAN_POINT('',(-4.40000000000002,-23.4805549128151,-19.6));
#5827=CARTESIAN_POINT('Ctrl Pts',(-4.40000000000002,-23.4805549128151,-19.6));
#5828=CARTESIAN_POINT('Ctrl Pts',(-4.40000000000002,-23.2112850062603,-19.6));
#5829=CARTESIAN_POINT('Ctrl Pts',(-4.17380973021204,-22.7453263054474,-19.6));
#5830=CARTESIAN_POINT('Ctrl Pts',(-3.70195242991606,-22.5805549128151,-19.6));
#5831=CARTESIAN_POINT('Ctrl Pts',(-3.50000000000002,-22.5805549128151,-19.6));
#5832=CARTESIAN_POINT('',(-4.40000000000002,-28.4805549128151,-19.6));
#5833=CARTESIAN_POINT('Ctrl Pts',(-4.40000000000002,-28.4805549128151,-19.6));
#5834=CARTESIAN_POINT('Ctrl Pts',(-4.40000000000002,-26.8138882461485,-19.6));
#5835=CARTESIAN_POINT('Ctrl Pts',(-4.40000000000002,-25.1472215794819,-19.6));
#5836=CARTESIAN_POINT('Ctrl Pts',(-4.40000000000002,-23.4805549128153,-19.6));
#5837=CARTESIAN_POINT('Ctrl Pts',(-3.50000000000002,-29.3805549128151,-19.6));
#5838=CARTESIAN_POINT('Ctrl Pts',(-3.70195417634026,-29.3805549128151,-19.6));
#5839=CARTESIAN_POINT('Ctrl Pts',(-4.17378780855276,-29.2158008655778,-19.6));
#5840=CARTESIAN_POINT('Ctrl Pts',(-4.39999999999994,-28.7498271479356,-19.6));
#5841=CARTESIAN_POINT('Ctrl Pts',(-4.40000000000002,-28.4805549128153,-19.6));
#5842=CARTESIAN_POINT('Origin',(1.75000000000002,-22.5805549128151,-18.));
#5843=CARTESIAN_POINT('',(2.50000000000006,-22.5805549128151,-17.6));
#5844=CARTESIAN_POINT('',(2.50000000000006,-22.9805549128151,-18.));
#5845=CARTESIAN_POINT('Origin',(2.50000000000006,-22.5805549128151,-18.));
#5846=CARTESIAN_POINT('',(1.75000000000002,-22.9805549128151,-18.));
#5847=CARTESIAN_POINT('',(3.50000000000002,-22.5805549128151,-17.6));
#5848=CARTESIAN_POINT('Origin',(3.50000000000002,-22.5805549128151,-18.));
#5849=CARTESIAN_POINT('',(1.75000000000002,-22.5805549128151,-17.6));
#5850=CARTESIAN_POINT('Origin',(3.50000000000002,-23.4805549128151,-18.));
#5851=CARTESIAN_POINT('',(4.40000000000002,-23.4805549128151,-17.6));
#5852=CARTESIAN_POINT('Origin',(4.40000000000002,-23.4805549128151,-18.));
#5853=CARTESIAN_POINT('Origin',(3.50000000000002,-23.4805549128151,-17.6));
#5854=CARTESIAN_POINT('Origin',(4.40000000000002,-33.6134592763685,-18.));
#5855=CARTESIAN_POINT('',(4.40000000000002,-28.4805549128151,-17.6));
#5856=CARTESIAN_POINT('Origin',(4.40000000000002,-28.4805549128151,-18.));
#5857=CARTESIAN_POINT('',(4.40000000000002,-33.6134592763685,-17.6));
#5858=CARTESIAN_POINT('Origin',(3.50000000000002,-28.4805549128151,-18.));
#5859=CARTESIAN_POINT('',(3.50000000000002,-29.3805549128151,-17.6));
#5860=CARTESIAN_POINT('Origin',(3.50000000000002,-29.3805549128151,-18.));
#5861=CARTESIAN_POINT('Origin',(3.50000000000002,-28.4805549128151,-17.6));
#5862=CARTESIAN_POINT('Origin',(1.25000000000002,-29.3805549128151,-18.));
#5863=CARTESIAN_POINT('',(2.50000000000002,-29.3805549128151,-17.6));
#5864=CARTESIAN_POINT('Origin',(2.50000000000002,-29.3805549128151,-18.));
#5865=CARTESIAN_POINT('',(1.25000000000002,-29.3805549128151,-17.6));
#5866=CARTESIAN_POINT('Origin',(2.50000000000002,-28.4805549128151,-18.));
#5867=CARTESIAN_POINT('',(2.00000000000002,-28.4805549128151,-18.));
#5868=CARTESIAN_POINT('',(1.60000000000002,-28.4805549128151,-17.6));
#5869=CARTESIAN_POINT('Origin',(1.60000000000002,-28.4805549128151,-18.));
#5870=CARTESIAN_POINT('Origin',(2.50000000000002,-28.4805549128151,-17.6));
#5871=CARTESIAN_POINT('Origin',(2.50000000000002,-28.4805549128151,-18.));
#5872=CARTESIAN_POINT('Origin',(1.60000000000002,-31.1134592763685,-18.));
#5873=CARTESIAN_POINT('',(2.00000000000002,-23.4805549128151,-18.));
#5874=CARTESIAN_POINT('',(1.60000000000002,-23.4805549128151,-17.6));
#5875=CARTESIAN_POINT('Origin',(1.60000000000002,-23.4805549128151,-18.));
#5876=CARTESIAN_POINT('',(1.60000000000002,-31.1134592763685,-17.6));
#5877=CARTESIAN_POINT('',(2.00000000000002,-31.1134592763685,-18.));
#5878=CARTESIAN_POINT('Origin',(2.50000000000006,-23.4805549128151,-18.));
#5879=CARTESIAN_POINT('Origin',(2.50000000000006,-23.4805549128151,-17.6));
#5880=CARTESIAN_POINT('Origin',(2.50000000000006,-23.4805549128151,-18.));
#5881=CARTESIAN_POINT('Origin',(3.50000000000002,-22.9805549128151,-17.6));
#5882=CARTESIAN_POINT('',(2.50000000000006,-22.9805549128151,-17.6));
#5883=CARTESIAN_POINT('Origin',(1.55544264226687E-14,-38.7463636399219,
-17.6));
#5884=CARTESIAN_POINT('',(12.6999999999999,-8.7463636399219,-17.6));
#5885=CARTESIAN_POINT('',(12.7,-38.7463636399219,-17.6));
#5886=CARTESIAN_POINT('',(12.7,-28.2733838096196,-17.6));
#5887=CARTESIAN_POINT('',(-12.7,-8.74636363992197,-17.6));
#5888=CARTESIAN_POINT('',(-7.77043076458444E-14,-8.74636363992193,-17.6));
#5889=CARTESIAN_POINT('',(-12.7,-38.746363639922,-17.6));
#5890=CARTESIAN_POINT('',(-12.7,-28.2733838096196,-17.6));
#5891=CARTESIAN_POINT('',(1.55544264226687E-14,-38.7463636399219,-17.6));
#5892=CARTESIAN_POINT('',(-2.50000000000006,-22.5805549128151,-17.6));
#5893=CARTESIAN_POINT('',(-3.50000000000002,-22.5805549128151,-17.6));
#5894=CARTESIAN_POINT('',(-1.25000000000002,-22.5805549128151,-17.6));
#5895=CARTESIAN_POINT('',(-1.60000000000002,-23.4805549128151,-17.6));
#5896=CARTESIAN_POINT('Origin',(-2.50000000000006,-23.4805549128151,-17.6));
#5897=CARTESIAN_POINT('',(-1.60000000000002,-28.4805549128151,-17.6));
#5898=CARTESIAN_POINT('',(-1.60000000000002,-33.6134592763685,-17.6));
#5899=CARTESIAN_POINT('',(-2.50000000000002,-29.3805549128151,-17.6));
#5900=CARTESIAN_POINT('Origin',(-2.50000000000002,-28.4805549128151,-17.6));
#5901=CARTESIAN_POINT('',(-3.50000000000002,-29.3805549128151,-17.6));
#5902=CARTESIAN_POINT('',(-1.75,-29.3805549128151,-17.6));
#5903=CARTESIAN_POINT('',(-4.40000000000002,-28.4805549128151,-17.6));
#5904=CARTESIAN_POINT('Origin',(-3.50000000000002,-28.4805549128151,-17.6));
#5905=CARTESIAN_POINT('',(-4.40000000000002,-23.4805549128151,-17.6));
#5906=CARTESIAN_POINT('',(-4.40000000000002,-31.1134592763685,-17.6));
#5907=CARTESIAN_POINT('Origin',(-3.50000000000002,-23.4805549128151,-17.6));
#5908=CARTESIAN_POINT('Ctrl Pts',(-3.50000000000002,-28.9805549128151,-19.2));
#5909=CARTESIAN_POINT('Ctrl Pts',(-3.16666666666669,-28.9805549128151,-19.2));
#5910=CARTESIAN_POINT('Ctrl Pts',(-2.83333333333335,-28.9805549128151,-19.2));
#5911=CARTESIAN_POINT('Ctrl Pts',(-2.50000000000002,-28.9805549128151,-19.2));
#5912=CARTESIAN_POINT('Ctrl Pts',(-3.50000000000002,-28.9805549128151,-19.3047197551197));
#5913=CARTESIAN_POINT('Ctrl Pts',(-3.16666666666668,-28.9805549128151,-19.3047197551197));
#5914=CARTESIAN_POINT('Ctrl Pts',(-2.83333333333335,-28.9805549128151,-19.3047197551197));
#5915=CARTESIAN_POINT('Ctrl Pts',(-2.50000000000002,-28.9805549128151,-19.3047197551197));
#5916=CARTESIAN_POINT('Ctrl Pts',(-3.50000000000002,-29.0672909230076,-19.5132639898075));
#5917=CARTESIAN_POINT('Ctrl Pts',(-3.16666666666669,-29.0672909230076,-19.5132639898075));
#5918=CARTESIAN_POINT('Ctrl Pts',(-2.83333333333335,-29.0672909230076,-19.5132639898075));
#5919=CARTESIAN_POINT('Ctrl Pts',(-2.50000000000002,-29.0672909230076,-19.5132639898075));
#5920=CARTESIAN_POINT('Ctrl Pts',(-3.50000000000002,-29.2758351576954,-19.6));
#5921=CARTESIAN_POINT('Ctrl Pts',(-3.16666666666669,-29.2758351576954,-19.6));
#5922=CARTESIAN_POINT('Ctrl Pts',(-2.83333333333335,-29.2758351576954,-19.6));
#5923=CARTESIAN_POINT('Ctrl Pts',(-2.50000000000002,-29.2758351576954,-19.6));
#5924=CARTESIAN_POINT('Ctrl Pts',(-3.50000000000002,-29.3805549128151,-19.6));
#5925=CARTESIAN_POINT('Ctrl Pts',(-3.16666666666669,-29.3805549128151,-19.6));
#5926=CARTESIAN_POINT('Ctrl Pts',(-2.83333333333335,-29.3805549128151,-19.6));
#5927=CARTESIAN_POINT('Ctrl Pts',(-2.50000000000002,-29.3805549128151,-19.6));
#5928=CARTESIAN_POINT('',(-2.50000000000002,-28.9805549128151,-19.2));
#5929=CARTESIAN_POINT('Origin',(-2.50000000000002,-29.3805549128151,-19.2));
#5930=CARTESIAN_POINT('',(-3.50000000000002,-28.9805549128151,-19.2));
#5931=CARTESIAN_POINT('Origin',(-3.50000000000002,-29.3805549128151,-19.2));
#5932=CARTESIAN_POINT('Ctrl Pts',(-3.50000000000002,-28.9805549128151,-19.2));
#5933=CARTESIAN_POINT('Ctrl Pts',(-3.16666666666669,-28.9805549128151,-19.2));
#5934=CARTESIAN_POINT('Ctrl Pts',(-2.83333333333335,-28.9805549128151,-19.2));
#5935=CARTESIAN_POINT('Ctrl Pts',(-2.50000000000002,-28.9805549128151,-19.2));
#5936=CARTESIAN_POINT('Ctrl Pts',(-2.50000000000002,-28.9805549128151,-19.2));
#5937=CARTESIAN_POINT('Ctrl Pts',(-2.38780420560222,-28.9805549128151,-19.2));
#5938=CARTESIAN_POINT('Ctrl Pts',(-2.12566150023982,-28.8890149609992,-19.2));
#5939=CARTESIAN_POINT('Ctrl Pts',(-2.00000000000002,-28.6301493053455,-19.2));
#5940=CARTESIAN_POINT('Ctrl Pts',(-2.00000000000002,-28.4805549128151,-19.2));
#5941=CARTESIAN_POINT('Ctrl Pts',(-2.50000000000002,-28.9805549128151,-19.3047197551197));
#5942=CARTESIAN_POINT('Ctrl Pts',(-2.38799300311708,-28.9805549128151,-19.3047197551197));
#5943=CARTESIAN_POINT('Ctrl Pts',(-2.12599410024686,-28.8888763638234,-19.3047197551197));
#5944=CARTESIAN_POINT('Ctrl Pts',(-2.00000000000002,-28.6298975753256,-19.3047197551197));
#5945=CARTESIAN_POINT('Ctrl Pts',(-2.00000000000002,-28.4805549128151,-19.3047197551197));
#5946=CARTESIAN_POINT('Ctrl Pts',(-2.50000000000002,-29.0672893393785,-19.5132655734366));
#5947=CARTESIAN_POINT('Ctrl Pts',(-2.36825939863315,-29.0672893393785,-19.5132655734366));
#5948=CARTESIAN_POINT('Ctrl Pts',(-2.06058038914418,-28.9599304968332,-19.5132655734366));
#5949=CARTESIAN_POINT('Ctrl Pts',(-1.91326557343661,-28.6562090479709,-19.5132655734366));
#5950=CARTESIAN_POINT('Ctrl Pts',(-1.91326557343661,-28.4805549128151,-19.5132655734366));
#5951=CARTESIAN_POINT('Ctrl Pts',(-2.50000000000002,-29.2758351576954,-19.6));
#5952=CARTESIAN_POINT('Ctrl Pts',(-2.32158913095488,-29.2758351576954,-19.6));
#5953=CARTESIAN_POINT('Ctrl Pts',(-1.90466830350263,-29.1302035193358,-19.6));
#5954=CARTESIAN_POINT('Ctrl Pts',(-1.70471975511968,-28.7184360715419,-19.6));
#5955=CARTESIAN_POINT('Ctrl Pts',(-1.70471975511968,-28.4805549128151,-19.6));
#5956=CARTESIAN_POINT('Ctrl Pts',(-2.50000000000002,-29.3805549128151,-19.6));
#5957=CARTESIAN_POINT('Ctrl Pts',(-2.29804757008398,-29.3805549128151,-19.6));
#5958=CARTESIAN_POINT('Ctrl Pts',(-1.82619070043166,-29.2157829995466,-19.6));
#5959=CARTESIAN_POINT('Ctrl Pts',(-1.60000000000002,-28.7498248193698,-19.6));
#5960=CARTESIAN_POINT('Ctrl Pts',(-1.60000000000002,-28.4805549128151,-19.6));
#5961=CARTESIAN_POINT('',(-2.00000000000002,-28.4805549128151,-19.2));
#5962=CARTESIAN_POINT('Origin',(-1.60000000000002,-28.4805549128151,-19.2));
#5963=CARTESIAN_POINT('Ctrl Pts',(-2.50000000000002,-28.9805549128151,-19.2));
#5964=CARTESIAN_POINT('Ctrl Pts',(-2.38780420560222,-28.9805549128151,-19.2));
#5965=CARTESIAN_POINT('Ctrl Pts',(-2.12566150023982,-28.8890149609992,-19.2));
#5966=CARTESIAN_POINT('Ctrl Pts',(-2.00000000000002,-28.6301493053455,-19.2));
#5967=CARTESIAN_POINT('Ctrl Pts',(-2.00000000000002,-28.4805549128151,-19.2));
#5968=CARTESIAN_POINT('Ctrl Pts',(-2.00000000000002,-28.4805549128151,-19.2));
#5969=CARTESIAN_POINT('Ctrl Pts',(-2.00000000000002,-26.8138882461484,-19.2));
#5970=CARTESIAN_POINT('Ctrl Pts',(-2.00000000000002,-25.1472215794818,-19.2));
#5971=CARTESIAN_POINT('Ctrl Pts',(-2.00000000000002,-23.4805549128151,-19.2));
#5972=CARTESIAN_POINT('Ctrl Pts',(-2.00000000000002,-28.4805549128151,-19.3047197551197));
#5973=CARTESIAN_POINT('Ctrl Pts',(-2.00000000000002,-26.8138882461484,-19.3047197551197));
#5974=CARTESIAN_POINT('Ctrl Pts',(-2.00000000000002,-25.1472215794818,-19.3047197551197));
#5975=CARTESIAN_POINT('Ctrl Pts',(-2.00000000000002,-23.4805549128151,-19.3047197551197));
#5976=CARTESIAN_POINT('Ctrl Pts',(-1.91326826404907,-28.4805549128151,-19.513268264049));
#5977=CARTESIAN_POINT('Ctrl Pts',(-1.91326826404907,-26.8138882461484,-19.513268264049));
#5978=CARTESIAN_POINT('Ctrl Pts',(-1.91326826404907,-25.1472215794818,-19.513268264049));
#5979=CARTESIAN_POINT('Ctrl Pts',(-1.91326826404907,-23.4805549128151,-19.513268264049));
#5980=CARTESIAN_POINT('Ctrl Pts',(-1.70471975511968,-28.4805549128151,-19.6));
#5981=CARTESIAN_POINT('Ctrl Pts',(-1.70471975511968,-26.8138882461484,-19.6));
#5982=CARTESIAN_POINT('Ctrl Pts',(-1.70471975511968,-25.1472215794818,-19.6));
#5983=CARTESIAN_POINT('Ctrl Pts',(-1.70471975511968,-23.4805549128151,-19.6));
#5984=CARTESIAN_POINT('Ctrl Pts',(-1.60000000000002,-28.4805549128151,-19.6));
#5985=CARTESIAN_POINT('Ctrl Pts',(-1.60000000000002,-26.8138882461484,-19.6));
#5986=CARTESIAN_POINT('Ctrl Pts',(-1.60000000000002,-25.1472215794818,-19.6));
#5987=CARTESIAN_POINT('Ctrl Pts',(-1.60000000000002,-23.4805549128151,-19.6));
#5988=CARTESIAN_POINT('',(-2.00000000000002,-23.4805549128151,-19.2));
#5989=CARTESIAN_POINT('Origin',(-1.60000000000002,-23.4805549128151,-19.2));
#5990=CARTESIAN_POINT('Ctrl Pts',(-2.00000000000002,-28.4805549128151,-19.2));
#5991=CARTESIAN_POINT('Ctrl Pts',(-2.00000000000002,-26.8138882461484,-19.2));
#5992=CARTESIAN_POINT('Ctrl Pts',(-2.00000000000002,-25.1472215794818,-19.2));
#5993=CARTESIAN_POINT('Ctrl Pts',(-2.00000000000002,-23.4805549128151,-19.2));
#5994=CARTESIAN_POINT('Ctrl Pts',(-2.00000000000002,-23.4805549128151,-19.2));
#5995=CARTESIAN_POINT('Ctrl Pts',(-2.00000000000002,-23.3683581481816,-19.2));
#5996=CARTESIAN_POINT('Ctrl Pts',(-2.09152578522895,-23.1062318345868,-19.2));
#5997=CARTESIAN_POINT('Ctrl Pts',(-2.35040431382207,-22.9805549128151,-19.2));
#5998=CARTESIAN_POINT('Ctrl Pts',(-2.50000000000006,-22.9805549128151,-19.2));
#5999=CARTESIAN_POINT('Ctrl Pts',(-2.00000000000002,-23.4805549128151,-19.3047197551197));
#6000=CARTESIAN_POINT('Ctrl Pts',(-2.00000000000002,-23.3685469473291,-19.3047197551197));
#6001=CARTESIAN_POINT('Ctrl Pts',(-2.09166414098633,-23.1065639855933,-19.3047197551197));
#6002=CARTESIAN_POINT('Ctrl Pts',(-2.35065604601877,-22.9805549128151,-19.3047197551197));
#6003=CARTESIAN_POINT('Ctrl Pts',(-2.50000000000006,-22.9805549128151,-19.3047197551197));
#6004=CARTESIAN_POINT('Ctrl Pts',(-1.91327738307968,-23.4805549128151,-19.5132773830797));
#6005=CARTESIAN_POINT('Ctrl Pts',(-1.91327738307968,-23.3488131721949,-19.5132773830797));
#6006=CARTESIAN_POINT('Ctrl Pts',(-2.02061560310303,-23.0411577735802,-19.5132773830797));
#6007=CARTESIAN_POINT('Ctrl Pts',(-2.32434434583978,-22.8938322958947,-19.5132773830797));
#6008=CARTESIAN_POINT('Ctrl Pts',(-2.50000000000006,-22.8938322958947,-19.5132773830797));
#6009=CARTESIAN_POINT('Ctrl Pts',(-1.70471975511968,-23.4805549128151,-19.6));
#6010=CARTESIAN_POINT('Ctrl Pts',(-1.70471975511968,-23.302142500926,-19.6));
#6011=CARTESIAN_POINT('Ctrl Pts',(-1.85032880526086,-22.8852476421524,-19.6));
#6012=CARTESIAN_POINT('Ctrl Pts',(-2.26211678414805,-22.6852746679347,-19.6));
#6013=CARTESIAN_POINT('Ctrl Pts',(-2.50000000000006,-22.6852746679347,-19.6));
#6014=CARTESIAN_POINT('Ctrl Pts',(-1.60000000000002,-23.4805549128151,-19.6));
#6015=CARTESIAN_POINT('Ctrl Pts',(-1.60000000000002,-23.2786007364748,-19.6));
#6016=CARTESIAN_POINT('Ctrl Pts',(-1.76474641341208,-22.8067733720042,-19.6));
#6017=CARTESIAN_POINT('Ctrl Pts',(-2.23072776487968,-22.5805549128151,-19.6));
#6018=CARTESIAN_POINT('Ctrl Pts',(-2.50000000000006,-22.5805549128151,-19.6));
#6019=CARTESIAN_POINT('',(-2.50000000000006,-22.9805549128151,-19.2));
#6020=CARTESIAN_POINT('Origin',(-2.50000000000006,-22.5805549128151,-19.2));
#6021=CARTESIAN_POINT('Ctrl Pts',(-2.00000000000002,-23.4805549128151,-19.2));
#6022=CARTESIAN_POINT('Ctrl Pts',(-2.00000000000002,-23.3683581481816,-19.2));
#6023=CARTESIAN_POINT('Ctrl Pts',(-2.09152578522895,-23.1062318345868,-19.2));
#6024=CARTESIAN_POINT('Ctrl Pts',(-2.35040431382207,-22.9805549128151,-19.2));
#6025=CARTESIAN_POINT('Ctrl Pts',(-2.50000000000006,-22.9805549128151,-19.2));
#6026=CARTESIAN_POINT('Ctrl Pts',(-2.50000000000006,-22.9805549128151,-19.2));
#6027=CARTESIAN_POINT('Ctrl Pts',(-2.83333333333339,-22.9805549128151,-19.2));
#6028=CARTESIAN_POINT('Ctrl Pts',(-3.1666666666667,-22.9805549128151,-19.2));
#6029=CARTESIAN_POINT('Ctrl Pts',(-3.50000000000002,-22.9805549128151,-19.2));
#6030=CARTESIAN_POINT('Ctrl Pts',(-2.50000000000006,-22.9805549128151,-19.3047197551197));
#6031=CARTESIAN_POINT('Ctrl Pts',(-2.83333333333339,-22.9805549128151,-19.3047197551197));
#6032=CARTESIAN_POINT('Ctrl Pts',(-3.1666666666667,-22.9805549128151,-19.3047197551197));
#6033=CARTESIAN_POINT('Ctrl Pts',(-3.50000000000002,-22.9805549128151,-19.3047197551197));
#6034=CARTESIAN_POINT('Ctrl Pts',(-2.50000000000006,-22.89383035544,-19.5132754426249));
#6035=CARTESIAN_POINT('Ctrl Pts',(-2.83333333333338,-22.89383035544,-19.5132754426249));
#6036=CARTESIAN_POINT('Ctrl Pts',(-3.1666666666667,-22.89383035544,-19.5132754426249));
#6037=CARTESIAN_POINT('Ctrl Pts',(-3.50000000000002,-22.89383035544,-19.5132754426249));
#6038=CARTESIAN_POINT('Ctrl Pts',(-2.50000000000006,-22.6852746679347,-19.6));
#6039=CARTESIAN_POINT('Ctrl Pts',(-2.83333333333339,-22.6852746679347,-19.6));
#6040=CARTESIAN_POINT('Ctrl Pts',(-3.1666666666667,-22.6852746679347,-19.6));
#6041=CARTESIAN_POINT('Ctrl Pts',(-3.50000000000002,-22.6852746679347,-19.6));
#6042=CARTESIAN_POINT('Ctrl Pts',(-2.50000000000006,-22.5805549128151,-19.6));
#6043=CARTESIAN_POINT('Ctrl Pts',(-2.83333333333338,-22.5805549128151,-19.6));
#6044=CARTESIAN_POINT('Ctrl Pts',(-3.1666666666667,-22.5805549128151,-19.6));
#6045=CARTESIAN_POINT('Ctrl Pts',(-3.50000000000002,-22.5805549128151,-19.6));
#6046=CARTESIAN_POINT('',(-3.50000000000002,-22.9805549128151,-19.2));
#6047=CARTESIAN_POINT('Origin',(-3.50000000000002,-22.5805549128151,-19.2));
#6048=CARTESIAN_POINT('Ctrl Pts',(-2.50000000000006,-22.9805549128151,-19.2));
#6049=CARTESIAN_POINT('Ctrl Pts',(-2.83333333333339,-22.9805549128151,-19.2));
#6050=CARTESIAN_POINT('Ctrl Pts',(-3.1666666666667,-22.9805549128151,-19.2));
#6051=CARTESIAN_POINT('Ctrl Pts',(-3.50000000000002,-22.9805549128151,-19.2));
#6052=CARTESIAN_POINT('Ctrl Pts',(-3.50000000000002,-22.9805549128151,-19.2));
#6053=CARTESIAN_POINT('Ctrl Pts',(-3.61219579439782,-22.9805549128151,-19.2));
#6054=CARTESIAN_POINT('Ctrl Pts',(-3.8743387390067,-23.0720945753886,-19.2));
#6055=CARTESIAN_POINT('Ctrl Pts',(-4.00000000000002,-23.3309605202846,-19.2));
#6056=CARTESIAN_POINT('Ctrl Pts',(-4.00000000000002,-23.4805549128151,-19.2));
#6057=CARTESIAN_POINT('Ctrl Pts',(-3.50000000000002,-22.9805549128151,-19.3047197551197));
#6058=CARTESIAN_POINT('Ctrl Pts',(-3.61200699688296,-22.9805549128151,-19.3047197551197));
#6059=CARTESIAN_POINT('Ctrl Pts',(-3.87400637951916,-23.0722330221094,-19.3047197551197));
#6060=CARTESIAN_POINT('Ctrl Pts',(-4.00000000000002,-23.3312122503045,-19.3047197551197));
#6061=CARTESIAN_POINT('Ctrl Pts',(-4.00000000000002,-23.4805549128151,-19.3047197551197));
#6062=CARTESIAN_POINT('Ctrl Pts',(-3.50000000000002,-22.8938273143066,-19.5132724014915));
#6063=CARTESIAN_POINT('Ctrl Pts',(-3.63174060136688,-22.8938273143066,-19.5132724014915));
#6064=CARTESIAN_POINT('Ctrl Pts',(-3.93941737192089,-23.0011835094263,-19.5132724014915));
#6065=CARTESIAN_POINT('Ctrl Pts',(-4.08672759850852,-23.3049007776592,-19.5132724014915));
#6066=CARTESIAN_POINT('Ctrl Pts',(-4.08672759850852,-23.4805549128151,-19.5132724014915));
#6067=CARTESIAN_POINT('Ctrl Pts',(-3.50000000000002,-22.6852746679347,-19.6));
#6068=CARTESIAN_POINT('Ctrl Pts',(-3.67841086904516,-22.6852746679347,-19.6));
#6069=CARTESIAN_POINT('Ctrl Pts',(-4.09533213223214,-22.8309058117078,-19.6));
#6070=CARTESIAN_POINT('Ctrl Pts',(-4.29528024488036,-23.2426737540882,-19.6));
#6071=CARTESIAN_POINT('Ctrl Pts',(-4.29528024488036,-23.4805549128151,-19.6));
#6072=CARTESIAN_POINT('Ctrl Pts',(-3.50000000000002,-22.5805549128151,-19.6));
#6073=CARTESIAN_POINT('Ctrl Pts',(-3.70195242991606,-22.5805549128151,-19.6));
#6074=CARTESIAN_POINT('Ctrl Pts',(-4.17380973021204,-22.7453263054474,-19.6));
#6075=CARTESIAN_POINT('Ctrl Pts',(-4.40000000000002,-23.2112850062603,-19.6));
#6076=CARTESIAN_POINT('Ctrl Pts',(-4.40000000000002,-23.4805549128151,-19.6));
#6077=CARTESIAN_POINT('',(-4.00000000000002,-23.4805549128151,-19.2));
#6078=CARTESIAN_POINT('Origin',(-4.40000000000002,-23.4805549128151,-19.2));
#6079=CARTESIAN_POINT('Ctrl Pts',(-3.50000000000002,-22.9805549128151,-19.2));
#6080=CARTESIAN_POINT('Ctrl Pts',(-3.61219579439782,-22.9805549128151,-19.2));
#6081=CARTESIAN_POINT('Ctrl Pts',(-3.8743387390067,-23.0720945753886,-19.2));
#6082=CARTESIAN_POINT('Ctrl Pts',(-4.00000000000002,-23.3309605202846,-19.2));
#6083=CARTESIAN_POINT('Ctrl Pts',(-4.00000000000002,-23.4805549128151,-19.2));
#6084=CARTESIAN_POINT('Ctrl Pts',(-4.00000000000002,-23.4805549128153,-19.2));
#6085=CARTESIAN_POINT('Ctrl Pts',(-4.00000000000002,-25.1472215794819,-19.2));
#6086=CARTESIAN_POINT('Ctrl Pts',(-4.00000000000002,-26.8138882461485,-19.2));
#6087=CARTESIAN_POINT('Ctrl Pts',(-4.00000000000002,-28.4805549128151,-19.2));
#6088=CARTESIAN_POINT('Ctrl Pts',(-4.00000000000002,-23.4805549128153,-19.3047197551197));
#6089=CARTESIAN_POINT('Ctrl Pts',(-4.00000000000002,-25.1472215794819,-19.3047197551197));
#6090=CARTESIAN_POINT('Ctrl Pts',(-4.00000000000002,-26.8138882461485,-19.3047197551197));
#6091=CARTESIAN_POINT('Ctrl Pts',(-4.00000000000002,-28.4805549128151,-19.3047197551197));
#6092=CARTESIAN_POINT('Ctrl Pts',(-4.08673601019251,-23.4805549128153,-19.5132639898075));
#6093=CARTESIAN_POINT('Ctrl Pts',(-4.08673601019251,-25.1472215794819,-19.5132639898075));
#6094=CARTESIAN_POINT('Ctrl Pts',(-4.08673601019251,-26.8138882461485,-19.5132639898075));
#6095=CARTESIAN_POINT('Ctrl Pts',(-4.08673601019251,-28.4805549128151,-19.5132639898075));
#6096=CARTESIAN_POINT('Ctrl Pts',(-4.29528024488036,-23.4805549128153,-19.6));
#6097=CARTESIAN_POINT('Ctrl Pts',(-4.29528024488036,-25.1472215794819,-19.6));
#6098=CARTESIAN_POINT('Ctrl Pts',(-4.29528024488036,-26.8138882461485,-19.6));
#6099=CARTESIAN_POINT('Ctrl Pts',(-4.29528024488036,-28.4805549128151,-19.6));
#6100=CARTESIAN_POINT('Ctrl Pts',(-4.40000000000002,-23.4805549128153,-19.6));
#6101=CARTESIAN_POINT('Ctrl Pts',(-4.40000000000002,-25.1472215794819,-19.6));
#6102=CARTESIAN_POINT('Ctrl Pts',(-4.40000000000002,-26.8138882461485,-19.6));
#6103=CARTESIAN_POINT('Ctrl Pts',(-4.40000000000002,-28.4805549128151,-19.6));
#6104=CARTESIAN_POINT('',(-4.00000000000002,-28.4805549128151,-19.2));
#6105=CARTESIAN_POINT('Origin',(-4.40000000000002,-28.4805549128151,-19.2));
#6106=CARTESIAN_POINT('Ctrl Pts',(-4.00000000000002,-23.4805549128153,-19.2));
#6107=CARTESIAN_POINT('Ctrl Pts',(-4.00000000000002,-25.1472215794819,-19.2));
#6108=CARTESIAN_POINT('Ctrl Pts',(-4.00000000000002,-26.8138882461485,-19.2));
#6109=CARTESIAN_POINT('Ctrl Pts',(-4.00000000000002,-28.4805549128151,-19.2));
#6110=CARTESIAN_POINT('Ctrl Pts',(-4.00000000000002,-28.4805549128152,-19.2));
#6111=CARTESIAN_POINT('Ctrl Pts',(-3.99999999999998,-28.6301505989932,-19.2));
#6112=CARTESIAN_POINT('Ctrl Pts',(-3.8743265603071,-28.8890248865721,-19.2));
#6113=CARTESIAN_POINT('Ctrl Pts',(-3.61219676463349,-28.9805549128151,-19.2));
#6114=CARTESIAN_POINT('Ctrl Pts',(-3.50000000000002,-28.9805549128151,-19.2));
#6115=CARTESIAN_POINT('Ctrl Pts',(-4.00000000000002,-28.4805549128152,-19.3047197551197));
#6116=CARTESIAN_POINT('Ctrl Pts',(-3.99999999999998,-28.6298988667965,-19.3047197551197));
#6117=CARTESIAN_POINT('Ctrl Pts',(-3.87399390623081,-28.888886226354,-19.3047197551197));
#6118=CARTESIAN_POINT('Ctrl Pts',(-3.61200796548596,-28.9805549128151,-19.3047197551197));
#6119=CARTESIAN_POINT('Ctrl Pts',(-3.50000000000002,-28.9805549128151,-19.3047197551197));
#6120=CARTESIAN_POINT('Ctrl Pts',(-4.0867365889039,-28.4805549128152,-19.5132634110961));
#6121=CARTESIAN_POINT('Ctrl Pts',(-4.08673658890385,-28.6562105669755,-19.5132634110961));
#6122=CARTESIAN_POINT('Ctrl Pts',(-3.93940638777763,-28.9599435818199,-19.5132634110961));
#6123=CARTESIAN_POINT('Ctrl Pts',(-3.63174174062019,-29.067291501719,-19.5132634110961));
#6124=CARTESIAN_POINT('Ctrl Pts',(-3.50000000000002,-29.067291501719,-19.5132634110961));
#6125=CARTESIAN_POINT('Ctrl Pts',(-4.29528024488036,-28.4805549128153,-19.6));
#6126=CARTESIAN_POINT('Ctrl Pts',(-4.29528024488029,-28.7184381286672,-19.6));
#6127=CARTESIAN_POINT('Ctrl Pts',(-4.09531269366622,-29.1302192920918,-19.6));
#6128=CARTESIAN_POINT('Ctrl Pts',(-3.67841241188899,-29.2758351576954,-19.6));
#6129=CARTESIAN_POINT('Ctrl Pts',(-3.50000000000002,-29.2758351576954,-19.6));
#6130=CARTESIAN_POINT('Ctrl Pts',(-4.40000000000002,-28.4805549128153,-19.6));
#6131=CARTESIAN_POINT('Ctrl Pts',(-4.39999999999994,-28.7498271479356,-19.6));
#6132=CARTESIAN_POINT('Ctrl Pts',(-4.17378780855276,-29.2158008655778,-19.6));
#6133=CARTESIAN_POINT('Ctrl Pts',(-3.70195417634026,-29.3805549128151,-19.6));
#6134=CARTESIAN_POINT('Ctrl Pts',(-3.50000000000002,-29.3805549128151,-19.6));
#6135=CARTESIAN_POINT('Ctrl Pts',(-4.00000000000002,-28.4805549128152,-19.2));
#6136=CARTESIAN_POINT('Ctrl Pts',(-3.99999999999998,-28.6301505989932,-19.2));
#6137=CARTESIAN_POINT('Ctrl Pts',(-3.8743265603071,-28.8890248865721,-19.2));
#6138=CARTESIAN_POINT('Ctrl Pts',(-3.61219676463349,-28.9805549128151,-19.2));
#6139=CARTESIAN_POINT('Ctrl Pts',(-3.50000000000002,-28.9805549128151,-19.2));
#6140=CARTESIAN_POINT('Origin',(-2.50000000000006,-23.4805549128151,-17.6));
#6141=CARTESIAN_POINT('',(-2.00000000000002,-23.4805549128151,-18.));
#6142=CARTESIAN_POINT('',(-2.00000000000002,-23.4805549128151,-17.6));
#6143=CARTESIAN_POINT('',(-2.50000000000006,-22.9805549128151,-18.));
#6144=CARTESIAN_POINT('Origin',(-2.50000000000006,-23.4805549128151,-18.));
#6145=CARTESIAN_POINT('',(-2.50000000000006,-22.9805549128151,-17.6));
#6146=CARTESIAN_POINT('Origin',(-2.00000000000002,-28.4805549128151,-17.6));
#6147=CARTESIAN_POINT('',(-2.00000000000002,-28.4805549128151,-18.));
#6148=CARTESIAN_POINT('',(-2.00000000000002,-28.4805549128151,-17.6));
#6149=CARTESIAN_POINT('',(-2.00000000000002,-33.6134592763685,-18.));
#6150=CARTESIAN_POINT('Origin',(-2.50000000000002,-28.4805549128151,-17.6));
#6151=CARTESIAN_POINT('',(-2.50000000000002,-28.9805549128151,-18.));
#6152=CARTESIAN_POINT('',(-2.50000000000002,-28.9805549128151,-17.6));
#6153=CARTESIAN_POINT('Origin',(-2.50000000000002,-28.4805549128151,-18.));
#6154=CARTESIAN_POINT('Origin',(-3.50000000000002,-28.9805549128151,-17.6));
#6155=CARTESIAN_POINT('',(-3.50000000000002,-28.9805549128151,-18.));
#6156=CARTESIAN_POINT('',(-3.50000000000002,-28.9805549128151,-17.6));
#6157=CARTESIAN_POINT('',(-1.75,-28.9805549128151,-18.));
#6158=CARTESIAN_POINT('Origin',(-1.25000000000002,-22.5805549128151,-18.));
#6159=CARTESIAN_POINT('',(-3.50000000000002,-22.9805549128151,-18.));
#6160=CARTESIAN_POINT('Origin',(-3.50000000000002,-22.5805549128151,-18.));
#6161=CARTESIAN_POINT('',(-1.25000000000002,-22.9805549128151,-18.));
#6162=CARTESIAN_POINT('Origin',(-2.50000000000006,-22.5805549128151,-18.));
#6163=CARTESIAN_POINT('Origin',(-2.50000000000006,-23.4805549128151,-18.));
#6164=CARTESIAN_POINT('Origin',(-1.60000000000002,-23.4805549128151,-18.));
#6165=CARTESIAN_POINT('Origin',(-1.60000000000002,-33.6134592763685,-18.));
#6166=CARTESIAN_POINT('Origin',(-1.60000000000002,-28.4805549128151,-18.));
#6167=CARTESIAN_POINT('Origin',(-2.50000000000002,-28.4805549128151,-18.));
#6168=CARTESIAN_POINT('Origin',(-2.50000000000002,-29.3805549128151,-18.));
#6169=CARTESIAN_POINT('Origin',(-1.75,-29.3805549128151,-18.));
#6170=CARTESIAN_POINT('Origin',(-3.50000000000002,-29.3805549128151,-18.));
#6171=CARTESIAN_POINT('Origin',(-3.50000000000002,-28.4805549128151,-18.));
#6172=CARTESIAN_POINT('',(-4.00000000000002,-28.4805549128151,-18.));
#6173=CARTESIAN_POINT('Origin',(-4.40000000000002,-28.4805549128151,-18.));
#6174=CARTESIAN_POINT('Origin',(-3.50000000000002,-28.4805549128151,-18.));
#6175=CARTESIAN_POINT('Origin',(-4.40000000000002,-31.1134592763685,-18.));
#6176=CARTESIAN_POINT('',(-4.00000000000002,-23.4805549128151,-18.));
#6177=CARTESIAN_POINT('Origin',(-4.40000000000002,-23.4805549128151,-18.));
#6178=CARTESIAN_POINT('',(-4.00000000000002,-31.1134592763685,-18.));
#6179=CARTESIAN_POINT('Origin',(-3.50000000000002,-23.4805549128151,-18.));
#6180=CARTESIAN_POINT('Origin',(-3.50000000000002,-23.4805549128151,-18.));
#6181=CARTESIAN_POINT('Origin',(-2.50000000000006,-22.9805549128151,-17.6));
#6182=CARTESIAN_POINT('',(-3.50000000000002,-22.9805549128151,-17.6));
#6183=CARTESIAN_POINT('Ctrl Pts',(-3.50000000000002,-1.64075941615004,-13.0462744215871));
#6184=CARTESIAN_POINT('Ctrl Pts',(-3.1666666666667,-1.64075941615004,-13.0462744215871));
#6185=CARTESIAN_POINT('Ctrl Pts',(-2.83333333333338,-1.64075941615004,-13.0462744215871));
#6186=CARTESIAN_POINT('Ctrl Pts',(-2.50000000000006,-1.64075941615004,-13.0462744215871));
#6187=CARTESIAN_POINT('Ctrl Pts',(-3.50000000000002,-1.71783802423798,-12.9923033991692));
#6188=CARTESIAN_POINT('Ctrl Pts',(-3.1666666666667,-1.71783802423798,-12.9923033991692));
#6189=CARTESIAN_POINT('Ctrl Pts',(-2.83333333333338,-1.71783802423798,-12.9923033991692));
#6190=CARTESIAN_POINT('Ctrl Pts',(-2.50000000000006,-1.71783802423798,-12.9923033991692));
#6191=CARTESIAN_POINT('Ctrl Pts',(-3.50000000000002,-1.81743241444546,-12.8485876771998));
#6192=CARTESIAN_POINT('Ctrl Pts',(-3.1666666666667,-1.81743241444546,-12.8485876771998));
#6193=CARTESIAN_POINT('Ctrl Pts',(-2.83333333333338,-1.81743241444545,-12.8485876771998));
#6194=CARTESIAN_POINT('Ctrl Pts',(-2.50000000000006,-1.81743241444545,-12.8485876771998));
#6195=CARTESIAN_POINT('Ctrl Pts',(-3.50000000000002,-1.81545944858997,-12.6778850145595));
#6196=CARTESIAN_POINT('Ctrl Pts',(-3.1666666666667,-1.81545944858997,-12.6778850145595));
#6197=CARTESIAN_POINT('Ctrl Pts',(-2.83333333333338,-1.81545944858997,-12.6778850145595));
#6198=CARTESIAN_POINT('Ctrl Pts',(-2.50000000000006,-1.81545944858997,-12.6778850145595));
#6199=CARTESIAN_POINT('Ctrl Pts',(-3.50000000000002,-1.79629090991961,-12.6099664411728));
#6200=CARTESIAN_POINT('Ctrl Pts',(-3.1666666666667,-1.79629090991961,-12.6099664411728));
#6201=CARTESIAN_POINT('Ctrl Pts',(-2.83333333333338,-1.79629090991961,-12.6099664411728));
#6202=CARTESIAN_POINT('Ctrl Pts',(-2.50000000000006,-1.79629090991961,-12.6099664411728));
#6203=CARTESIAN_POINT('',(-2.50000000000006,-1.64075941615004,-13.0462744215871));
#6204=CARTESIAN_POINT('',(-2.50000000000006,-1.7962909099196,-12.6099664411728));
#6205=CARTESIAN_POINT('Origin',(-2.50000000000006,-1.41132884160962,-12.7186136038715));
#6206=CARTESIAN_POINT('',(-3.50000000000002,-1.79629090991961,-12.6099664411728));
#6207=CARTESIAN_POINT('Ctrl Pts',(-2.50000000000006,-1.79629090991961,-12.6099664411728));
#6208=CARTESIAN_POINT('Ctrl Pts',(-2.83333333333338,-1.79629090991961,-12.6099664411728));
#6209=CARTESIAN_POINT('Ctrl Pts',(-3.1666666666667,-1.79629090991961,-12.6099664411728));
#6210=CARTESIAN_POINT('Ctrl Pts',(-3.50000000000002,-1.79629090991961,-12.6099664411728));
#6211=CARTESIAN_POINT('',(-3.50000000000002,-1.64075941615004,-13.0462744215871));
#6212=CARTESIAN_POINT('Origin',(-3.50000000000002,-1.41132884160962,-12.7186136038715));
#6213=CARTESIAN_POINT('Ctrl Pts',(-3.50000000000002,-1.64075941615004,-13.0462744215871));
#6214=CARTESIAN_POINT('Ctrl Pts',(-3.1666666666667,-1.64075941615004,-13.0462744215871));
#6215=CARTESIAN_POINT('Ctrl Pts',(-2.83333333333338,-1.64075941615004,-13.0462744215871));
#6216=CARTESIAN_POINT('Ctrl Pts',(-2.50000000000006,-1.64075941615004,-13.0462744215871));
#6217=CARTESIAN_POINT('Ctrl Pts',(-2.50000000000006,-1.64075941615004,-13.0462744215871));
#6218=CARTESIAN_POINT('Ctrl Pts',(-2.38543080107136,-1.64075941615003,-13.0462744215871));
#6219=CARTESIAN_POINT('Ctrl Pts',(-2.1201424823273,-1.64533909186804,-13.1610292004553));
#6220=CARTESIAN_POINT('Ctrl Pts',(-1.99999999999987,-1.68436680175574,-13.4465280948478));
#6221=CARTESIAN_POINT('Ctrl Pts',(-2.00000000000002,-1.70811387249988,-13.6094996179004));
#6222=CARTESIAN_POINT('Ctrl Pts',(-2.50000000000006,-1.70820319822699,-12.9990497769715));
#6223=CARTESIAN_POINT('Ctrl Pts',(-2.37891484134213,-1.70820319822699,-12.9990497769715));
#6224=CARTESIAN_POINT('Ctrl Pts',(-2.10080353326619,-1.7244710749351,-13.1200217384099));
#6225=CARTESIAN_POINT('Ctrl Pts',(-1.99151741972273,-1.77857252064525,-13.4146267614441));
#6226=CARTESIAN_POINT('Ctrl Pts',(-2.00000000000005,-1.80689846549204,-13.574745750494));
#6227=CARTESIAN_POINT('Ctrl Pts',(-2.50000000000006,-1.81280763495436,-12.8617294744234));
#6228=CARTESIAN_POINT('Ctrl Pts',(-2.35363071493724,-1.81280763495436,-12.8617294744234));
#6229=CARTESIAN_POINT('Ctrl Pts',(-2.01907095242919,-1.85121883163105,-12.9933909277047));
#6230=CARTESIAN_POINT('Ctrl Pts',(-1.8978568247701,-1.95156548195696,-13.3293076070301));
#6231=CARTESIAN_POINT('Ctrl Pts',(-1.91337516443007,-2.00372799074051,-13.5054982391672));
#6232=CARTESIAN_POINT('Ctrl Pts',(-2.50000000000006,-1.81865420503503,-12.6892047767907));
#6233=CARTESIAN_POINT('Ctrl Pts',(-2.31377040404771,-1.81865420503503,-12.6892047767907));
#6234=CARTESIAN_POINT('Ctrl Pts',(-1.88389990102622,-1.86283782865926,-12.8358839047004));
#6235=CARTESIAN_POINT('Ctrl Pts',(-1.69938706401112,-2.00507581681567,-13.2488316234018));
#6236=CARTESIAN_POINT('Ctrl Pts',(-1.7047197551197,-2.08544322312457,-13.4767496229578));
#6237=CARTESIAN_POINT('Ctrl Pts',(-2.50000000000006,-1.7962909099196,-12.6099664411728));
#6238=CARTESIAN_POINT('Ctrl Pts',(-2.29377544192841,-1.7962909099196,-12.6099664411728));
#6239=CARTESIAN_POINT('Ctrl Pts',(-1.81625646818912,-1.83885027801239,-12.7669402497352));
#6240=CARTESIAN_POINT('Ctrl Pts',(-1.59999999999974,-1.99536919430451,-13.2207226843696));
#6241=CARTESIAN_POINT('Ctrl Pts',(-1.60000000000002,-2.0854432231246,-13.4767496229579));
#6242=CARTESIAN_POINT('',(-2.00000000000002,-1.70811387249974,-13.6094996179002));
#6243=CARTESIAN_POINT('',(-1.60000000000002,-2.0854432231246,-13.4767496229579));
#6244=CARTESIAN_POINT('Origin',(-1.60000000000002,-1.70811387250012,-13.6094996179007));
#6245=CARTESIAN_POINT('Ctrl Pts',(-1.60000000000002,-2.0854432231246,-13.4767496229579));
#6246=CARTESIAN_POINT('Ctrl Pts',(-1.59999999999974,-1.99536919430451,-13.2207226843696));
#6247=CARTESIAN_POINT('Ctrl Pts',(-1.81625646818912,-1.83885027801239,-12.7669402497352));
#6248=CARTESIAN_POINT('Ctrl Pts',(-2.29377544192841,-1.7962909099196,-12.6099664411728));
#6249=CARTESIAN_POINT('Ctrl Pts',(-2.50000000000006,-1.7962909099196,-12.6099664411728));
#6250=CARTESIAN_POINT('Ctrl Pts',(-2.50000000000006,-1.64075941615004,-13.0462744215871));
#6251=CARTESIAN_POINT('Ctrl Pts',(-2.38543080107136,-1.64075941615003,-13.0462744215871));
#6252=CARTESIAN_POINT('Ctrl Pts',(-2.1201424823273,-1.64533909186804,-13.1610292004553));
#6253=CARTESIAN_POINT('Ctrl Pts',(-1.99999999999987,-1.68436680175574,-13.4465280948478));
#6254=CARTESIAN_POINT('Ctrl Pts',(-2.00000000000002,-1.70811387249988,-13.6094996179004));
#6255=CARTESIAN_POINT('Ctrl Pts',(-2.00000000000002,-1.70811387250012,-13.6094996179007));
#6256=CARTESIAN_POINT('Ctrl Pts',(-2.00000000000002,-1.83162378228564,-13.9605648972263));
#6257=CARTESIAN_POINT('Ctrl Pts',(-2.00000000000002,-2.0956094394406,-14.6564163369798));
#6258=CARTESIAN_POINT('Ctrl Pts',(-2.00000000000002,-2.9950364885019,-16.159171661954));
#6259=CARTESIAN_POINT('Ctrl Pts',(-2.00000000000002,-4.13393011142604,-16.99314827725));
#6260=CARTESIAN_POINT('Ctrl Pts',(-2.00000000000002,-5.05088834497529,-17.3727366776962));
#6261=CARTESIAN_POINT('Ctrl Pts',(-2.00000000000002,-1.80689846549226,-13.5747457504944));
#6262=CARTESIAN_POINT('Ctrl Pts',(-2.00000000000002,-1.92998936757146,-13.9246200399009));
#6263=CARTESIAN_POINT('Ctrl Pts',(-2.00000000000002,-2.19079994276255,-14.6115006046491));
#6264=CARTESIAN_POINT('Ctrl Pts',(-2.00000000000002,-3.0731259584723,-16.0847831242855));
#6265=CARTESIAN_POINT('Ctrl Pts',(-2.00000000000002,-4.18855473037783,-16.90242306653));
#6266=CARTESIAN_POINT('Ctrl Pts',(-2.00000000000002,-5.09094231198391,-17.2759797304563));
#6267=CARTESIAN_POINT('Ctrl Pts',(-1.91333765939019,-2.00369261135984,-13.5055106861521));
#6268=CARTESIAN_POINT('Ctrl Pts',(-1.91333765939019,-2.12595284626617,-13.8530238823996));
#6269=CARTESIAN_POINT('Ctrl Pts',(-1.91333765939018,-2.3803344156564,-14.521959234994));
#6270=CARTESIAN_POINT('Ctrl Pts',(-1.91333765939018,-3.22876240815961,-15.9367976104705));
#6271=CARTESIAN_POINT('Ctrl Pts',(-1.91333765939018,-4.29723418544882,-16.7216259967601));
#6272=CARTESIAN_POINT('Ctrl Pts',(-1.91333765939018,-5.17073599222612,-17.083224967673));
#6273=CARTESIAN_POINT('Ctrl Pts',(-1.70471975511968,-2.08544322312461,-13.4767496229579));
#6274=CARTESIAN_POINT('Ctrl Pts',(-1.70471975511968,-2.20735222675967,-13.8232644774159));
#6275=CARTESIAN_POINT('Ctrl Pts',(-1.70471975511968,-2.45922055729259,-14.4848572383402));
#6276=CARTESIAN_POINT('Ctrl Pts',(-1.70471975511968,-3.29330912663916,-15.8750071491873));
#6277=CARTESIAN_POINT('Ctrl Pts',(-1.70471975511968,-4.34259520393427,-16.6466094676538));
#6278=CARTESIAN_POINT('Ctrl Pts',(-1.70471975511968,-5.203883229132,-17.003152363335));
#6279=CARTESIAN_POINT('Ctrl Pts',(-1.60000000000002,-2.08544322312461,-13.4767496229579));
#6280=CARTESIAN_POINT('Ctrl Pts',(-1.60000000000002,-2.20735558709818,-13.8232740288615));
#6281=CARTESIAN_POINT('Ctrl Pts',(-1.60000000000002,-2.45913806164325,-14.4848056822737));
#6282=CARTESIAN_POINT('Ctrl Pts',(-1.60000000000002,-3.29336720171403,-15.8751792098531));
#6283=CARTESIAN_POINT('Ctrl Pts',(-1.60000000000002,-4.34247835089755,-16.6465610946138));
#6284=CARTESIAN_POINT('Ctrl Pts',(-1.60000000000002,-5.203883229132,-17.003152363335));
#6285=CARTESIAN_POINT('',(-2.00000000000002,-5.0508883449397,-17.3727366776454));
#6286=CARTESIAN_POINT('',(-1.60000000000002,-5.203883229132,-17.003152363335));
#6287=CARTESIAN_POINT('Origin',(-1.60000000000002,-5.05088834497529,-17.3727366776962));
#6288=CARTESIAN_POINT('Ctrl Pts',(-1.60000000000002,-5.203883229132,-17.003152363335));
#6289=CARTESIAN_POINT('Ctrl Pts',(-1.60000000000002,-4.34247835089755,-16.6465610946138));
#6290=CARTESIAN_POINT('Ctrl Pts',(-1.60000000000002,-3.29336720171403,-15.8751792098531));
#6291=CARTESIAN_POINT('Ctrl Pts',(-1.60000000000002,-2.45913806164325,-14.4848056822737));
#6292=CARTESIAN_POINT('Ctrl Pts',(-1.60000000000002,-2.20735558709818,-13.8232740288615));
#6293=CARTESIAN_POINT('Ctrl Pts',(-1.60000000000002,-2.08544322312461,-13.4767496229579));
#6294=CARTESIAN_POINT('Ctrl Pts',(-2.00000000000002,-1.70811387250012,-13.6094996179007));
#6295=CARTESIAN_POINT('Ctrl Pts',(-2.00000000000002,-1.83162378228564,-13.9605648972263));
#6296=CARTESIAN_POINT('Ctrl Pts',(-2.00000000000002,-2.0956094394406,-14.6564163369798));
#6297=CARTESIAN_POINT('Ctrl Pts',(-2.00000000000002,-2.9950364885019,-16.159171661954));
#6298=CARTESIAN_POINT('Ctrl Pts',(-2.00000000000002,-4.13393011142604,-16.99314827725));
#6299=CARTESIAN_POINT('Ctrl Pts',(-2.00000000000002,-5.05088834497529,-17.3727366776962));
#6300=CARTESIAN_POINT('Ctrl Pts',(-2.00000000000002,-5.05088834494369,-17.372736677651));
#6301=CARTESIAN_POINT('Ctrl Pts',(-2.00000000001962,-5.265908401258,-17.3956271653613));
#6302=CARTESIAN_POINT('Ctrl Pts',(-2.08040746200827,-5.5807098810771,-17.4033769301961));
#6303=CARTESIAN_POINT('Ctrl Pts',(-2.31110113850138,-5.84791218366705,-17.3943661323464));
#6304=CARTESIAN_POINT('Ctrl Pts',(-2.4368173917031,-5.89501249430727,-17.3920618793783));
#6305=CARTESIAN_POINT('Ctrl Pts',(-2.50000000000002,-5.89501249430727,-17.3920618793783));
#6306=CARTESIAN_POINT('Ctrl Pts',(-1.99999999999225,-5.09094231195042,-17.2759797304156));
#6307=CARTESIAN_POINT('Ctrl Pts',(-1.98364456296848,-5.29743978997179,-17.306331346054));
#6308=CARTESIAN_POINT('Ctrl Pts',(-2.04785948310008,-5.6159367260224,-17.3397025379185));
#6309=CARTESIAN_POINT('Ctrl Pts',(-2.29246426376389,-5.89235475696424,-17.3570279484471));
#6310=CARTESIAN_POINT('Ctrl Pts',(-2.43053122837745,-5.94139369321433,-17.3595854142724));
#6311=CARTESIAN_POINT('Ctrl Pts',(-2.50000000000002,-5.94139369321433,-17.3595854142724));
#6312=CARTESIAN_POINT('Ctrl Pts',(-1.91333074854056,-5.17073334888978,-17.0832313529917));
#6313=CARTESIAN_POINT('Ctrl Pts',(-1.88340951952417,-5.37522550696218,-17.1485452214883));
#6314=CARTESIAN_POINT('Ctrl Pts',(-1.94943079317862,-5.70555532913504,-17.2399458180848));
#6315=CARTESIAN_POINT('Ctrl Pts',(-2.2461350080623,-5.99639318565734,-17.3037621473224));
#6316=CARTESIAN_POINT('Ctrl Pts',(-2.41485000557771,-6.0481310266175,-17.3146484184837));
#6317=CARTESIAN_POINT('Ctrl Pts',(-2.50000000000002,-6.0481310266175,-17.3146484184837));
#6318=CARTESIAN_POINT('Ctrl Pts',(-1.70471975511473,-5.20388322912078,-17.0031523633303));
#6319=CARTESIAN_POINT('Ctrl Pts',(-1.69443768402576,-5.44373106528005,-17.1028002005788));
#6320=CARTESIAN_POINT('Ctrl Pts',(-1.81299877330034,-5.80300362832678,-17.2223087308324));
#6321=CARTESIAN_POINT('Ctrl Pts',(-2.1886400764028,-6.10967174152589,-17.304248013255));
#6322=CARTESIAN_POINT('Ctrl Pts',(-2.39580199971088,-6.16390270180341,-17.3176668878275));
#6323=CARTESIAN_POINT('Ctrl Pts',(-2.50000000000002,-6.16390270180341,-17.3176668878275));
#6324=CARTESIAN_POINT('Ctrl Pts',(-1.60000000000002,-5.20388322913203,-17.003152363335));
#6325=CARTESIAN_POINT('Ctrl Pts',(-1.60000000003529,-5.46712214881503,-17.1121240010844));
#6326=CARTESIAN_POINT('Ctrl Pts',(-1.74473343161494,-5.84562835491959,-17.2352865392639));
#6327=CARTESIAN_POINT('Ctrl Pts',(-2.15998204930219,-6.16313144606902,-17.3175628219746));
#6328=CARTESIAN_POINT('Ctrl Pts',(-2.38627130506556,-6.21892161931178,-17.3310405602492));
#6329=CARTESIAN_POINT('Ctrl Pts',(-2.50000000000002,-6.21892161931178,-17.3310405602492));
#6330=CARTESIAN_POINT('',(-2.50000000000002,-5.89501249430727,-17.3920618793783));
#6331=CARTESIAN_POINT('',(-2.50000000000002,-6.21892161931178,-17.3310405602492));
#6332=CARTESIAN_POINT('Origin',(-2.50000000000002,-6.12444306884768,-17.7197226970939));
#6333=CARTESIAN_POINT('Ctrl Pts',(-2.50000000000002,-6.21892161931178,-17.3310405602492));
#6334=CARTESIAN_POINT('Ctrl Pts',(-2.38627130506556,-6.21892161931178,-17.3310405602492));
#6335=CARTESIAN_POINT('Ctrl Pts',(-2.15998204930219,-6.16313144606902,-17.3175628219746));
#6336=CARTESIAN_POINT('Ctrl Pts',(-1.74473343161494,-5.84562835491959,-17.2352865392639));
#6337=CARTESIAN_POINT('Ctrl Pts',(-1.60000000003529,-5.46712214881503,-17.1121240010844));
#6338=CARTESIAN_POINT('Ctrl Pts',(-1.60000000000002,-5.20388322913203,-17.003152363335));
#6339=CARTESIAN_POINT('Ctrl Pts',(-2.00000000000002,-5.05088834494369,-17.372736677651));
#6340=CARTESIAN_POINT('Ctrl Pts',(-2.00000000001962,-5.265908401258,-17.3956271653613));
#6341=CARTESIAN_POINT('Ctrl Pts',(-2.08040746200827,-5.5807098810771,-17.4033769301961));
#6342=CARTESIAN_POINT('Ctrl Pts',(-2.31110113850138,-5.84791218366705,-17.3943661323464));
#6343=CARTESIAN_POINT('Ctrl Pts',(-2.4368173917031,-5.89501249430727,-17.3920618793783));
#6344=CARTESIAN_POINT('Ctrl Pts',(-2.50000000000002,-5.89501249430727,-17.3920618793783));
#6345=CARTESIAN_POINT('Ctrl Pts',(-2.50000000000002,-5.89501249430727,-17.3920618793783));
#6346=CARTESIAN_POINT('Ctrl Pts',(-2.83333333333335,-5.89501249430727,-17.3920618793783));
#6347=CARTESIAN_POINT('Ctrl Pts',(-3.16666666666668,-5.89501249430727,-17.3920618793783));
#6348=CARTESIAN_POINT('Ctrl Pts',(-3.50000000000002,-5.89501249430727,-17.3920618793783));
#6349=CARTESIAN_POINT('Ctrl Pts',(-2.50000000000002,-5.98777489212139,-17.3271089491665));
#6350=CARTESIAN_POINT('Ctrl Pts',(-2.83333333333335,-5.98777489212139,-17.3271089491665));
#6351=CARTESIAN_POINT('Ctrl Pts',(-3.16666666666668,-5.98777489212139,-17.3271089491665));
#6352=CARTESIAN_POINT('Ctrl Pts',(-3.50000000000002,-5.98777489212139,-17.3271089491665));
#6353=CARTESIAN_POINT('Ctrl Pts',(-2.50000000000002,-6.10888378429505,-17.3042932154059));
#6354=CARTESIAN_POINT('Ctrl Pts',(-2.83333333333335,-6.10888378429505,-17.3042932154059));
#6355=CARTESIAN_POINT('Ctrl Pts',(-3.16666666666668,-6.10888378429505,-17.3042932154059));
#6356=CARTESIAN_POINT('Ctrl Pts',(-3.50000000000002,-6.10888378429505,-17.3042932154059));
#6357=CARTESIAN_POINT('Ctrl Pts',(-2.50000000000002,-6.21892161931178,-17.3310405602492));
#6358=CARTESIAN_POINT('Ctrl Pts',(-2.83333333333335,-6.21892161931178,-17.3310405602492));
#6359=CARTESIAN_POINT('Ctrl Pts',(-3.16666666666668,-6.21892161931178,-17.3310405602492));
#6360=CARTESIAN_POINT('Ctrl Pts',(-3.50000000000002,-6.21892161931178,-17.3310405602492));
#6361=CARTESIAN_POINT('',(-3.50000000000002,-5.89501249430727,-17.3920618793783));
#6362=CARTESIAN_POINT('',(-3.50000000000002,-6.21892161931178,-17.3310405602492));
#6363=CARTESIAN_POINT('Origin',(-3.50000000000002,-6.12444306884769,-17.7197226970939));
#6364=CARTESIAN_POINT('Ctrl Pts',(-3.50000000000002,-6.21892161931178,-17.3310405602492));
#6365=CARTESIAN_POINT('Ctrl Pts',(-3.16666666666668,-6.21892161931178,-17.3310405602492));
#6366=CARTESIAN_POINT('Ctrl Pts',(-2.83333333333335,-6.21892161931178,-17.3310405602492));
#6367=CARTESIAN_POINT('Ctrl Pts',(-2.50000000000002,-6.21892161931178,-17.3310405602492));
#6368=CARTESIAN_POINT('Ctrl Pts',(-2.50000000000002,-5.89501249430727,-17.3920618793783));
#6369=CARTESIAN_POINT('Ctrl Pts',(-2.83333333333335,-5.89501249430727,-17.3920618793783));
#6370=CARTESIAN_POINT('Ctrl Pts',(-3.16666666666668,-5.89501249430727,-17.3920618793783));
#6371=CARTESIAN_POINT('Ctrl Pts',(-3.50000000000002,-5.89501249430727,-17.3920618793783));
#6372=CARTESIAN_POINT('Ctrl Pts',(-3.50000000000002,-5.89501249430727,-17.3920618793783));
#6373=CARTESIAN_POINT('Ctrl Pts',(-3.5631820179231,-5.89501249430727,-17.3920618793783));
#6374=CARTESIAN_POINT('Ctrl Pts',(-3.68890515500944,-5.84790428384689,-17.3943663091033));
#6375=CARTESIAN_POINT('Ctrl Pts',(-3.9195879224648,-5.58071170461051,-17.4033768249687));
#6376=CARTESIAN_POINT('Ctrl Pts',(-3.99999999998043,-5.26590639212568,-17.3956269514742));
#6377=CARTESIAN_POINT('Ctrl Pts',(-4.00000000000002,-5.05088834494364,-17.372736677651));
#6378=CARTESIAN_POINT('Ctrl Pts',(-3.50000000000002,-5.94139369321433,-17.3595854142724));
#6379=CARTESIAN_POINT('Ctrl Pts',(-3.56946812251128,-5.94139369321433,-17.3595854142724));
#6380=CARTESIAN_POINT('Ctrl Pts',(-3.70754236879798,-5.89234656652962,-17.357027332586));
#6381=CARTESIAN_POINT('Ctrl Pts',(-3.95213539474823,-5.61593850569504,-17.3397025050468));
#6382=CARTESIAN_POINT('Ctrl Pts',(-4.01635528420751,-5.29743786047344,-17.3063310624505));
#6383=CARTESIAN_POINT('Ctrl Pts',(-4.00000000000778,-5.09094231195038,-17.2759797304156));
#6384=CARTESIAN_POINT('Ctrl Pts',(-3.50000000000002,-6.04813114796611,-17.314649062618));
#6385=CARTESIAN_POINT('Ctrl Pts',(-3.58514919878678,-6.04813114796611,-17.314649062618));
#6386=CARTESIAN_POINT('Ctrl Pts',(-3.75387388715689,-5.99638432089199,-17.3037616610504));
#6387=CARTESIAN_POINT('Ctrl Pts',(-4.05056313402855,-5.70555718828528,-17.239947143355));
#6388=CARTESIAN_POINT('Ctrl Pts',(-4.11659523623026,-5.37522167024888,-17.1485492636528));
#6389=CARTESIAN_POINT('Ctrl Pts',(-4.08667428679572,-5.17073142293803,-17.0832360054449));
#6390=CARTESIAN_POINT('Ctrl Pts',(-3.50000000000002,-6.16390270180341,-17.3176668878275));
#6391=CARTESIAN_POINT('Ctrl Pts',(-3.60419702667038,-6.16390270180341,-17.3176668878275));
#6392=CARTESIAN_POINT('Ctrl Pts',(-3.81137010221343,-6.10966262306718,-17.3042455391253));
#6393=CARTESIAN_POINT('Ctrl Pts',(-4.18699353349942,-5.80300561046215,-17.2223092655503));
#6394=CARTESIAN_POINT('Ctrl Pts',(-4.30556221989934,-5.44372882415716,-17.1027992694758));
#6395=CARTESIAN_POINT('Ctrl Pts',(-4.2952802448853,-5.20388322912074,-17.0031523633303));
#6396=CARTESIAN_POINT('Ctrl Pts',(-3.50000000000002,-6.21892161931178,-17.3310405602492));
#6397=CARTESIAN_POINT('Ctrl Pts',(-3.61372763226156,-6.21892161931178,-17.3310405602492));
#6398=CARTESIAN_POINT('Ctrl Pts',(-3.84002927901698,-6.16312203908284,-17.3175602615246));
#6399=CARTESIAN_POINT('Ctrl Pts',(-4.25525826043665,-5.84563051704195,-17.2352870360184));
#6400=CARTESIAN_POINT('Ctrl Pts',(-4.39999999996476,-5.46711968912751,-17.1121229828604));
#6401=CARTESIAN_POINT('Ctrl Pts',(-4.40000000000002,-5.20388322913199,-17.0031523633349));
#6402=CARTESIAN_POINT('',(-4.00000000000002,-5.05088834492387,-17.3727366776228));
#6403=CARTESIAN_POINT('',(-4.40000000000002,-5.20388322913198,-17.0031523633349));
#6404=CARTESIAN_POINT('Origin',(-4.40000000000002,-5.05088834497527,-17.3727366776962));
#6405=CARTESIAN_POINT('Ctrl Pts',(-4.40000000000002,-5.20388322913199,-17.0031523633349));
#6406=CARTESIAN_POINT('Ctrl Pts',(-4.39999999996476,-5.46711968912751,-17.1121229828604));
#6407=CARTESIAN_POINT('Ctrl Pts',(-4.25525826043665,-5.84563051704195,-17.2352870360184));
#6408=CARTESIAN_POINT('Ctrl Pts',(-3.84002927901698,-6.16312203908284,-17.3175602615246));
#6409=CARTESIAN_POINT('Ctrl Pts',(-3.61372763226156,-6.21892161931178,-17.3310405602492));
#6410=CARTESIAN_POINT('Ctrl Pts',(-3.50000000000002,-6.21892161931178,-17.3310405602492));
#6411=CARTESIAN_POINT('Ctrl Pts',(-3.50000000000002,-5.89501249430727,-17.3920618793783));
#6412=CARTESIAN_POINT('Ctrl Pts',(-3.5631820179231,-5.89501249430727,-17.3920618793783));
#6413=CARTESIAN_POINT('Ctrl Pts',(-3.68890515500944,-5.84790428384689,-17.3943663091033));
#6414=CARTESIAN_POINT('Ctrl Pts',(-3.9195879224648,-5.58071170461051,-17.4033768249687));
#6415=CARTESIAN_POINT('Ctrl Pts',(-3.99999999998043,-5.26590639212568,-17.3956269514742));
#6416=CARTESIAN_POINT('Ctrl Pts',(-4.00000000000002,-5.05088834494364,-17.372736677651));
#6417=CARTESIAN_POINT('Ctrl Pts',(-4.00000000000002,-5.05088834494036,-17.3727366776817));
#6418=CARTESIAN_POINT('Ctrl Pts',(-4.00000000000002,-4.36315746951444,-17.088040326863));
#6419=CARTESIAN_POINT('Ctrl Pts',(-4.00000000000002,-3.29745938243926,-16.4076839748536));
#6420=CARTESIAN_POINT('Ctrl Pts',(-4.00000000000002,-2.2397166576225,-15.0049606889308));
#6421=CARTESIAN_POINT('Ctrl Pts',(-4.00000000000002,-1.87279667366786,-14.0775949609583));
#6422=CARTESIAN_POINT('Ctrl Pts',(-4.00000000000002,-1.70811387250011,-13.6094996179007));
#6423=CARTESIAN_POINT('Ctrl Pts',(-4.00000000000002,-5.09094231194954,-17.275979730442));
#6424=CARTESIAN_POINT('Ctrl Pts',(-4.00000000000002,-4.41413961934574,-16.9958072622665));
#6425=CARTESIAN_POINT('Ctrl Pts',(-4.00000000000002,-3.36909072715321,-16.3280138478732));
#6426=CARTESIAN_POINT('Ctrl Pts',(-4.00000000000002,-2.33259149094299,-14.9537628857998));
#6427=CARTESIAN_POINT('Ctrl Pts',(-4.00000000000002,-1.9710225798072,-14.041253078822));
#6428=CARTESIAN_POINT('Ctrl Pts',(-4.00000000000002,-1.80689846549225,-13.5747457504943));
#6429=CARTESIAN_POINT('Ctrl Pts',(-4.08667149926766,-5.17073248912338,-17.0832334298999));
#6430=CARTESIAN_POINT('Ctrl Pts',(-4.08667149926766,-4.51559451197078,-16.8120293905835));
#6431=CARTESIAN_POINT('Ctrl Pts',(-4.08667149926766,-3.51182537473995,-16.1694787927612));
#6432=CARTESIAN_POINT('Ctrl Pts',(-4.08667149926765,-2.5174652075486,-14.8517091144115));
#6433=CARTESIAN_POINT('Ctrl Pts',(-4.08667149926765,-2.16670051022001,-13.9688728739489));
#6434=CARTESIAN_POINT('Ctrl Pts',(-4.08667149926765,-2.00368397178382,-13.5055137256815));
#6435=CARTESIAN_POINT('Ctrl Pts',(-4.29528024488036,-5.20388322909919,-17.0031523633214));
#6436=CARTESIAN_POINT('Ctrl Pts',(-4.29528024488036,-4.55790575063749,-16.7357404477007));
#6437=CARTESIAN_POINT('Ctrl Pts',(-4.29528024488036,-3.57106682025717,-16.1033486658375));
#6438=CARTESIAN_POINT('Ctrl Pts',(-4.29528024488036,-2.59448672602989,-14.809406114001));
#6439=CARTESIAN_POINT('Ctrl Pts',(-4.29528024488036,-2.24799144489121,-13.9387776252248));
#6440=CARTESIAN_POINT('Ctrl Pts',(-4.29528024488036,-2.08544322312459,-13.4767496229579));
#6441=CARTESIAN_POINT('Ctrl Pts',(-4.40000000000002,-5.20388322909919,-17.0031523633214));
#6442=CARTESIAN_POINT('Ctrl Pts',(-4.40000000000002,-4.55781810930521,-16.7357041672771));
#6443=CARTESIAN_POINT('Ctrl Pts',(-4.40000000000002,-3.57110040995998,-16.1034932601656));
#6444=CARTESIAN_POINT('Ctrl Pts',(-4.40000000000002,-2.59437052695433,-14.8093523971141));
#6445=CARTESIAN_POINT('Ctrl Pts',(-4.40000000000001,-2.24799592542204,-13.9387903607115));
#6446=CARTESIAN_POINT('Ctrl Pts',(-4.40000000000001,-2.08544322312459,-13.4767496229579));
#6447=CARTESIAN_POINT('',(-4.00000000000002,-1.70811387249984,-13.6094996179003));
#6448=CARTESIAN_POINT('',(-4.40000000000001,-2.08544322312459,-13.4767496229579));
#6449=CARTESIAN_POINT('Origin',(-4.40000000000002,-1.70811387250011,-13.6094996179007));
#6450=CARTESIAN_POINT('Ctrl Pts',(-4.40000000000001,-2.08544322312459,-13.4767496229579));
#6451=CARTESIAN_POINT('Ctrl Pts',(-4.40000000000001,-2.24799592542204,-13.9387903607115));
#6452=CARTESIAN_POINT('Ctrl Pts',(-4.40000000000002,-2.59437052695433,-14.8093523971141));
#6453=CARTESIAN_POINT('Ctrl Pts',(-4.40000000000002,-3.57110040995998,-16.1034932601656));
#6454=CARTESIAN_POINT('Ctrl Pts',(-4.40000000000002,-4.55781810930521,-16.7357041672771));
#6455=CARTESIAN_POINT('Ctrl Pts',(-4.40000000000002,-5.20388322909919,-17.0031523633214));
#6456=CARTESIAN_POINT('Ctrl Pts',(-4.00000000000002,-5.05088834494036,-17.3727366776817));
#6457=CARTESIAN_POINT('Ctrl Pts',(-4.00000000000002,-4.36315746951444,-17.088040326863));
#6458=CARTESIAN_POINT('Ctrl Pts',(-4.00000000000002,-3.29745938243926,-16.4076839748536));
#6459=CARTESIAN_POINT('Ctrl Pts',(-4.00000000000002,-2.2397166576225,-15.0049606889308));
#6460=CARTESIAN_POINT('Ctrl Pts',(-4.00000000000002,-1.87279667366786,-14.0775949609583));
#6461=CARTESIAN_POINT('Ctrl Pts',(-4.00000000000002,-1.70811387250011,-13.6094996179007));
#6462=CARTESIAN_POINT('Ctrl Pts',(-4.00000000000002,-1.70811387249987,-13.6094996179003));
#6463=CARTESIAN_POINT('Ctrl Pts',(-4.00000000000013,-1.69030368482339,-13.4872717674525));
#6464=CARTESIAN_POINT('Ctrl Pts',(-3.93712967294665,-1.66165987899119,-13.2833568033206));
#6465=CARTESIAN_POINT('Ctrl Pts',(-3.72857714203571,-1.64184079487025,-13.0893454448623));
#6466=CARTESIAN_POINT('Ctrl Pts',(-3.57637897113852,-1.64075941615004,-13.0462744215871));
#6467=CARTESIAN_POINT('Ctrl Pts',(-3.50000000000002,-1.64075941615004,-13.0462744215871));
#6468=CARTESIAN_POINT('Ctrl Pts',(-3.99999999999999,-1.80689846549203,-13.5747457504939));
#6469=CARTESIAN_POINT('Ctrl Pts',(-4.00636189399304,-1.78565414448628,-13.4546572866884));
#6470=CARTESIAN_POINT('Ctrl Pts',(-3.95186733754325,-1.74766609606296,-13.2463710947301));
#6471=CARTESIAN_POINT('Ctrl Pts',(-3.74144334030646,-1.71380882035228,-13.0447283031948));
#6472=CARTESIAN_POINT('Ctrl Pts',(-3.5807229161495,-1.70820319822699,-12.9990497769715));
#6473=CARTESIAN_POINT('Ctrl Pts',(-3.50000000000002,-1.70820319822699,-12.9990497769715));
#6474=CARTESIAN_POINT('Ctrl Pts',(-4.08664023401873,-2.00371346502381,-13.5055033495271));
#6475=CARTESIAN_POINT('Ctrl Pts',(-4.09827891336361,-1.96459183688195,-13.3733612314946));
#6476=CARTESIAN_POINT('Ctrl Pts',(-4.04029937411313,-1.89430082698929,-13.1368799269639));
#6477=CARTESIAN_POINT('Ctrl Pts',(-3.79111642846121,-1.82701729447613,-12.9117196752803));
#6478=CARTESIAN_POINT('Ctrl Pts',(-3.59757889121958,-1.81279947372593,-12.8617265651755));
#6479=CARTESIAN_POINT('Ctrl Pts',(-3.50000000000002,-1.81279947372593,-12.8617265651755));
#6480=CARTESIAN_POINT('Ctrl Pts',(-4.29528024488034,-2.08544322312455,-13.4767496229577));
#6481=CARTESIAN_POINT('Ctrl Pts',(-4.29927973730143,-2.02516805887988,-13.3058122306926));
#6482=CARTESIAN_POINT('Ctrl Pts',(-4.20451372676549,-1.92304660173393,-13.0107451226963));
#6483=CARTESIAN_POINT('Ctrl Pts',(-3.87136812520506,-1.8348984804058,-12.7450574207601));
#6484=CARTESIAN_POINT('Ctrl Pts',(-3.62415225965954,-1.81865420503504,-12.6892047767907));
#6485=CARTESIAN_POINT('Ctrl Pts',(-3.50000000000002,-1.81865420503504,-12.6892047767907));
#6486=CARTESIAN_POINT('Ctrl Pts',(-4.40000000000002,-2.08544322312458,-13.4767496229578));
#6487=CARTESIAN_POINT('Ctrl Pts',(-4.40000000000021,-2.01788813915879,-13.2847306629934));
#6488=CARTESIAN_POINT('Ctrl Pts',(-4.28683341130395,-1.90454084120847,-12.9588439466484));
#6489=CARTESIAN_POINT('Ctrl Pts',(-3.91143885566426,-1.81191831387664,-12.6695373820723));
#6490=CARTESIAN_POINT('Ctrl Pts',(-3.63748214804931,-1.79629090991961,-12.6099664411727));
#6491=CARTESIAN_POINT('Ctrl Pts',(-3.50000000000002,-1.79629090991961,-12.6099664411727));
#6492=CARTESIAN_POINT('Ctrl Pts',(-3.50000000000002,-1.79629090991961,-12.6099664411727));
#6493=CARTESIAN_POINT('Ctrl Pts',(-3.63748214804931,-1.79629090991961,-12.6099664411727));
#6494=CARTESIAN_POINT('Ctrl Pts',(-3.91143885566426,-1.81191831387664,-12.6695373820723));
#6495=CARTESIAN_POINT('Ctrl Pts',(-4.28683341130395,-1.90454084120847,-12.9588439466484));
#6496=CARTESIAN_POINT('Ctrl Pts',(-4.40000000000021,-2.01788813915879,-13.2847306629934));
#6497=CARTESIAN_POINT('Ctrl Pts',(-4.40000000000002,-2.08544322312458,-13.4767496229578));
#6498=CARTESIAN_POINT('Ctrl Pts',(-4.00000000000002,-1.70811387249987,-13.6094996179003));
#6499=CARTESIAN_POINT('Ctrl Pts',(-4.00000000000013,-1.69030368482339,-13.4872717674525));
#6500=CARTESIAN_POINT('Ctrl Pts',(-3.93712967294665,-1.66165987899119,-13.2833568033206));
#6501=CARTESIAN_POINT('Ctrl Pts',(-3.72857714203571,-1.64184079487025,-13.0893454448623));
#6502=CARTESIAN_POINT('Ctrl Pts',(-3.57637897113852,-1.64075941615004,-13.0462744215871));
#6503=CARTESIAN_POINT('Ctrl Pts',(-3.50000000000002,-1.64075941615004,-13.0462744215871));
#6504=CARTESIAN_POINT('Origin',(-2.50000000000002,-3.48807244004346,-18.467032155012));
#6505=CARTESIAN_POINT('',(-2.00000000000002,-3.80180959637868,-18.2473510331296));
#6506=CARTESIAN_POINT('',(-2.00000000000002,-3.48807244004346,-18.467032155012));
#6507=CARTESIAN_POINT('',(-2.50000000000002,-4.60054648009714,-18.2984567404845));
#6508=CARTESIAN_POINT('Ctrl Pts',(-2.50000000000002,-4.60054648009714,-18.2984567404845));
#6509=CARTESIAN_POINT('Ctrl Pts',(-2.41706923253764,-4.60054648009714,-18.2984567404845));
#6510=CARTESIAN_POINT('Ctrl Pts',(-2.25341062684887,-4.52470755348211,-18.2979198738354));
#6511=CARTESIAN_POINT('Ctrl Pts',(-2.05539413262379,-4.22748706516804,-18.2884316461733));
#6512=CARTESIAN_POINT('Ctrl Pts',(-2.00000000000003,-3.9589694247189,-18.26646161456));
#6513=CARTESIAN_POINT('Ctrl Pts',(-2.00000000000002,-3.8018095963787,-18.2473510331297));
#6514=CARTESIAN_POINT('',(-2.50000000000002,-3.77486065821898,-18.8766081771565));
#6515=CARTESIAN_POINT('Origin',(-2.00000000000002,-3.48807244004346,-18.467032155012));
#6516=CARTESIAN_POINT('',(-2.00000000000002,0.234453494816352,-14.9696999319996));
#6517=CARTESIAN_POINT('',(-2.00000000000002,-0.620190258288251,-14.3712719335671));
#6518=CARTESIAN_POINT('Ctrl Pts',(-2.00000000000002,-3.8018095963787,-18.2473510331297));
#6519=CARTESIAN_POINT('Ctrl Pts',(-2.00000000000002,-2.18886828203144,-17.5538774033976));
#6520=CARTESIAN_POINT('Ctrl Pts',(-2.00000000000002,-0.775051586584286,
-16.4061486256048));
#6521=CARTESIAN_POINT('Ctrl Pts',(-2.00000000000002,0.23445349480466,-14.9696999320163));
#6522=CARTESIAN_POINT('Origin',(-2.50000000000006,-0.620190258288251,-14.3712719335671));
#6523=CARTESIAN_POINT('',(-2.50000000000006,0.488702823625488,-14.5373399342109));
#6524=CARTESIAN_POINT('',(-2.50000000000006,-0.333402040112702,-13.9616959114225));
#6525=CARTESIAN_POINT('Ctrl Pts',(-2.00000000000002,0.234453494815706,-14.9696999320006));
#6526=CARTESIAN_POINT('Ctrl Pts',(-1.99999999999519,0.299123233424177,-14.8779489214213));
#6527=CARTESIAN_POINT('Ctrl Pts',(-2.0915913215196,0.435722468967042,-14.6536564449644));
#6528=CARTESIAN_POINT('Ctrl Pts',(-2.3503316897209,0.488702823625488,-14.5373399342109));
#6529=CARTESIAN_POINT('Ctrl Pts',(-2.50000000000006,0.488702823625488,-14.5373399342109));
#6530=CARTESIAN_POINT('Origin',(-2.50000000000006,-0.333402040112702,-13.9616959114225));
#6531=CARTESIAN_POINT('',(-3.50000000000002,0.488702823625487,-14.5373399342109));
#6532=CARTESIAN_POINT('',(-3.50000000000002,-0.333402040112702,-13.9616959114225));
#6533=CARTESIAN_POINT('Ctrl Pts',(-2.50000000000006,0.48870282362549,-14.5373399342109));
#6534=CARTESIAN_POINT('Ctrl Pts',(-2.83333333333338,0.488702823625489,-14.5373399342109));
#6535=CARTESIAN_POINT('Ctrl Pts',(-3.1666666666667,0.488702823625488,-14.5373399342109));
#6536=CARTESIAN_POINT('Ctrl Pts',(-3.50000000000002,0.488702823625487,-14.5373399342109));
#6537=CARTESIAN_POINT('Ctrl Pts',(12.9999999999999,-2.02950335052949,-11.1232236278259));
#6538=CARTESIAN_POINT('Ctrl Pts',(-18.2000000000001,-2.02950335052959,-11.1232236278259));
#6539=CARTESIAN_POINT('Ctrl Pts',(12.9999999999999,-1.98934293856395,-11.1802286809985));
#6540=CARTESIAN_POINT('Ctrl Pts',(-18.2000000000001,-1.98934293856405,-11.1802286809985));
#6541=CARTESIAN_POINT('Ctrl Pts',(12.9999999999999,-1.89906343205003,-11.3191573018592));
#6542=CARTESIAN_POINT('Ctrl Pts',(-18.2000000000001,-1.89906343205013,-11.3191573018592));
#6543=CARTESIAN_POINT('Ctrl Pts',(12.9999999999999,-1.78550372108207,-11.539395090951));
#6544=CARTESIAN_POINT('Ctrl Pts',(-18.2000000000001,-1.78550372108217,-11.539395090951));
#6545=CARTESIAN_POINT('Ctrl Pts',(12.9999999999999,-1.69562524113604,-11.8399331390088));
#6546=CARTESIAN_POINT('Ctrl Pts',(-18.2000000000001,-1.69562524113614,-11.8399331390088));
#6547=CARTESIAN_POINT('Ctrl Pts',(12.9999999999999,-1.68968133920039,-12.2198317000565));
#6548=CARTESIAN_POINT('Ctrl Pts',(-18.2000000000001,-1.68968133920049,-12.2198317000565));
#6549=CARTESIAN_POINT('Ctrl Pts',(12.9999999999999,-1.79046025606083,-12.6254861416818));
#6550=CARTESIAN_POINT('Ctrl Pts',(-18.2000000000001,-1.79046025606093,-12.6254861416818));
#6551=CARTESIAN_POINT('Ctrl Pts',(12.9999999999999,-1.93295834709442,-13.0368315527621));
#6552=CARTESIAN_POINT('Ctrl Pts',(-18.2000000000001,-1.93295834709452,-13.0368315527621));
#6553=CARTESIAN_POINT('Ctrl Pts',(12.9999999999999,-2.08140423563597,-13.4689354002456));
#6554=CARTESIAN_POINT('Ctrl Pts',(-18.2000000000001,-2.08140423563607,-13.4689354002456));
#6555=CARTESIAN_POINT('Ctrl Pts',(12.9999999999999,-2.24843506535122,-13.9412926954522));
#6556=CARTESIAN_POINT('Ctrl Pts',(-18.2000000000001,-2.24843506535132,-13.9412926954522));
#6557=CARTESIAN_POINT('Ctrl Pts',(12.9999999999999,-2.46688859003926,-14.4680129986303));
#6558=CARTESIAN_POINT('Ctrl Pts',(-18.2000000000001,-2.46688859003936,-14.4680129986303));
#6559=CARTESIAN_POINT('Ctrl Pts',(12.9999999999999,-2.78169010217156,-15.0495586702781));
#6560=CARTESIAN_POINT('Ctrl Pts',(-18.2000000000001,-2.78169010217166,-15.0495586702781));
#6561=CARTESIAN_POINT('Ctrl Pts',(12.9999999999999,-3.23306670779238,-15.6628745932252));
#6562=CARTESIAN_POINT('Ctrl Pts',(-18.2000000000001,-3.23306670779248,-15.6628745932252));
#6563=CARTESIAN_POINT('Ctrl Pts',(12.9999999999999,-3.85772879933873,-16.2685604340307));
#6564=CARTESIAN_POINT('Ctrl Pts',(-18.2000000000001,-3.85772879933883,-16.2685604340307));
#6565=CARTESIAN_POINT('Ctrl Pts',(12.9999999999999,-4.68854045377663,-16.8180296193253));
#6566=CARTESIAN_POINT('Ctrl Pts',(-18.2000000000001,-4.68854045377673,-16.8180296193253));
#6567=CARTESIAN_POINT('Ctrl Pts',(12.9999999999999,-5.75418219198604,-17.2603466811155));
#6568=CARTESIAN_POINT('Ctrl Pts',(-18.2000000000001,-5.75418219198614,-17.2603466811155));
#6569=CARTESIAN_POINT('Ctrl Pts',(12.9999999999999,-6.8132322712546,-17.4914421030859));
#6570=CARTESIAN_POINT('Ctrl Pts',(-18.2000000000001,-6.8132322712547,-17.4914421030859));
#6571=CARTESIAN_POINT('Ctrl Pts',(12.9999999999999,-7.73100878370472,-17.5802620054546));
#6572=CARTESIAN_POINT('Ctrl Pts',(-18.2000000000001,-7.73100878370482,-17.5802620054546));
#6573=CARTESIAN_POINT('Ctrl Pts',(12.9999999999999,-8.39861875031687,-17.6));
#6574=CARTESIAN_POINT('Ctrl Pts',(-18.2000000000001,-8.39861875031697,-17.6));
#6575=CARTESIAN_POINT('Ctrl Pts',(12.9999999999999,-8.7463636399219,-17.6));
#6576=CARTESIAN_POINT('Ctrl Pts',(-18.2000000000001,-8.746363639922,-17.6));
#6577=CARTESIAN_POINT('',(12.7000000653068,-2.02950331379757,-11.1232236037056));
#6578=CARTESIAN_POINT('Ctrl Pts',(12.6999999999999,-2.02950335052949,-11.1232236278259));
#6579=CARTESIAN_POINT('Ctrl Pts',(12.6999999999999,-1.98934293856395,-11.1802286809985));
#6580=CARTESIAN_POINT('Ctrl Pts',(12.6999999999999,-1.89906343205003,-11.3191573018592));
#6581=CARTESIAN_POINT('Ctrl Pts',(12.6999999999999,-1.78550372108207,-11.539395090951));
#6582=CARTESIAN_POINT('Ctrl Pts',(12.6999999999999,-1.69562524113604,-11.8399331390088));
#6583=CARTESIAN_POINT('Ctrl Pts',(12.6999999999999,-1.68968133920039,-12.2198317000565));
#6584=CARTESIAN_POINT('Ctrl Pts',(12.6999999999999,-1.79046025606083,-12.6254861416818));
#6585=CARTESIAN_POINT('Ctrl Pts',(12.6999999999999,-1.93295834709442,-13.0368315527621));
#6586=CARTESIAN_POINT('Ctrl Pts',(12.6999999999999,-2.08140423563597,-13.4689354002456));
#6587=CARTESIAN_POINT('Ctrl Pts',(12.6999999999999,-2.24843506535122,-13.9412926954522));
#6588=CARTESIAN_POINT('Ctrl Pts',(12.6999999999999,-2.46688859003926,-14.4680129986303));
#6589=CARTESIAN_POINT('Ctrl Pts',(12.6999999999999,-2.78169010217156,-15.0495586702781));
#6590=CARTESIAN_POINT('Ctrl Pts',(12.6999999999999,-3.23306670779238,-15.6628745932252));
#6591=CARTESIAN_POINT('Ctrl Pts',(12.6999999999999,-3.85772879933873,-16.2685604340307));
#6592=CARTESIAN_POINT('Ctrl Pts',(12.6999999999999,-4.68854045377663,-16.8180296193253));
#6593=CARTESIAN_POINT('Ctrl Pts',(12.6999999999999,-5.75418219198604,-17.2603466811155));
#6594=CARTESIAN_POINT('Ctrl Pts',(12.6999999999999,-6.8132322712546,-17.4914421030859));
#6595=CARTESIAN_POINT('Ctrl Pts',(12.6999999999999,-7.73100878370472,-17.5802620054546));
#6596=CARTESIAN_POINT('Ctrl Pts',(12.6999999999999,-8.39861875031687,-17.6));
#6597=CARTESIAN_POINT('Ctrl Pts',(12.6999999999999,-8.7463636399219,-17.6));
#6598=CARTESIAN_POINT('',(-12.7000000652991,-2.02950331312004,-11.1232236046784));
#6599=CARTESIAN_POINT('',(-9.85845038959711E-14,-2.02950335052953,-11.1232236278259));
#6600=CARTESIAN_POINT('Ctrl Pts',(-12.7000000000001,-8.74636363992197,-17.6000000000001));
#6601=CARTESIAN_POINT('Ctrl Pts',(-12.7000002894987,-8.40716050630328,-17.5999997105014));
#6602=CARTESIAN_POINT('Ctrl Pts',(-12.7002025625642,-8.08394448958088,-17.5884174485429));
#6603=CARTESIAN_POINT('Ctrl Pts',(-12.7003867797538,-7.77650508651643,-17.5658927792899));
#6604=CARTESIAN_POINT('Ctrl Pts',(-12.700517322757,-7.55864233932173,-17.5499309790971));
#6605=CARTESIAN_POINT('Ctrl Pts',(-12.7006387987219,-7.34870141551548,-17.5284753595575));
#6606=CARTESIAN_POINT('Ctrl Pts',(-12.7006729060045,-7.14660737422323,-17.5017691930457));
#6607=CARTESIAN_POINT('Ctrl Pts',(-12.70072380176,-6.84503750074626,-17.4619175714713));
#6608=CARTESIAN_POINT('Ctrl Pts',(-12.7005865740548,-6.56089887839576,-17.4103820233765));
#6609=CARTESIAN_POINT('Ctrl Pts',(-12.7004185615948,-6.29357501846546,-17.3483279447856));
#6610=CARTESIAN_POINT('Ctrl Pts',(-12.7003150969254,-6.12895285411791,-17.3101140841639));
#6611=CARTESIAN_POINT('Ctrl Pts',(-12.7001999577942,-5.97070775451985,-17.2679103887959));
#6612=CARTESIAN_POINT('Ctrl Pts',(-12.7001098882768,-5.81869748691869,-17.2219793646512));
#6613=CARTESIAN_POINT('Ctrl Pts',(-12.7000864716396,-5.77917724309633,-17.210038031333));
#6614=CARTESIAN_POINT('Ctrl Pts',(-12.7000673433696,-5.7400772287722,-17.1978470658507));
#6615=CARTESIAN_POINT('Ctrl Pts',(-12.7000520135002,-5.70139625563255,-17.1854102100412));
#6616=CARTESIAN_POINT('Ctrl Pts',(-12.6999587096686,-5.46596809117808,-17.1097144377492));
#6617=CARTESIAN_POINT('Ctrl Pts',(-12.7000061151433,-5.24606489473779,-17.0249058060151));
#6618=CARTESIAN_POINT('Ctrl Pts',(-12.7000837586157,-5.04080872905516,-16.9327638775358));
#6619=CARTESIAN_POINT('Ctrl Pts',(-12.7001221056614,-4.93943552517002,-16.8872562433508));
#6620=CARTESIAN_POINT('Ctrl Pts',(-12.70016782847,-4.84163473899935,-16.8399606122071));
#6621=CARTESIAN_POINT('Ctrl Pts',(-12.7002076185027,-4.74729912725,-16.7910957655179));
#6622=CARTESIAN_POINT('Ctrl Pts',(-12.7002975679622,-4.53404377861059,-16.6806317559707));
#6623=CARTESIAN_POINT('Ctrl Pts',(-12.7003559061898,-4.33849675174026,-16.5621524409885));
#6624=CARTESIAN_POINT('Ctrl Pts',(-12.7003648271814,-4.15917093392665,-16.4382050769894));
#6625=CARTESIAN_POINT('Ctrl Pts',(-12.700369155564,-4.07216370702827,-16.3780669632788));
#6626=CARTESIAN_POINT('Ctrl Pts',(-12.7003618506322,-3.98897594469034,-16.3166413455919));
#6627=CARTESIAN_POINT('Ctrl Pts',(-12.7003408786059,-3.90944195387707,-16.254218219609));
#6628=CARTESIAN_POINT('Ctrl Pts',(-12.7003281895339,-3.86132011210663,-16.2164492637117));
#6629=CARTESIAN_POINT('Ctrl Pts',(-12.700311505746,-3.8145283782479,-16.1783104123195));
#6630=CARTESIAN_POINT('Ctrl Pts',(-12.700292450423,-3.76903426240209,-16.1398708647458));
#6631=CARTESIAN_POINT('Ctrl Pts',(-12.70023835227,-3.63987625040935,-16.0307408057435));
#6632=CARTESIAN_POINT('Ctrl Pts',(-12.7001651396671,-3.52118102953329,-15.9191873069204));
#6633=CARTESIAN_POINT('Ctrl Pts',(-12.7001099546142,-3.41199223726065,-15.8065609646431));
#6634=CARTESIAN_POINT('Ctrl Pts',(-12.7000862366133,-3.36506395253024,-15.7581552542353));
#6635=CARTESIAN_POINT('Ctrl Pts',(-12.7000658486562,-3.31989099474329,-15.7095513443735));
#6636=CARTESIAN_POINT('Ctrl Pts',(-12.7000517394737,-3.27639459554312,-15.6608560545603));
#6637=CARTESIAN_POINT('Ctrl Pts',(-12.7000210070493,-3.18165134543413,-15.5547886534251));
#6638=CARTESIAN_POINT('Ctrl Pts',(-12.7000179562284,-3.09489434929271,-15.4483267361392));
#6639=CARTESIAN_POINT('Ctrl Pts',(-12.7000378770303,-3.01521319116864,-15.3424024679475));
#6640=CARTESIAN_POINT('Ctrl Pts',(-12.7000558763189,-2.9432178890263,-15.2466954040418));
#6641=CARTESIAN_POINT('Ctrl Pts',(-12.7000926293833,-2.87700055688748,-15.1514264756099));
#6642=CARTESIAN_POINT('Ctrl Pts',(-12.7001446619447,-2.81592591500119,-15.0572863784769));
#6643=CARTESIAN_POINT('Ctrl Pts',(-12.700177226547,-2.77770232253377,-14.9983687557693));
#6644=CARTESIAN_POINT('Ctrl Pts',(-12.7002129767838,-2.74144704673078,-14.9398142917184));
#6645=CARTESIAN_POINT('Ctrl Pts',(-12.7002557460723,-2.70704899916216,-14.8818551458114));
#6646=CARTESIAN_POINT('Ctrl Pts',(-12.7003199685008,-2.65539683882153,-14.7948236045118));
#6647=CARTESIAN_POINT('Ctrl Pts',(-12.7004000175372,-2.60793469761431,-14.7091358692509));
#6648=CARTESIAN_POINT('Ctrl Pts',(-12.7005088724493,-2.56402889417059,-14.6249906681623));
#6649=CARTESIAN_POINT('Ctrl Pts',(-12.7005715513797,-2.53874782282587,-14.5765396510943));
#6650=CARTESIAN_POINT('Ctrl Pts',(-12.7006437808554,-2.514644753776,-14.5285997139394));
#6651=CARTESIAN_POINT('Ctrl Pts',(-12.7007280387027,-2.49159168289247,-14.4812059335096));
#6652=CARTESIAN_POINT('Ctrl Pts',(-12.7009204947636,-2.43893542172213,-14.3729522742565));
#6653=CARTESIAN_POINT('Ctrl Pts',(-12.7011778542774,-2.39182423559674,-14.2677012491744));
#6654=CARTESIAN_POINT('Ctrl Pts',(-12.7013794958716,-2.34869772587252,-14.1655189495777));
#6655=CARTESIAN_POINT('Ctrl Pts',(-12.7015215499776,-2.31831561244206,-14.0935327342131));
#6656=CARTESIAN_POINT('Ctrl Pts',(-12.7016359510851,-2.28991229923392,-14.0230702461708));
#6657=CARTESIAN_POINT('Ctrl Pts',(-12.7016805251473,-2.2629570470811,-13.9541584228449));
#6658=CARTESIAN_POINT('Ctrl Pts',(-12.701723164788,-2.23717159678535,-13.8882372292651));
#6659=CARTESIAN_POINT('Ctrl Pts',(-12.7016204003422,-2.21276790130792,-13.8236553392627));
#6660=CARTESIAN_POINT('Ctrl Pts',(-12.7014334181162,-2.18918230074245,-13.7604214528231));
#6661=CARTESIAN_POINT('Ctrl Pts',(-12.7011474785661,-2.15311440188129,-13.6637220529341));
#6662=CARTESIAN_POINT('Ctrl Pts',(-12.7006645910055,-2.11895877330166,-13.5701719769294));
#6663=CARTESIAN_POINT('Ctrl Pts',(-12.7002035698592,-2.08626567201529,-13.4789360611829));
#6664=CARTESIAN_POINT('Ctrl Pts',(-12.6996066737648,-2.04393706166142,-13.3608105430779));
#6665=CARTESIAN_POINT('Ctrl Pts',(-12.6994770408348,-2.00364309759532,-13.246674441237));
#6666=CARTESIAN_POINT('Ctrl Pts',(-12.6995014875682,-1.96533040370619,-13.1348998558296));
#6667=CARTESIAN_POINT('Ctrl Pts',(-12.6995082698312,-1.9547013039905,-13.1038902061972));
#6668=CARTESIAN_POINT('Ctrl Pts',(-12.6995269112263,-1.94422461395614,-13.0730620109834));
#6669=CARTESIAN_POINT('Ctrl Pts',(-12.699550724308,-1.93389896016355,-13.0423797034482));
#6670=CARTESIAN_POINT('Ctrl Pts',(-12.699605121816,-1.91031151181355,-12.9722904520764));
#6671=CARTESIAN_POINT('Ctrl Pts',(-12.6997966807599,-1.88745551479507,-12.9031388388644));
#6672=CARTESIAN_POINT('Ctrl Pts',(-12.6999976826975,-1.86535883138728,-12.8345067442732));
#6673=CARTESIAN_POINT('Ctrl Pts',(-12.7002018348627,-1.84291583499245,-12.7647990047427));
#6674=CARTESIAN_POINT('Ctrl Pts',(-12.700415728334,-1.82125695835633,-12.6956250761703));
#6675=CARTESIAN_POINT('Ctrl Pts',(-12.7005055450136,-1.80162255954356,-12.6268574977146));
#6676=CARTESIAN_POINT('Ctrl Pts',(-12.7006154451797,-1.77759780491575,-12.5427131236238));
#6677=CARTESIAN_POINT('Ctrl Pts',(-12.7006391818023,-1.75646114026711,-12.4590532704883));
#6678=CARTESIAN_POINT('Ctrl Pts',(-12.700541482508,-1.74026253043374,-12.3755976062048));
#6679=CARTESIAN_POINT('Ctrl Pts',(-12.7004807230162,-1.73018856510774,-12.323696271652));
#6680=CARTESIAN_POINT('Ctrl Pts',(-12.7003729965514,-1.72202487479502,-12.2718745810733));
#6681=CARTESIAN_POINT('Ctrl Pts',(-12.700209819072,-1.71627037527029,-12.2200737943041));
#6682=CARTESIAN_POINT('Ctrl Pts',(-12.7000036707899,-1.70900049835285,-12.1546319009787));
#6683=CARTESIAN_POINT('Ctrl Pts',(-12.6998168537946,-1.70546752190482,-12.0891979448504));
#6684=CARTESIAN_POINT('Ctrl Pts',(-12.6997044416207,-1.70661918260911,-12.0237333853365));
#6685=CARTESIAN_POINT('Ctrl Pts',(-12.6996787342051,-1.70688255462074,-12.0087623676873));
#6686=CARTESIAN_POINT('Ctrl Pts',(-12.6996569180582,-1.70739077269194,-11.993789603665));
#6687=CARTESIAN_POINT('Ctrl Pts',(-12.6996396518657,-1.70815487611548,-11.9788143533574));
#6688=CARTESIAN_POINT('Ctrl Pts',(-12.6995765590199,-1.71094700642212,-11.9240928995006));
#6689=CARTESIAN_POINT('Ctrl Pts',(-12.6995742200669,-1.7171572946457,-11.8693398598018));
#6690=CARTESIAN_POINT('Ctrl Pts',(-12.699664773742,-1.72671503803915,-11.8145682070774));
#6691=CARTESIAN_POINT('Ctrl Pts',(-12.6997731295922,-1.73815176228293,-11.7490288571703));
#6692=CARTESIAN_POINT('Ctrl Pts',(-12.6999089886356,-1.75448443474934,-11.6834488490452));
#6693=CARTESIAN_POINT('Ctrl Pts',(-12.700013721714,-1.77574253960178,-11.6177633278362));
#6694=CARTESIAN_POINT('Ctrl Pts',(-12.7000484715879,-1.78279586481032,-11.5959692240911));
#6695=CARTESIAN_POINT('Ctrl Pts',(-12.7000797948764,-1.79039172692507,-11.5741638404658));
#6696=CARTESIAN_POINT('Ctrl Pts',(-12.7001055500616,-1.79853203478746,-11.5523456794568));
#6697=CARTESIAN_POINT('Ctrl Pts',(-12.7001624228746,-1.81650753000727,-11.5041666356723));
#6698=CARTESIAN_POINT('Ctrl Pts',(-12.7001921445919,-1.83713735126517,-11.4559251763838));
#6699=CARTESIAN_POINT('Ctrl Pts',(-12.7001716561402,-1.86053436998494,-11.4076022820481));
#6700=CARTESIAN_POINT('Ctrl Pts',(-12.7001435329782,-1.89264993235742,-11.3412725951061));
#6701=CARTESIAN_POINT('Ctrl Pts',(-12.7000716179918,-1.92992459800194,-11.2747982411968));
#6702=CARTESIAN_POINT('Ctrl Pts',(-12.7000303317241,-1.97243031795057,-11.208222153588));
#6703=CARTESIAN_POINT('Ctrl Pts',(-12.7000127726972,-1.99050797721424,-11.1799073802268));
#6704=CARTESIAN_POINT('Ctrl Pts',(-12.7000007537813,-2.00953131913321,-11.1515739165973));
#6705=CARTESIAN_POINT('Ctrl Pts',(-12.7000000000001,-2.02950334901907,-11.12322362997));
#6706=CARTESIAN_POINT('',(2.50000000000002,-6.21892161931177,-17.3310405602492));
#6707=CARTESIAN_POINT('',(3.50000000000002,-6.21892161931177,-17.3310405602492));
#6708=CARTESIAN_POINT('Ctrl Pts',(2.50000000000002,-6.21892161931177,-17.3310405602492));
#6709=CARTESIAN_POINT('Ctrl Pts',(2.83333333333335,-6.21892161931177,-17.3310405602492));
#6710=CARTESIAN_POINT('Ctrl Pts',(3.16666666666669,-6.21892161931177,-17.3310405602492));
#6711=CARTESIAN_POINT('Ctrl Pts',(3.50000000000002,-6.21892161931177,-17.3310405602492));
#6712=CARTESIAN_POINT('',(1.60000000000002,-5.20388322913198,-17.0031523633349));
#6713=CARTESIAN_POINT('Ctrl Pts',(1.60000000000002,-5.20388322913198,-17.0031523633349));
#6714=CARTESIAN_POINT('Ctrl Pts',(1.60000000003528,-5.46711968912771,-17.1121229828605));
#6715=CARTESIAN_POINT('Ctrl Pts',(1.74474191161252,-5.84563051321946,-17.2352872127073));
#6716=CARTESIAN_POINT('Ctrl Pts',(2.15997072517922,-6.16312224172809,-17.317560390956));
#6717=CARTESIAN_POINT('Ctrl Pts',(2.38627236773848,-6.21892161931178,-17.3310405602492));
#6718=CARTESIAN_POINT('Ctrl Pts',(2.50000000000002,-6.21892161931178,-17.3310405602492));
#6719=CARTESIAN_POINT('',(1.60000000000002,-2.08544322312459,-13.4767496229579));
#6720=CARTESIAN_POINT('Ctrl Pts',(1.60000000000002,-2.08544322312459,-13.4767496229579));
#6721=CARTESIAN_POINT('Ctrl Pts',(1.60000000000002,-2.24799592542204,-13.9387903607115));
#6722=CARTESIAN_POINT('Ctrl Pts',(1.60000000000002,-2.5943545767592,-14.8093647190077));
#6723=CARTESIAN_POINT('Ctrl Pts',(1.60000000000002,-3.57108549904486,-16.1035116041601));
#6724=CARTESIAN_POINT('Ctrl Pts',(1.60000000000002,-4.55781810930521,-16.7357041672771));
#6725=CARTESIAN_POINT('Ctrl Pts',(1.60000000000002,-5.20388322909917,-17.0031523633214));
#6726=CARTESIAN_POINT('',(2.50000000000007,-1.79629090991959,-12.6099664411728));
#6727=CARTESIAN_POINT('Ctrl Pts',(2.50000000000007,-1.79629090991959,-12.6099664411728));
#6728=CARTESIAN_POINT('Ctrl Pts',(2.29377677792611,-1.79629090991959,-12.6099664411728));
#6729=CARTESIAN_POINT('Ctrl Pts',(1.8162540779839,-1.83885035335146,-12.7669404859478));
#6730=CARTESIAN_POINT('Ctrl Pts',(1.59999999999975,-1.99536977783672,-13.2207243430049));
#6731=CARTESIAN_POINT('Ctrl Pts',(1.60000000000002,-2.08544322312458,-13.4767496229579));
#6732=CARTESIAN_POINT('',(3.50000000000003,-1.79629090991959,-12.6099664411728));
#6733=CARTESIAN_POINT('Ctrl Pts',(3.50000000000003,-1.79629090991959,-12.6099664411728));
#6734=CARTESIAN_POINT('Ctrl Pts',(3.16666666666671,-1.79629090991959,-12.6099664411728));
#6735=CARTESIAN_POINT('Ctrl Pts',(2.83333333333339,-1.79629090991959,-12.6099664411728));
#6736=CARTESIAN_POINT('Ctrl Pts',(2.50000000000007,-1.79629090991959,-12.6099664411728));
#6737=CARTESIAN_POINT('',(4.40000000000002,-2.08544322312457,-13.4767496229579));
#6738=CARTESIAN_POINT('Ctrl Pts',(4.40000000000002,-2.08544322312457,-13.4767496229579));
#6739=CARTESIAN_POINT('Ctrl Pts',(4.40000000000023,-2.01788770150973,-13.2847294190173));
#6740=CARTESIAN_POINT('Ctrl Pts',(4.28683073318996,-1.90454053762458,-12.9588429133058));
#6741=CARTESIAN_POINT('Ctrl Pts',(3.91144275981399,-1.81191842113869,-12.669538008569));
#6742=CARTESIAN_POINT('Ctrl Pts',(3.63748303871446,-1.79629090991959,-12.6099664411728));
#6743=CARTESIAN_POINT('Ctrl Pts',(3.50000000000003,-1.79629090991959,-12.6099664411728));
#6744=CARTESIAN_POINT('',(4.40000000000002,-5.20388322913198,-17.003152363335));
#6745=CARTESIAN_POINT('Ctrl Pts',(4.40000000000002,-5.20388322913198,-17.003152363335));
#6746=CARTESIAN_POINT('Ctrl Pts',(4.40000000000002,-4.34247835089753,-16.6465610946138));
#6747=CARTESIAN_POINT('Ctrl Pts',(4.40000000000002,-3.29338305157704,-15.8751421704954));
#6748=CARTESIAN_POINT('Ctrl Pts',(4.40000000000002,-2.4591455959539,-14.4847915847139));
#6749=CARTESIAN_POINT('Ctrl Pts',(4.40000000000002,-2.20735558709815,-13.8232740288614));
#6750=CARTESIAN_POINT('Ctrl Pts',(4.40000000000002,-2.08544322312457,-13.4767496229579));
#6751=CARTESIAN_POINT('Ctrl Pts',(3.50000000000002,-6.21892161931178,-17.3310405602492));
#6752=CARTESIAN_POINT('Ctrl Pts',(3.61372869493448,-6.21892161931178,-17.3310405602492));
#6753=CARTESIAN_POINT('Ctrl Pts',(3.8400179568167,-6.1631312448864,-17.3175626929131));
#6754=CARTESIAN_POINT('Ctrl Pts',(4.25526674294801,-5.84562836009561,-17.2352863628948));
#6755=CARTESIAN_POINT('Ctrl Pts',(4.39999999996475,-5.46712214881436,-17.1121240010841));
#6756=CARTESIAN_POINT('Ctrl Pts',(4.40000000000002,-5.203883229132,-17.003152363335));
#6757=CARTESIAN_POINT('Ctrl Pts',(-3.50000000000002,-4.60054648009714,-18.2984567404845));
#6758=CARTESIAN_POINT('Ctrl Pts',(-3.16666666666669,-4.60054648009714,-18.2984567404845));
#6759=CARTESIAN_POINT('Ctrl Pts',(-2.83333333333335,-4.60054648009714,-18.2984567404845));
#6760=CARTESIAN_POINT('Ctrl Pts',(-2.50000000000002,-4.60054648009714,-18.2984567404845));
#6761=CARTESIAN_POINT('Ctrl Pts',(-3.50000000000002,-4.53097926874938,-18.3471682262825));
#6762=CARTESIAN_POINT('Ctrl Pts',(-3.16666666666668,-4.53097926874938,-18.3471682262825));
#6763=CARTESIAN_POINT('Ctrl Pts',(-2.83333333333335,-4.53097926874938,-18.3471682262825));
#6764=CARTESIAN_POINT('Ctrl Pts',(-2.50000000000002,-4.53097926874938,-18.3471682262825));
#6765=CARTESIAN_POINT('Ctrl Pts',(-3.50000000000002,-4.42459047169689,-18.4898837264039));
#6766=CARTESIAN_POINT('Ctrl Pts',(-3.16666666666669,-4.42459047169689,-18.4898837264039));
#6767=CARTESIAN_POINT('Ctrl Pts',(-2.83333333333335,-4.42459047169689,-18.4898837264039));
#6768=CARTESIAN_POINT('Ctrl Pts',(-2.50000000000002,-4.42459047169689,-18.4898837264039));
#6769=CARTESIAN_POINT('Ctrl Pts',(-3.50000000000002,-4.42219559474637,-18.8035453816721));
#6770=CARTESIAN_POINT('Ctrl Pts',(-3.16666666666669,-4.42219559474637,-18.8035453816721));
#6771=CARTESIAN_POINT('Ctrl Pts',(-2.83333333333335,-4.42219559474637,-18.8035453816721));
#6772=CARTESIAN_POINT('Ctrl Pts',(-2.50000000000002,-4.42219559474637,-18.8035453816721));
#6773=CARTESIAN_POINT('Ctrl Pts',(-3.50000000000002,-4.58957982623595,-18.9702644534343));
#6774=CARTESIAN_POINT('Ctrl Pts',(-3.16666666666669,-4.58957982623595,-18.9702644534343));
#6775=CARTESIAN_POINT('Ctrl Pts',(-2.83333333333335,-4.58957982623595,-18.9702644534343));
#6776=CARTESIAN_POINT('Ctrl Pts',(-2.50000000000002,-4.58957982623595,-18.9702644534343));
#6777=CARTESIAN_POINT('Ctrl Pts',(-3.50000000000002,-4.71122532767615,-19.0080835610638));
#6778=CARTESIAN_POINT('Ctrl Pts',(-3.16666666666669,-4.71122532767615,-19.0080835610638));
#6779=CARTESIAN_POINT('Ctrl Pts',(-2.83333333333335,-4.71122532767615,-19.0080835610638));
#6780=CARTESIAN_POINT('Ctrl Pts',(-2.50000000000002,-4.71122532767615,-19.0080835610638));
#6781=CARTESIAN_POINT('',(-2.50000000000002,-4.71122532767615,-19.0080835610638));
#6782=CARTESIAN_POINT('Origin',(-2.50000000000002,-4.82997705463756,-18.6261175582001));
#6783=CARTESIAN_POINT('',(-3.50000000000002,-4.71122532767615,-19.0080835610638));
#6784=CARTESIAN_POINT('Ctrl Pts',(-2.50000000000002,-4.71122532767615,-19.0080835610638));
#6785=CARTESIAN_POINT('Ctrl Pts',(-2.83333333333335,-4.71122532767615,-19.0080835610638));
#6786=CARTESIAN_POINT('Ctrl Pts',(-3.16666666666669,-4.71122532767615,-19.0080835610638));
#6787=CARTESIAN_POINT('Ctrl Pts',(-3.50000000000002,-4.71122532767615,-19.0080835610638));
#6788=CARTESIAN_POINT('',(-3.50000000000002,-4.60054648009714,-18.2984567404845));
#6789=CARTESIAN_POINT('Origin',(-3.50000000000002,-4.82997705463756,-18.6261175582001));
#6790=CARTESIAN_POINT('Ctrl Pts',(-3.50000000000002,-4.60054648009714,-18.2984567404845));
#6791=CARTESIAN_POINT('Ctrl Pts',(-3.16666666666669,-4.60054648009714,-18.2984567404845));
#6792=CARTESIAN_POINT('Ctrl Pts',(-2.83333333333335,-4.60054648009714,-18.2984567404845));
#6793=CARTESIAN_POINT('Ctrl Pts',(-2.50000000000002,-4.60054648009714,-18.2984567404845));
#6794=CARTESIAN_POINT('Ctrl Pts',(-2.50000000000002,-4.60054648009714,-18.2984567404845));
#6795=CARTESIAN_POINT('Ctrl Pts',(-2.41706923253764,-4.60054648009714,-18.2984567404845));
#6796=CARTESIAN_POINT('Ctrl Pts',(-2.25341062684887,-4.52470755348211,-18.2979198738354));
#6797=CARTESIAN_POINT('Ctrl Pts',(-2.05539413262379,-4.22748706516804,-18.2884316461733));
#6798=CARTESIAN_POINT('Ctrl Pts',(-2.00000000000003,-3.9589694247189,-18.26646161456));
#6799=CARTESIAN_POINT('Ctrl Pts',(-2.00000000000002,-3.8018095963787,-18.2473510331297));
#6800=CARTESIAN_POINT('Ctrl Pts',(-2.50000000000002,-4.53097926874938,-18.3471682262825));
#6801=CARTESIAN_POINT('Ctrl Pts',(-2.42801112785667,-4.53097926874938,-18.3471682262825));
#6802=CARTESIAN_POINT('Ctrl Pts',(-2.28292401918541,-4.46919565378819,-18.3525649705172));
#6803=CARTESIAN_POINT('Ctrl Pts',(-2.07705540056589,-4.1984768225947,-18.3518528201696));
#6804=CARTESIAN_POINT('Ctrl Pts',(-2.00667877832,-3.93487323507655,-18.3258520420786));
#6805=CARTESIAN_POINT('Ctrl Pts',(-2.00000000000002,-3.77817381255751,-18.3023251959351));
#6806=CARTESIAN_POINT('Ctrl Pts',(-2.50000000000002,-4.42458725967971,-18.4898846930486));
#6807=CARTESIAN_POINT('Ctrl Pts',(-2.44043778796352,-4.42458725967971,-18.4898846930486));
#6808=CARTESIAN_POINT('Ctrl Pts',(-2.31461873407174,-4.38531725627453,-18.4994567391767));
#6809=CARTESIAN_POINT('Ctrl Pts',(-2.08366435128604,-4.15177438045787,-18.4940995564268));
#6810=CARTESIAN_POINT('Ctrl Pts',(-1.98865943512634,-3.89011239803603,-18.4491857104625));
#6811=CARTESIAN_POINT('Ctrl Pts',(-1.97262490921073,-3.7309769198475,-18.4120998360901));
#6812=CARTESIAN_POINT('Ctrl Pts',(-2.50000000000002,-4.42219104540599,-18.8035497707102));
#6813=CARTESIAN_POINT('Ctrl Pts',(-2.42133089676635,-4.42219104540599,-18.8035497707102));
#6814=CARTESIAN_POINT('Ctrl Pts',(-2.25623585385251,-4.3826178414352,-18.7970469104405));
#6815=CARTESIAN_POINT('Ctrl Pts',(-1.96775102482483,-4.12971428300608,-18.7313441239845));
#6816=CARTESIAN_POINT('Ctrl Pts',(-1.85560292752856,-3.84090638012601,-18.6340878795426));
#6817=CARTESIAN_POINT('Ctrl Pts',(-1.83882880363422,-3.66452158744979,-18.5666674311468));
#6818=CARTESIAN_POINT('Ctrl Pts',(-2.50000000000002,-4.58957982623595,-18.9702644534343));
#6819=CARTESIAN_POINT('Ctrl Pts',(-2.37757617211352,-4.58957982623595,-18.9702644534343));
#6820=CARTESIAN_POINT('Ctrl Pts',(-2.13209873294809,-4.5135004783181,-18.9458957778328));
#6821=CARTESIAN_POINT('Ctrl Pts',(-1.80085880226813,-4.17588115384647,-18.8295608972117));
#6822=CARTESIAN_POINT('Ctrl Pts',(-1.6961589680465,-3.84280883820354,-18.7005192254318));
#6823=CARTESIAN_POINT('Ctrl Pts',(-1.68975979010259,-3.64381601956095,-18.6148262427484));
#6824=CARTESIAN_POINT('Ctrl Pts',(-2.50000000000002,-4.71122532767615,-19.0080835610638));
#6825=CARTESIAN_POINT('Ctrl Pts',(-2.35072461856773,-4.71122532767615,-19.0080835610638));
#6826=CARTESIAN_POINT('Ctrl Pts',(-2.05613912832794,-4.61174694753896,-18.9776898001618));
#6827=CARTESIAN_POINT('Ctrl Pts',(-1.69970943872281,-4.21864406432796,-18.8466984664182));
#6828=CARTESIAN_POINT('Ctrl Pts',(-1.60000000000004,-3.85770729874,-18.7067874073742));
#6829=CARTESIAN_POINT('Ctrl Pts',(-1.60000000000002,-3.64381601956096,-18.6148262427484));
#6830=CARTESIAN_POINT('',(-1.60000000000002,-3.64381601956096,-18.6148262427484));
#6831=CARTESIAN_POINT('Origin',(-1.60000000000002,-3.80180959637873,-18.2473510331297));
#6832=CARTESIAN_POINT('Ctrl Pts',(-1.60000000000002,-3.64381601956096,-18.6148262427484));
#6833=CARTESIAN_POINT('Ctrl Pts',(-1.60000000000004,-3.85770729874,-18.7067874073742));
#6834=CARTESIAN_POINT('Ctrl Pts',(-1.69970943872281,-4.21864406432796,-18.8466984664182));
#6835=CARTESIAN_POINT('Ctrl Pts',(-2.05613912832794,-4.61174694753896,-18.9776898001618));
#6836=CARTESIAN_POINT('Ctrl Pts',(-2.35072461856773,-4.71122532767615,-19.0080835610638));
#6837=CARTESIAN_POINT('Ctrl Pts',(-2.50000000000002,-4.71122532767615,-19.0080835610638));
#6838=CARTESIAN_POINT('Ctrl Pts',(-2.00000000000002,-3.8018095963787,-18.2473510331297));
#6839=CARTESIAN_POINT('Ctrl Pts',(-2.00000000000002,-2.18886828203144,-17.5538774033976));
#6840=CARTESIAN_POINT('Ctrl Pts',(-2.00000000000002,-0.775051586584286,
-16.4061486256048));
#6841=CARTESIAN_POINT('Ctrl Pts',(-2.00000000000002,0.23445349480466,-14.9696999320163));
#6842=CARTESIAN_POINT('Ctrl Pts',(-2.00000000000002,-3.76044697469161,-18.3435558180392));
#6843=CARTESIAN_POINT('Ctrl Pts',(-2.00000000000002,-2.13067273607169,-17.6428449819745));
#6844=CARTESIAN_POINT('Ctrl Pts',(-2.00000000000002,-0.70017402422041,-16.4817290108699));
#6845=CARTESIAN_POINT('Ctrl Pts',(-2.00000000000002,0.320131278844933,-15.0299124260211));
#6846=CARTESIAN_POINT('Ctrl Pts',(-1.91333909834302,-3.67804568411854,-18.535211910243));
#6847=CARTESIAN_POINT('Ctrl Pts',(-1.91333909834302,-2.01490080002945,-17.820153582156));
#6848=CARTESIAN_POINT('Ctrl Pts',(-1.91333909834302,-0.550900523339389,
-16.6321486856211));
#6849=CARTESIAN_POINT('Ctrl Pts',(-1.91333909834302,0.490815816971372,-15.1498658286885));
#6850=CARTESIAN_POINT('Ctrl Pts',(-1.70471975511968,-3.64381601956093,-18.6148262427484));
#6851=CARTESIAN_POINT('Ctrl Pts',(-1.70471975511968,-1.96656101457857,-17.8937013599363));
#6852=CARTESIAN_POINT('Ctrl Pts',(-1.70471975511968,-0.489051053122558,
-16.6948596380595));
#6853=CARTESIAN_POINT('Ctrl Pts',(-1.70471975511968,0.561718523040724,-15.1996947173782));
#6854=CARTESIAN_POINT('Ctrl Pts',(-1.60000000000002,-3.64381601956093,-18.6148262427484));
#6855=CARTESIAN_POINT('Ctrl Pts',(-1.60000000000002,-1.96669601048169,-17.893759400547));
#6856=CARTESIAN_POINT('Ctrl Pts',(-1.60000000000002,-0.488964438007118,
-16.69473639136));
#6857=CARTESIAN_POINT('Ctrl Pts',(-1.60000000000002,0.561718523040724,-15.1996947173782));
#6858=CARTESIAN_POINT('',(-1.60000000000002,0.561718523040725,-15.1996947173782));
#6859=CARTESIAN_POINT('Origin',(-1.60000000000002,0.23445349480466,-14.9696999320163));
#6860=CARTESIAN_POINT('Ctrl Pts',(-1.60000000000002,0.561718523040724,-15.1996947173782));
#6861=CARTESIAN_POINT('Ctrl Pts',(-1.60000000000002,-0.488964438007118,
-16.69473639136));
#6862=CARTESIAN_POINT('Ctrl Pts',(-1.60000000000002,-1.96669601048169,-17.893759400547));
#6863=CARTESIAN_POINT('Ctrl Pts',(-1.60000000000002,-3.64381601956093,-18.6148262427484));
#6864=CARTESIAN_POINT('Ctrl Pts',(-2.00000000000002,0.234453494815706,-14.9696999320006));
#6865=CARTESIAN_POINT('Ctrl Pts',(-1.99999999999519,0.299123233424177,-14.8779489214213));
#6866=CARTESIAN_POINT('Ctrl Pts',(-2.0915913215196,0.435722468967042,-14.6536564449644));
#6867=CARTESIAN_POINT('Ctrl Pts',(-2.3503316897209,0.488702823625488,-14.5373399342109));
#6868=CARTESIAN_POINT('Ctrl Pts',(-2.50000000000006,0.488702823625488,-14.5373399342109));
#6869=CARTESIAN_POINT('Ctrl Pts',(-2.00000000000003,0.320131278855995,-15.0299124260053));
#6870=CARTESIAN_POINT('Ctrl Pts',(-1.9999585777521,0.385914296272563,-14.9365325815186));
#6871=CARTESIAN_POINT('Ctrl Pts',(-2.09686335537888,0.52667220224667,-14.7103425133912));
#6872=CARTESIAN_POINT('Ctrl Pts',(-2.3536418239809,0.579393787747541,-14.6008424309367));
#6873=CARTESIAN_POINT('Ctrl Pts',(-2.50000000000006,0.57939378774754,-14.6008424309367));
#6874=CARTESIAN_POINT('Ctrl Pts',(-1.91337133056055,0.490842188174269,-15.1498843617806));
#6875=CARTESIAN_POINT('Ctrl Pts',(-1.91329555120272,0.570372875205853,-15.03679696673));
#6876=CARTESIAN_POINT('Ctrl Pts',(-2.03019239167299,0.746246520948967,-14.7683631821137));
#6877=CARTESIAN_POINT('Ctrl Pts',(-2.32991842401169,0.815785476096059,-14.647428436477));
#6878=CARTESIAN_POINT('Ctrl Pts',(-2.50000000000006,0.815785476096059,-14.647428436477));
#6879=CARTESIAN_POINT('Ctrl Pts',(-1.70471975511968,0.561718523044534,-15.1996947173728));
#6880=CARTESIAN_POINT('Ctrl Pts',(-1.70469371444745,0.66910135114471,-15.046895685378));
#6881=CARTESIAN_POINT('Ctrl Pts',(-1.85367476587883,0.907807946115492,-14.6824625626671));
#6882=CARTESIAN_POINT('Ctrl Pts',(-2.26395005202808,1.00996575146101,-14.5047914605849));
#6883=CARTESIAN_POINT('Ctrl Pts',(-2.50000000000006,1.00996575146101,-14.5047914605849));
#6884=CARTESIAN_POINT('Ctrl Pts',(-1.60000000000002,0.561718523041943,-15.1996947173765));
#6885=CARTESIAN_POINT('Ctrl Pts',(-1.59999999999132,0.682634809897588,-15.0276400685297));
#6886=CARTESIAN_POINT('Ctrl Pts',(-1.7648643787353,0.949922105505045,-14.615518750704));
#6887=CARTESIAN_POINT('Ctrl Pts',(-2.23059704149758,1.065069471354,-14.4087654322501));
#6888=CARTESIAN_POINT('Ctrl Pts',(-2.50000000000006,1.065069471354,-14.4087654322501));
#6889=CARTESIAN_POINT('',(-2.50000000000006,1.065069471354,-14.4087654322501));
#6890=CARTESIAN_POINT('Origin',(-2.50000000000006,0.718133398165907,-14.2096791164953));
#6891=CARTESIAN_POINT('Ctrl Pts',(-2.50000000000006,1.065069471354,-14.4087654322501));
#6892=CARTESIAN_POINT('Ctrl Pts',(-2.23059704149758,1.065069471354,-14.4087654322501));
#6893=CARTESIAN_POINT('Ctrl Pts',(-1.7648643787353,0.949922105505045,-14.615518750704));
#6894=CARTESIAN_POINT('Ctrl Pts',(-1.59999999999132,0.682634809897588,-15.0276400685297));
#6895=CARTESIAN_POINT('Ctrl Pts',(-1.60000000000002,0.561718523041943,-15.1996947173765));
#6896=CARTESIAN_POINT('Ctrl Pts',(-2.50000000000006,0.48870282362549,-14.5373399342109));
#6897=CARTESIAN_POINT('Ctrl Pts',(-2.83333333333338,0.488702823625489,-14.5373399342109));
#6898=CARTESIAN_POINT('Ctrl Pts',(-3.1666666666667,0.488702823625488,-14.5373399342109));
#6899=CARTESIAN_POINT('Ctrl Pts',(-3.50000000000002,0.488702823625487,-14.5373399342109));
#6900=CARTESIAN_POINT('Ctrl Pts',(-2.50000000000006,0.579393787747543,-14.6008424309367));
#6901=CARTESIAN_POINT('Ctrl Pts',(-2.83333333333339,0.579393787747542,-14.6008424309367));
#6902=CARTESIAN_POINT('Ctrl Pts',(-3.1666666666667,0.579393787747541,-14.6008424309367));
#6903=CARTESIAN_POINT('Ctrl Pts',(-3.50000000000002,0.579393787747541,-14.6008424309367));
#6904=CARTESIAN_POINT('Ctrl Pts',(-2.50000000000006,0.815783184398122,-14.6474181633806));
#6905=CARTESIAN_POINT('Ctrl Pts',(-2.83333333333338,0.815783184398122,-14.6474181633806));
#6906=CARTESIAN_POINT('Ctrl Pts',(-3.16666666666671,0.815783184398121,-14.6474181633806));
#6907=CARTESIAN_POINT('Ctrl Pts',(-3.50000000000002,0.81578318439812,-14.6474181633806));
#6908=CARTESIAN_POINT('Ctrl Pts',(-2.50000000000006,1.00996575146101,-14.5047914605849));
#6909=CARTESIAN_POINT('Ctrl Pts',(-2.83333333333339,1.00996575146101,-14.5047914605849));
#6910=CARTESIAN_POINT('Ctrl Pts',(-3.1666666666667,1.00996575146101,-14.5047914605849));
#6911=CARTESIAN_POINT('Ctrl Pts',(-3.50000000000003,1.00996575146101,-14.5047914605849));
#6912=CARTESIAN_POINT('Ctrl Pts',(-2.50000000000006,1.06506947135401,-14.4087654322501));
#6913=CARTESIAN_POINT('Ctrl Pts',(-2.83333333333339,1.06506947135401,-14.4087654322501));
#6914=CARTESIAN_POINT('Ctrl Pts',(-3.16666666666671,1.06506947135401,-14.4087654322501));
#6915=CARTESIAN_POINT('Ctrl Pts',(-3.50000000000003,1.065069471354,-14.4087654322501));
#6916=CARTESIAN_POINT('',(-3.50000000000002,1.065069471354,-14.4087654322501));
#6917=CARTESIAN_POINT('Origin',(-3.50000000000002,0.718133398165906,-14.2096791164953));
#6918=CARTESIAN_POINT('Ctrl Pts',(-3.50000000000003,1.065069471354,-14.4087654322501));
#6919=CARTESIAN_POINT('Ctrl Pts',(-3.16666666666671,1.06506947135401,-14.4087654322501));
#6920=CARTESIAN_POINT('Ctrl Pts',(-2.83333333333339,1.06506947135401,-14.4087654322501));
#6921=CARTESIAN_POINT('Ctrl Pts',(-2.50000000000006,1.06506947135401,-14.4087654322501));
#6922=CARTESIAN_POINT('Ctrl Pts',(-3.50000000000002,0.488702823625488,-14.5373399342109));
#6923=CARTESIAN_POINT('Ctrl Pts',(-3.61225158047783,0.488702823625487,-14.5373399342109));
#6924=CARTESIAN_POINT('Ctrl Pts',(-3.87431467901266,0.45037310481703,-14.6222978669304));
#6925=CARTESIAN_POINT('Ctrl Pts',(-4.0000000000068,0.320680080099716,-14.8473648722209));
#6926=CARTESIAN_POINT('Ctrl Pts',(-4.00000000000002,0.234453494815077,-14.9696999320015));
#6927=CARTESIAN_POINT('Ctrl Pts',(-3.50000000000002,0.579393787747541,-14.6008424309367));
#6928=CARTESIAN_POINT('Ctrl Pts',(-3.60976897209142,0.57939378774754,-14.6008424309367));
#6929=CARTESIAN_POINT('Ctrl Pts',(-3.86793796085604,0.541718245054582,-14.6799549234053));
#6930=CARTESIAN_POINT('Ctrl Pts',(-4.00005522983537,0.407842240482881,-14.905405580954));
#6931=CARTESIAN_POINT('Ctrl Pts',(-4.00000000000001,0.320131278855355,-15.0299124260062));
#6932=CARTESIAN_POINT('Ctrl Pts',(-3.50000000000002,0.815780664891532,-14.6474068690762));
#6933=CARTESIAN_POINT('Ctrl Pts',(-3.62756157719189,0.815780664891531,-14.6474068690762));
#6934=CARTESIAN_POINT('Ctrl Pts',(-3.9282271881686,0.765982166849318,-14.734339242103));
#6935=CARTESIAN_POINT('Ctrl Pts',(-4.08674237478224,0.596873069990226,-14.9990934185166));
#6936=CARTESIAN_POINT('Ctrl Pts',(-4.08664133532502,0.490831825420024,-15.1498770790627));
#6937=CARTESIAN_POINT('Ctrl Pts',(-3.50000000000003,1.00996575146101,-14.5047914605849));
#6938=CARTESIAN_POINT('Ctrl Pts',(-3.67703800946333,1.00996575146101,-14.5047914605849));
#6939=CARTESIAN_POINT('Ctrl Pts',(-4.091469582949,0.935950435718793,-14.6339305664949));
#6940=CARTESIAN_POINT('Ctrl Pts',(-4.29531496588478,0.704896070757731,-14.9959620435271));
#6941=CARTESIAN_POINT('Ctrl Pts',(-4.29528024488035,0.561718523043478,-15.1996947173743));
#6942=CARTESIAN_POINT('Ctrl Pts',(-3.50000000000003,1.065069471354,-14.4087654322501));
#6943=CARTESIAN_POINT('Ctrl Pts',(-3.70205284486008,1.065069471354,-14.4087654322501));
#6944=CARTESIAN_POINT('Ctrl Pts',(-4.17376642222278,0.981443183085593,-14.5596426677941));
#6945=CARTESIAN_POINT('Ctrl Pts',(-4.40000000001222,0.722940738333455,-14.9702878081866));
#6946=CARTESIAN_POINT('Ctrl Pts',(-4.40000000000002,0.56171852304075,-15.1996947173782));
#6947=CARTESIAN_POINT('',(-4.00000000000002,0.234453494821573,-14.9696999319922));
#6948=CARTESIAN_POINT('',(-4.40000000000002,0.56171852304075,-15.1996947173782));
#6949=CARTESIAN_POINT('Origin',(-4.40000000000002,0.234453494804684,-14.9696999320163));
#6950=CARTESIAN_POINT('Ctrl Pts',(-4.40000000000002,0.56171852304075,-15.1996947173782));
#6951=CARTESIAN_POINT('Ctrl Pts',(-4.40000000001222,0.722940738333455,-14.9702878081866));
#6952=CARTESIAN_POINT('Ctrl Pts',(-4.17376642222278,0.981443183085593,-14.5596426677941));
#6953=CARTESIAN_POINT('Ctrl Pts',(-3.70205284486008,1.065069471354,-14.4087654322501));
#6954=CARTESIAN_POINT('Ctrl Pts',(-3.50000000000003,1.065069471354,-14.4087654322501));
#6955=CARTESIAN_POINT('Ctrl Pts',(-3.50000000000002,0.488702823625488,-14.5373399342109));
#6956=CARTESIAN_POINT('Ctrl Pts',(-3.61225158047783,0.488702823625487,-14.5373399342109));
#6957=CARTESIAN_POINT('Ctrl Pts',(-3.87431467901266,0.45037310481703,-14.6222978669304));
#6958=CARTESIAN_POINT('Ctrl Pts',(-4.0000000000068,0.320680080099716,-14.8473648722209));
#6959=CARTESIAN_POINT('Ctrl Pts',(-4.00000000000002,0.234453494815077,-14.9696999320015));
#6960=CARTESIAN_POINT('Ctrl Pts',(-4.00000000000002,0.234453494804665,-14.9696999320163));
#6961=CARTESIAN_POINT('Ctrl Pts',(-4.00000000000002,-0.775051586584283,
-16.4061486256048));
#6962=CARTESIAN_POINT('Ctrl Pts',(-4.00000000000002,-2.18886828203146,-17.5538774033976));
#6963=CARTESIAN_POINT('Ctrl Pts',(-4.00000000000002,-3.80180959637874,-18.2473510331297));
#6964=CARTESIAN_POINT('Ctrl Pts',(-4.00000000000002,0.320131278844938,-15.0299124260211));
#6965=CARTESIAN_POINT('Ctrl Pts',(-4.00000000000002,-0.700174024220453,
-16.4817290108699));
#6966=CARTESIAN_POINT('Ctrl Pts',(-4.00000000000002,-2.1306727360717,-17.6428449819745));
#6967=CARTESIAN_POINT('Ctrl Pts',(-4.00000000000002,-3.76044697469165,-18.3435558180393));
#6968=CARTESIAN_POINT('Ctrl Pts',(-4.08667170457981,0.490806978424292,-15.1498596171487));
#6969=CARTESIAN_POINT('Ctrl Pts',(-4.08667170457981,-0.550909361886606,
-16.6321424740815));
#6970=CARTESIAN_POINT('Ctrl Pts',(-4.08667170457981,-2.01490506701051,-17.8201436576402));
#6971=CARTESIAN_POINT('Ctrl Pts',(-4.08667170457981,-3.67804995109961,-18.5352019857273));
#6972=CARTESIAN_POINT('Ctrl Pts',(-4.29528024488036,0.56171852304073,-15.1996947173782));
#6973=CARTESIAN_POINT('Ctrl Pts',(-4.29528024488036,-0.489051053122733,
-16.6948596380597));
#6974=CARTESIAN_POINT('Ctrl Pts',(-4.29528024488036,-1.9665610145786,-17.8937013599363));
#6975=CARTESIAN_POINT('Ctrl Pts',(-4.29528024488036,-3.64381601956097,-18.6148262427484));
#6976=CARTESIAN_POINT('Ctrl Pts',(-4.40000000000002,0.56171852304073,-15.1996947173782));
#6977=CARTESIAN_POINT('Ctrl Pts',(-4.40000000000002,-0.48896443800729,-16.6947363913602));
#6978=CARTESIAN_POINT('Ctrl Pts',(-4.40000000000002,-1.96669601048172,-17.893759400547));
#6979=CARTESIAN_POINT('Ctrl Pts',(-4.40000000000002,-3.64381601956097,-18.6148262427484));
#6980=CARTESIAN_POINT('',(-4.00000000000002,-3.8018095963787,-18.2473510331297));
#6981=CARTESIAN_POINT('',(-4.40000000000002,-3.64381601956097,-18.6148262427484));
#6982=CARTESIAN_POINT('Origin',(-4.40000000000002,-3.80180959637874,-18.2473510331297));
#6983=CARTESIAN_POINT('Ctrl Pts',(-4.40000000000002,-3.64381601956097,-18.6148262427484));
#6984=CARTESIAN_POINT('Ctrl Pts',(-4.40000000000002,-1.96669601048172,-17.893759400547));
#6985=CARTESIAN_POINT('Ctrl Pts',(-4.40000000000002,-0.48896443800729,-16.6947363913602));
#6986=CARTESIAN_POINT('Ctrl Pts',(-4.40000000000002,0.56171852304073,-15.1996947173782));
#6987=CARTESIAN_POINT('Ctrl Pts',(-4.00000000000002,0.234453494804665,-14.9696999320163));
#6988=CARTESIAN_POINT('Ctrl Pts',(-4.00000000000002,-0.775051586584283,
-16.4061486256048));
#6989=CARTESIAN_POINT('Ctrl Pts',(-4.00000000000002,-2.18886828203146,-17.5538774033976));
#6990=CARTESIAN_POINT('Ctrl Pts',(-4.00000000000002,-3.80180959637874,-18.2473510331297));
#6991=CARTESIAN_POINT('Ctrl Pts',(-4.00000000000002,-3.80180959637874,-18.2473510331297));
#6992=CARTESIAN_POINT('Ctrl Pts',(-4.00000000000001,-3.90658412264448,-18.2600915797259));
#6993=CARTESIAN_POINT('Ctrl Pts',(-3.97024417576628,-4.11935080393564,-18.2805270115301));
#6994=CARTESIAN_POINT('Ctrl Pts',(-3.85264863583894,-4.38431690736511,-18.2940715947106));
#6995=CARTESIAN_POINT('Ctrl Pts',(-3.68599765634168,-4.55869848792385,-18.298118492589));
#6996=CARTESIAN_POINT('Ctrl Pts',(-3.56219885171154,-4.60054648009714,-18.2984567404845));
#6997=CARTESIAN_POINT('Ctrl Pts',(-3.50000000000002,-4.60054648009714,-18.2984567404845));
#6998=CARTESIAN_POINT('Ctrl Pts',(-4.00000000000001,-3.77817381255754,-18.3023251959351));
#6999=CARTESIAN_POINT('Ctrl Pts',(-3.99554742556098,-3.88264139777919,-18.3180099557446));
#7000=CARTESIAN_POINT('Ctrl Pts',(-3.95508363838949,-4.09248619112936,-18.3425796357853));
#7001=CARTESIAN_POINT('Ctrl Pts',(-3.82488599727339,-4.34299667437634,-18.3537821483982));
#7002=CARTESIAN_POINT('Ctrl Pts',(-3.66235319032442,-4.49690028741293,-18.3500761981697));
#7003=CARTESIAN_POINT('Ctrl Pts',(-3.5539923278216,-4.53097926874938,-18.3471682262825));
#7004=CARTESIAN_POINT('Ctrl Pts',(-3.50000000000002,-4.53097926874938,-18.3471682262825));
#7005=CARTESIAN_POINT('Ctrl Pts',(-4.02737594864335,-3.73097730853925,-18.4120989320371));
#7006=CARTESIAN_POINT('Ctrl Pts',(-4.0166861313125,-3.83706895113881,-18.4368231567932));
#7007=CARTESIAN_POINT('Ctrl Pts',(-3.9593234610504,-4.04671085606761,-18.4774761187034));
#7008=CARTESIAN_POINT('Ctrl Pts',(-3.80287674352605,-4.27959863982235,-18.4997340716471));
#7009=CARTESIAN_POINT('Ctrl Pts',(-3.63603245521395,-4.40299512501929,-18.4951070134708));
#7010=CARTESIAN_POINT('Ctrl Pts',(-3.54467221644549,-4.42459126072395,-18.4898834858467));
#7011=CARTESIAN_POINT('Ctrl Pts',(-3.50000000000002,-4.42459126072395,-18.4898834858467));
#7012=CARTESIAN_POINT('Ctrl Pts',(-4.16117200310022,-3.66452235587448,-18.5666656438779));
#7013=CARTESIAN_POINT('Ctrl Pts',(-4.14998911429769,-3.78211368495847,-18.6116131703285));
#7014=CARTESIAN_POINT('Ctrl Pts',(-4.08317802843407,-4.01375893197914,-18.6935573885995));
#7015=CARTESIAN_POINT('Ctrl Pts',(-3.89146297565239,-4.26873680051681,-18.768632893509));
#7016=CARTESIAN_POINT('Ctrl Pts',(-3.67935531532127,-4.40049998915099,-18.7999073939216));
#7017=CARTESIAN_POINT('Ctrl Pts',(-3.55900256365686,-4.42219670838466,-18.803544310126));
#7018=CARTESIAN_POINT('Ctrl Pts',(-3.50000000000002,-4.42219670838466,-18.803544310126));
#7019=CARTESIAN_POINT('Ctrl Pts',(-4.31024020989745,-3.643816019561,-18.6148262427484));
#7020=CARTESIAN_POINT('Ctrl Pts',(-4.30597403803505,-3.77647955402627,-18.6719556107287));
#7021=CARTESIAN_POINT('Ctrl Pts',(-4.24723539129882,-4.04204100174326,-18.7790754225404));
#7022=CARTESIAN_POINT('Ctrl Pts',(-4.04269586100186,-4.35637244604241,-18.8923910700824));
#7023=CARTESIAN_POINT('Ctrl Pts',(-3.77574192234346,-4.54759138806575,-18.9568297786683));
#7024=CARTESIAN_POINT('Ctrl Pts',(-3.59181901662884,-4.58957982623595,-18.9702644534343));
#7025=CARTESIAN_POINT('Ctrl Pts',(-3.50000000000002,-4.58957982623595,-18.9702644534343));
#7026=CARTESIAN_POINT('Ctrl Pts',(-4.40000000000002,-3.64381601956102,-18.6148262427485));
#7027=CARTESIAN_POINT('Ctrl Pts',(-4.4,-3.78641198498705,-18.6761344508336));
#7028=CARTESIAN_POINT('Ctrl Pts',(-4.34643951637928,-4.07369130641697,-18.7918736215794));
#7029=CARTESIAN_POINT('Ctrl Pts',(-4.13476754451009,-4.42634358865717,-18.9168357755082));
#7030=CARTESIAN_POINT('Ctrl Pts',(-3.834795781415,-4.65631448173681,-18.9912447794838));
#7031=CARTESIAN_POINT('Ctrl Pts',(-3.61195793308076,-4.71122532767615,-19.0080835610638));
#7032=CARTESIAN_POINT('Ctrl Pts',(-3.50000000000002,-4.71122532767615,-19.0080835610638));
#7033=CARTESIAN_POINT('Ctrl Pts',(-3.50000000000002,-4.71122532767615,-19.0080835610638));
#7034=CARTESIAN_POINT('Ctrl Pts',(-3.61195793308076,-4.71122532767615,-19.0080835610638));
#7035=CARTESIAN_POINT('Ctrl Pts',(-3.834795781415,-4.65631448173681,-18.9912447794838));
#7036=CARTESIAN_POINT('Ctrl Pts',(-4.13476754451009,-4.42634358865717,-18.9168357755082));
#7037=CARTESIAN_POINT('Ctrl Pts',(-4.34643951637928,-4.07369130641697,-18.7918736215794));
#7038=CARTESIAN_POINT('Ctrl Pts',(-4.4,-3.78641198498705,-18.6761344508336));
#7039=CARTESIAN_POINT('Ctrl Pts',(-4.40000000000002,-3.64381601956102,-18.6148262427485));
#7040=CARTESIAN_POINT('Ctrl Pts',(-4.00000000000002,-3.80180959637874,-18.2473510331297));
#7041=CARTESIAN_POINT('Ctrl Pts',(-4.00000000000001,-3.90658412264448,-18.2600915797259));
#7042=CARTESIAN_POINT('Ctrl Pts',(-3.97024417576628,-4.11935080393564,-18.2805270115301));
#7043=CARTESIAN_POINT('Ctrl Pts',(-3.85264863583894,-4.38431690736511,-18.2940715947106));
#7044=CARTESIAN_POINT('Ctrl Pts',(-3.68599765634168,-4.55869848792385,-18.298118492589));
#7045=CARTESIAN_POINT('Ctrl Pts',(-3.56219885171154,-4.60054648009714,-18.2984567404845));
#7046=CARTESIAN_POINT('Ctrl Pts',(-3.50000000000002,-4.60054648009714,-18.2984567404845));
#7047=CARTESIAN_POINT('Origin',(-3.50000000000002,-3.77486065821898,-18.8766081771565));
#7048=CARTESIAN_POINT('',(-3.50000000000002,-3.77486065821898,-18.8766081771565));
#7049=CARTESIAN_POINT('Ctrl Pts',(12.9999999999999,-8.99636363992189,-19.6));
#7050=CARTESIAN_POINT('Ctrl Pts',(-18.2000000000001,-8.99636363992199,-19.6));
#7051=CARTESIAN_POINT('Ctrl Pts',(12.9999999999999,-8.22042304061693,-19.6));
#7052=CARTESIAN_POINT('Ctrl Pts',(-18.2000000000001,-8.22042304061703,-19.6));
#7053=CARTESIAN_POINT('Ctrl Pts',(12.9999999999999,-6.7424334176296,-19.5226962494411));
#7054=CARTESIAN_POINT('Ctrl Pts',(-18.2000000000001,-6.7424334176297,-19.5226962494411));
#7055=CARTESIAN_POINT('Ctrl Pts',(12.9999999999999,-4.74711362718593,-19.1748482795233));
#7056=CARTESIAN_POINT('Ctrl Pts',(-18.2000000000001,-4.74711362718603,-19.1748482795233));
#7057=CARTESIAN_POINT('Ctrl Pts',(12.9999999999999,-2.51966891889701,-18.2788253747341));
#7058=CARTESIAN_POINT('Ctrl Pts',(-18.2000000000001,-2.51966891889711,-18.2788253747341));
#7059=CARTESIAN_POINT('Ctrl Pts',(12.9999999999999,-0.40835804380269,-16.6158955625898));
#7060=CARTESIAN_POINT('Ctrl Pts',(-18.2000000000001,-0.408358043802786,
-16.6158955625898));
#7061=CARTESIAN_POINT('Ctrl Pts',(12.9999999999999,1.08254269680958,-14.6396525711584));
#7062=CARTESIAN_POINT('Ctrl Pts',(-18.2000000000001,1.08254269680948,-14.6396525711584));
#7063=CARTESIAN_POINT('Ctrl Pts',(12.9999999999999,1.99905079220697,-12.595903403403));
#7064=CARTESIAN_POINT('Ctrl Pts',(-18.2000000000001,1.99905079220687,-12.595903403403));
#7065=CARTESIAN_POINT('Ctrl Pts',(12.9999999999999,2.37848996221404,-10.7128797093758));
#7066=CARTESIAN_POINT('Ctrl Pts',(-18.2000000000001,2.37848996221394,-10.7128797093758));
#7067=CARTESIAN_POINT('Ctrl Pts',(12.9999999999999,2.25197546717938,-9.17335178831047));
#7068=CARTESIAN_POINT('Ctrl Pts',(-18.2000000000001,2.25197546717928,-9.17335178831047));
#7069=CARTESIAN_POINT('Ctrl Pts',(12.9999999999999,1.65889155295442,-8.06786414667281));
#7070=CARTESIAN_POINT('Ctrl Pts',(-18.2000000000001,1.65889155295432,-8.06786414667281));
#7071=CARTESIAN_POINT('Ctrl Pts',(12.9999999999999,0.843185125700923,-7.54621463808791));
#7072=CARTESIAN_POINT('Ctrl Pts',(-18.2000000000001,0.843185125700827,-7.54621463808791));
#7073=CARTESIAN_POINT('Ctrl Pts',(12.9999999999999,0.0517373776485779,-7.35509216416934));
#7074=CARTESIAN_POINT('Ctrl Pts',(-18.2000000000001,0.051737377648482,-7.35509216416934));
#7075=CARTESIAN_POINT('Ctrl Pts',(12.9999999999999,-0.554420992214699,-7.31510352612459));
#7076=CARTESIAN_POINT('Ctrl Pts',(-18.2000000000001,-0.554420992214795,
-7.31510352612459));
#7077=CARTESIAN_POINT('Ctrl Pts',(12.9999999999999,-0.877133769714011,-7.31697005640771));
#7078=CARTESIAN_POINT('Ctrl Pts',(-18.2000000000001,-0.877133769714107,
-7.31697005640771));
#7079=CARTESIAN_POINT('',(-12.7001787895223,0.115977757145225,-7.40923526418358));
#7080=CARTESIAN_POINT('Ctrl Pts',(-12.7000566954565,0.116236795787863,-7.40912735084408));
#7081=CARTESIAN_POINT('Ctrl Pts',(-12.6999550075191,0.185627725497493,-7.42377021032139));
#7082=CARTESIAN_POINT('Ctrl Pts',(-12.70000435599,0.25447699036561,-7.44038391208834));
#7083=CARTESIAN_POINT('Ctrl Pts',(-12.6999887161828,0.421112975304515,-7.4861951775557));
#7084=CARTESIAN_POINT('Ctrl Pts',(-12.6999963641102,0.610863618112279,-7.54814232106263));
#7085=CARTESIAN_POINT('Ctrl Pts',(-12.6999926133119,0.962143485936748,-7.70283315648467));
#7086=CARTESIAN_POINT('Ctrl Pts',(-12.6999965323363,1.50157549579217,-8.05747848684372));
#7087=CARTESIAN_POINT('Ctrl Pts',(-12.6999967914562,2.27224495886237,-9.08964886897868));
#7088=CARTESIAN_POINT('Ctrl Pts',(-12.6999996009637,2.41792711691496,-11.5256722808111));
#7089=CARTESIAN_POINT('Ctrl Pts',(-12.6999992199796,0.835870976937173,-15.3578452654868));
#7090=CARTESIAN_POINT('Ctrl Pts',(-12.7000001090133,-2.71908538620983,-18.6921019816964));
#7091=CARTESIAN_POINT('Ctrl Pts',(-12.7000000000001,-6.62381663076883,-19.6));
#7092=CARTESIAN_POINT('Ctrl Pts',(-12.7000000000001,-8.99636363992197,-19.6));
#7093=CARTESIAN_POINT('',(-11.1445593422326,-0.876340330412147,-7.31696585079819));
#7094=CARTESIAN_POINT('Ctrl Pts',(-11.1458061527571,-0.875508688834231,
-7.31696087778596));
#7095=CARTESIAN_POINT('Ctrl Pts',(-11.2617602909632,-0.805216416258273,
-7.31657340604394));
#7096=CARTESIAN_POINT('Ctrl Pts',(-11.3789316865519,-0.733599444004541,
-7.31742077658869));
#7097=CARTESIAN_POINT('Ctrl Pts',(-11.4961107291021,-0.661250127303798,
-7.31974668198029));
#7098=CARTESIAN_POINT('Ctrl Pts',(-11.6080460281742,-0.592138430994359,
-7.32196850347632));
#7099=CARTESIAN_POINT('Ctrl Pts',(-11.7199883051205,-0.522358586751619,
-7.32553963818208));
#7100=CARTESIAN_POINT('Ctrl Pts',(-11.8308831806287,-0.452395035214745,
-7.33063683630202));
#7101=CARTESIAN_POINT('Ctrl Pts',(-11.8766452797862,-0.423523737346614,
-7.33274025618253));
#7102=CARTESIAN_POINT('Ctrl Pts',(-11.9222290170454,-0.394620759271574,
-7.33510310447972));
#7103=CARTESIAN_POINT('Ctrl Pts',(-11.9675602988813,-0.365718396192262,
-7.33773583805879));
#7104=CARTESIAN_POINT('Ctrl Pts',(-12.0795767410109,-0.294298843288234,
-7.34424148794689));
#7105=CARTESIAN_POINT('Ctrl Pts',(-12.1915313138976,-0.221925968315419,
-7.35247819817724));
#7106=CARTESIAN_POINT('Ctrl Pts',(-12.3028564667756,-0.148798558048838,
-7.36277242798604));
#7107=CARTESIAN_POINT('Ctrl Pts',(-12.4115532951013,-0.077397645010301,
-7.37282361679058));
#7108=CARTESIAN_POINT('Ctrl Pts',(-12.5196500730844,-0.00527730733506447,
-7.38483626899545));
#7109=CARTESIAN_POINT('Ctrl Pts',(-12.6266185070279,0.0673433426783147,
-7.39915078033051));
#7110=CARTESIAN_POINT('Ctrl Pts',(-12.6508732882463,0.0838098638105483,
-7.40239655413387));
#7111=CARTESIAN_POINT('Ctrl Pts',(-12.6750700565098,0.100301963071676,-7.40576082963938));
#7112=CARTESIAN_POINT('Ctrl Pts',(-12.6992026529545,0.116816825624816,-7.40924784895211));
#7113=CARTESIAN_POINT('',(11.1445593499779,-0.876340326780268,-7.31696585061452));
#7114=CARTESIAN_POINT('',(-1.02166788172168E-13,-0.877133769714051,-7.31697005640771));
#7115=CARTESIAN_POINT('',(12.7001424817276,0.116055099865534,-7.40920324306281));
#7116=CARTESIAN_POINT('Ctrl Pts',(12.6992027523108,0.116816893615587,-7.40924786330796));
#7117=CARTESIAN_POINT('Ctrl Pts',(12.5928908288682,0.0440635607150391,-7.39388640936757));
#7118=CARTESIAN_POINT('Ctrl Pts',(12.485333530164,-0.0282451297003758,-7.38090400852259));
#7119=CARTESIAN_POINT('Ctrl Pts',(12.3770573997899,-0.0998826710359881,
-7.36995281871384));
#7120=CARTESIAN_POINT('Ctrl Pts',(12.2661989408038,-0.173228729955714,-7.35874044880306));
#7121=CARTESIAN_POINT('Ctrl Pts',(12.1545869537657,-0.245871352001872,-7.349657382607));
#7122=CARTESIAN_POINT('Ctrl Pts',(12.042786561261,-0.317604688518071,-7.34237000639872));
#7123=CARTESIAN_POINT('Ctrl Pts',(12.0177184891663,-0.333688857912256,-7.34073601864538));
#7124=CARTESIAN_POINT('Ctrl Pts',(11.9926409449184,-0.349727454028307,-7.33919246256445));
#7125=CARTESIAN_POINT('Ctrl Pts',(11.9675602990461,-0.365718396826406,-7.33773583800102));
#7126=CARTESIAN_POINT('Ctrl Pts',(11.8580489971821,-0.435540720093915,-7.33137568072755));
#7127=CARTESIAN_POINT('Ctrl Pts',(11.747064343108,-0.505369077142499,-7.32659334750052));
#7128=CARTESIAN_POINT('Ctrl Pts',(11.6356509682107,-0.574737739491339,-7.32322970496511));
#7129=CARTESIAN_POINT('Ctrl Pts',(11.5192857791811,-0.647189521105501,-7.31971656392775));
#7130=CARTESIAN_POINT('Ctrl Pts',(11.4024529130821,-0.719139742246544,-7.31775090106312));
#7131=CARTESIAN_POINT('Ctrl Pts',(11.2863425709355,-0.790019543689664,-7.31710855360055));
#7132=CARTESIAN_POINT('Ctrl Pts',(11.2393524641758,-0.81870475273602,-7.31684859419224));
#7133=CARTESIAN_POINT('Ctrl Pts',(11.1924806951648,-0.847214230821473,-7.31680491038602));
#7134=CARTESIAN_POINT('Ctrl Pts',(11.1458061548005,-0.875508688996004,-7.31696087778685));
#7135=CARTESIAN_POINT('Ctrl Pts',(12.6999999999999,-8.99636363992189,-19.6));
#7136=CARTESIAN_POINT('Ctrl Pts',(12.6999999999999,-6.62381663076875,-19.6));
#7137=CARTESIAN_POINT('Ctrl Pts',(12.7000000990046,-2.71912294582182,-18.6917549822159));
#7138=CARTESIAN_POINT('Ctrl Pts',(12.6999970117522,0.836098488437633,-15.3581371954215));
#7139=CARTESIAN_POINT('Ctrl Pts',(12.6999975945483,2.41767238102479,-11.5254848158151));
#7140=CARTESIAN_POINT('Ctrl Pts',(12.6999868760089,2.27231634386179,-9.08907137818088));
#7141=CARTESIAN_POINT('Ctrl Pts',(12.6999910869136,1.39137024717202,-7.91031066696718));
#7142=CARTESIAN_POINT('Ctrl Pts',(12.6999556199332,0.71625693244639,-7.56722220568338));
#7143=CARTESIAN_POINT('Ctrl Pts',(12.7000047107564,0.254477086506441,-7.44037976720914));
#7144=CARTESIAN_POINT('Ctrl Pts',(12.6999553091305,0.185627718812098,-7.423769735768));
#7145=CARTESIAN_POINT('Ctrl Pts',(12.7000568604866,0.116236818605995,-7.40912752026654));
#7146=CARTESIAN_POINT('',(3.50000000000002,-4.71122532767614,-19.0080835610638));
#7147=CARTESIAN_POINT('',(2.50000000000002,-4.71122532767614,-19.0080835610638));
#7148=CARTESIAN_POINT('Ctrl Pts',(3.50000000000002,-4.71122532767614,-19.0080835610638));
#7149=CARTESIAN_POINT('Ctrl Pts',(3.16666666666668,-4.71122532767614,-19.0080835610638));
#7150=CARTESIAN_POINT('Ctrl Pts',(2.83333333333335,-4.71122532767614,-19.0080835610638));
#7151=CARTESIAN_POINT('Ctrl Pts',(2.50000000000002,-4.71122532767614,-19.0080835610638));
#7152=CARTESIAN_POINT('',(4.40000000000002,-3.64381601956096,-18.6148262427484));
#7153=CARTESIAN_POINT('Ctrl Pts',(4.40000000000002,-3.64381601956096,-18.6148262427484));
#7154=CARTESIAN_POINT('Ctrl Pts',(4.39999999999999,-3.85770729873999,-18.7067874073742));
#7155=CARTESIAN_POINT('Ctrl Pts',(4.30029026591258,-4.21864335006274,-18.8466982147842));
#7156=CARTESIAN_POINT('Ctrl Pts',(3.94386052206475,-4.61174624349507,-18.9776895915688));
#7157=CARTESIAN_POINT('Ctrl Pts',(3.6492753814323,-4.71122532767614,-19.0080835610638));
#7158=CARTESIAN_POINT('Ctrl Pts',(3.50000000000002,-4.71122532767614,-19.0080835610638));
#7159=CARTESIAN_POINT('',(4.40000000000002,0.561718523040767,-15.1996947173782));
#7160=CARTESIAN_POINT('Ctrl Pts',(4.40000000000002,0.561718523040766,-15.1996947173782));
#7161=CARTESIAN_POINT('Ctrl Pts',(4.40000000000002,-0.48896443800688,-16.6947363913597));
#7162=CARTESIAN_POINT('Ctrl Pts',(4.40000000000002,-1.96669601048166,-17.893759400547));
#7163=CARTESIAN_POINT('Ctrl Pts',(4.40000000000002,-3.64381601956092,-18.6148262427484));
#7164=CARTESIAN_POINT('',(3.50000000000002,1.06506947135402,-14.4087654322501));
#7165=CARTESIAN_POINT('Ctrl Pts',(3.50000000000002,1.06506947135402,-14.4087654322501));
#7166=CARTESIAN_POINT('Ctrl Pts',(3.7694029585025,1.06506947135402,-14.4087654322501));
#7167=CARTESIAN_POINT('Ctrl Pts',(4.23513329970357,0.949920798348242,-14.6155203073447));
#7168=CARTESIAN_POINT('Ctrl Pts',(4.40000000000871,0.682634809897657,-15.0276400685296));
#7169=CARTESIAN_POINT('Ctrl Pts',(4.40000000000001,0.561718523041985,-15.1996947173764));
#7170=CARTESIAN_POINT('',(2.50000000000006,1.06506947135402,-14.4087654322501));
#7171=CARTESIAN_POINT('Ctrl Pts',(2.50000000000006,1.06506947135401,-14.4087654322501));
#7172=CARTESIAN_POINT('Ctrl Pts',(2.83333333333338,1.06506947135402,-14.4087654322501));
#7173=CARTESIAN_POINT('Ctrl Pts',(3.1666666666667,1.06506947135402,-14.4087654322501));
#7174=CARTESIAN_POINT('Ctrl Pts',(3.50000000000002,1.06506947135402,-14.4087654322501));
#7175=CARTESIAN_POINT('',(1.60000000000002,0.561718523040729,-15.1996947173782));
#7176=CARTESIAN_POINT('Ctrl Pts',(1.60000000000002,0.561718523040728,-15.1996947173782));
#7177=CARTESIAN_POINT('Ctrl Pts',(1.59999999998781,0.722940738333444,-14.9702878081866));
#7178=CARTESIAN_POINT('Ctrl Pts',(1.82623163870525,0.981444418023526,-14.5596405922575));
#7179=CARTESIAN_POINT('Ctrl Pts',(2.29794715514,1.06506947135402,-14.4087654322501));
#7180=CARTESIAN_POINT('Ctrl Pts',(2.50000000000006,1.06506947135402,-14.4087654322501));
#7181=CARTESIAN_POINT('',(1.60000000000002,-3.64381601956096,-18.6148262427484));
#7182=CARTESIAN_POINT('Ctrl Pts',(1.60000000000002,-3.64381601956096,-18.6148262427484));
#7183=CARTESIAN_POINT('Ctrl Pts',(1.60000000000002,-1.96669601048172,-17.8937594005471));
#7184=CARTESIAN_POINT('Ctrl Pts',(1.60000000000002,-0.488964438007434,-16.6947363913604));
#7185=CARTESIAN_POINT('Ctrl Pts',(1.60000000000002,0.561718523040717,-15.1996947173782));
#7186=CARTESIAN_POINT('Ctrl Pts',(2.50000000000002,-4.71122532767614,-19.0080835610638));
#7187=CARTESIAN_POINT('Ctrl Pts',(2.35072275589236,-4.71122532767614,-19.0080835610638));
#7188=CARTESIAN_POINT('Ctrl Pts',(2.05615072659242,-4.61175822953121,-18.9776933933675));
#7189=CARTESIAN_POINT('Ctrl Pts',(1.69969819819476,-4.21864833792317,-18.8467002374777));
#7190=CARTESIAN_POINT('Ctrl Pts',(1.60000000000005,-3.85770996770019,-18.7067885548763));
#7191=CARTESIAN_POINT('Ctrl Pts',(1.60000000000002,-3.64381601956099,-18.6148262427484));
#7192=CARTESIAN_POINT('Ctrl Pts',(2.50000000000002,-4.60054648009713,-18.2984567404845));
#7193=CARTESIAN_POINT('Ctrl Pts',(2.83333333333335,-4.60054648009713,-18.2984567404845));
#7194=CARTESIAN_POINT('Ctrl Pts',(3.16666666666668,-4.60054648009713,-18.2984567404845));
#7195=CARTESIAN_POINT('Ctrl Pts',(3.50000000000002,-4.60054648009713,-18.2984567404845));
#7196=CARTESIAN_POINT('Ctrl Pts',(2.50000000000002,-4.53097926874937,-18.3471682262825));
#7197=CARTESIAN_POINT('Ctrl Pts',(2.83333333333335,-4.53097926874937,-18.3471682262825));
#7198=CARTESIAN_POINT('Ctrl Pts',(3.16666666666668,-4.53097926874937,-18.3471682262825));
#7199=CARTESIAN_POINT('Ctrl Pts',(3.50000000000002,-4.53097926874937,-18.3471682262825));
#7200=CARTESIAN_POINT('Ctrl Pts',(2.50000000000002,-4.42459047169688,-18.4898837264039));
#7201=CARTESIAN_POINT('Ctrl Pts',(2.83333333333335,-4.42459047169688,-18.4898837264039));
#7202=CARTESIAN_POINT('Ctrl Pts',(3.16666666666668,-4.42459047169688,-18.4898837264039));
#7203=CARTESIAN_POINT('Ctrl Pts',(3.50000000000002,-4.42459047169688,-18.4898837264039));
#7204=CARTESIAN_POINT('Ctrl Pts',(2.50000000000002,-4.42219559474637,-18.8035453816721));
#7205=CARTESIAN_POINT('Ctrl Pts',(2.83333333333335,-4.42219559474637,-18.8035453816721));
#7206=CARTESIAN_POINT('Ctrl Pts',(3.16666666666668,-4.42219559474637,-18.8035453816721));
#7207=CARTESIAN_POINT('Ctrl Pts',(3.50000000000002,-4.42219559474637,-18.8035453816721));
#7208=CARTESIAN_POINT('Ctrl Pts',(2.50000000000002,-4.58957982623595,-18.9702644534343));
#7209=CARTESIAN_POINT('Ctrl Pts',(2.83333333333335,-4.58957982623595,-18.9702644534343));
#7210=CARTESIAN_POINT('Ctrl Pts',(3.16666666666668,-4.58957982623595,-18.9702644534343));
#7211=CARTESIAN_POINT('Ctrl Pts',(3.50000000000002,-4.58957982623595,-18.9702644534343));
#7212=CARTESIAN_POINT('Ctrl Pts',(2.50000000000002,-4.71122532767614,-19.0080835610638));
#7213=CARTESIAN_POINT('Ctrl Pts',(2.83333333333335,-4.71122532767614,-19.0080835610638));
#7214=CARTESIAN_POINT('Ctrl Pts',(3.16666666666668,-4.71122532767614,-19.0080835610638));
#7215=CARTESIAN_POINT('Ctrl Pts',(3.50000000000002,-4.71122532767614,-19.0080835610638));
#7216=CARTESIAN_POINT('',(3.50000000000002,-4.60054648009713,-18.2984567404845));
#7217=CARTESIAN_POINT('Origin',(3.50000000000002,-4.82997705463755,-18.6261175582001));
#7218=CARTESIAN_POINT('',(2.50000000000002,-4.60054648009713,-18.2984567404845));
#7219=CARTESIAN_POINT('Origin',(2.50000000000002,-4.82997705463755,-18.6261175582001));
#7220=CARTESIAN_POINT('Ctrl Pts',(2.50000000000002,-4.60054648009713,-18.2984567404845));
#7221=CARTESIAN_POINT('Ctrl Pts',(2.83333333333335,-4.60054648009713,-18.2984567404845));
#7222=CARTESIAN_POINT('Ctrl Pts',(3.16666666666668,-4.60054648009713,-18.2984567404845));
#7223=CARTESIAN_POINT('Ctrl Pts',(3.50000000000002,-4.60054648009713,-18.2984567404845));
#7224=CARTESIAN_POINT('Ctrl Pts',(3.50000000000002,-4.60054648009713,-18.2984567404845));
#7225=CARTESIAN_POINT('Ctrl Pts',(3.5829307674624,-4.60054648009713,-18.2984567404845));
#7226=CARTESIAN_POINT('Ctrl Pts',(3.74658917892487,-4.52470701499442,-18.2979198746233));
#7227=CARTESIAN_POINT('Ctrl Pts',(3.94460570328478,-4.22748652781498,-18.2884316199977));
#7228=CARTESIAN_POINT('Ctrl Pts',(4.,-3.95896942471889,-18.26646161456));
#7229=CARTESIAN_POINT('Ctrl Pts',(4.00000000000002,-3.80180959637869,-18.2473510331297));
#7230=CARTESIAN_POINT('Ctrl Pts',(3.50000000000002,-4.53097926874937,-18.3471682262825));
#7231=CARTESIAN_POINT('Ctrl Pts',(3.57198887214337,-4.53097926874937,-18.3471682262825));
#7232=CARTESIAN_POINT('Ctrl Pts',(3.7170760277323,-4.46919537814027,-18.3525651112152));
#7233=CARTESIAN_POINT('Ctrl Pts',(3.92294464197443,-4.19847659279677,-18.3518529622831));
#7234=CARTESIAN_POINT('Ctrl Pts',(3.99332122168004,-3.93487323507654,-18.3258520420786));
#7235=CARTESIAN_POINT('Ctrl Pts',(4.00000000000001,-3.7781738125575,-18.3023251959351));
#7236=CARTESIAN_POINT('Ctrl Pts',(3.50000000000002,-4.42459126072425,-18.4898834858466));
#7237=CARTESIAN_POINT('Ctrl Pts',(3.55956221203651,-4.42459126072425,-18.4898834858466));
#7238=CARTESIAN_POINT('Ctrl Pts',(3.68538222862637,-4.38532034401107,-18.4994558612335));
#7239=CARTESIAN_POINT('Ctrl Pts',(3.91633656945963,-4.1517776747327,-18.4940986355003));
#7240=CARTESIAN_POINT('Ctrl Pts',(4.01134142272781,-3.89011278672776,-18.4491848064094));
#7241=CARTESIAN_POINT('Ctrl Pts',(4.02737594864342,-3.73097730853923,-18.412098932037));
#7242=CARTESIAN_POINT('Ctrl Pts',(3.50000000000002,-4.42219670838509,-18.8035443101256));
#7243=CARTESIAN_POINT('Ctrl Pts',(3.57866910323368,-4.42219670838509,-18.8035443101256));
#7244=CARTESIAN_POINT('Ctrl Pts',(3.74376537853105,-4.38262220761889,-18.7970426763907));
#7245=CARTESIAN_POINT('Ctrl Pts',(4.03225017207278,-4.12971884509687,-18.7313398045861));
#7246=CARTESIAN_POINT('Ctrl Pts',(4.14439787920594,-3.84090714855071,-18.6340860922735));
#7247=CARTESIAN_POINT('Ctrl Pts',(4.16117200310028,-3.66452235587449,-18.5666656438778));
#7248=CARTESIAN_POINT('Ctrl Pts',(3.50000000000002,-4.58957982623594,-18.9702644534343));
#7249=CARTESIAN_POINT('Ctrl Pts',(3.62242382788651,-4.58957982623594,-18.9702644534343));
#7250=CARTESIAN_POINT('Ctrl Pts',(3.86790109354007,-4.51350030495682,-18.9458955915183));
#7251=CARTESIAN_POINT('Ctrl Pts',(4.19914104756564,-4.1758811549243,-18.8295605513503));
#7252=CARTESIAN_POINT('Ctrl Pts',(4.30384103195354,-3.84280883820353,-18.7005192254318));
#7253=CARTESIAN_POINT('Ctrl Pts',(4.31024020989745,-3.64381601956095,-18.6148262427484));
#7254=CARTESIAN_POINT('Ctrl Pts',(3.50000000000002,-4.71122532767614,-19.0080835610638));
#7255=CARTESIAN_POINT('Ctrl Pts',(3.6492753814323,-4.71122532767614,-19.0080835610638));
#7256=CARTESIAN_POINT('Ctrl Pts',(3.94386052206475,-4.61174624349507,-18.9776895915688));
#7257=CARTESIAN_POINT('Ctrl Pts',(4.30029026591258,-4.21864335006274,-18.8466982147842));
#7258=CARTESIAN_POINT('Ctrl Pts',(4.39999999999999,-3.85770729873999,-18.7067874073742));
#7259=CARTESIAN_POINT('Ctrl Pts',(4.40000000000002,-3.64381601956096,-18.6148262427484));
#7260=CARTESIAN_POINT('',(4.00000000000002,-3.80180959637867,-18.2473510331296));
#7261=CARTESIAN_POINT('Origin',(4.40000000000002,-3.80180959637872,-18.2473510331297));
#7262=CARTESIAN_POINT('Ctrl Pts',(3.50000000000002,-4.60054648009713,-18.2984567404845));
#7263=CARTESIAN_POINT('Ctrl Pts',(3.5829307674624,-4.60054648009713,-18.2984567404845));
#7264=CARTESIAN_POINT('Ctrl Pts',(3.74658917892487,-4.52470701499442,-18.2979198746233));
#7265=CARTESIAN_POINT('Ctrl Pts',(3.94460570328478,-4.22748652781498,-18.2884316199977));
#7266=CARTESIAN_POINT('Ctrl Pts',(4.,-3.95896942471889,-18.26646161456));
#7267=CARTESIAN_POINT('Ctrl Pts',(4.00000000000002,-3.80180959637869,-18.2473510331297));
#7268=CARTESIAN_POINT('Ctrl Pts',(4.00000000000002,-3.80180959637869,-18.2473510331297));
#7269=CARTESIAN_POINT('Ctrl Pts',(4.00000000000002,-2.18886828203139,-17.5538774033976));
#7270=CARTESIAN_POINT('Ctrl Pts',(4.00000000000002,-0.775051586584254,-16.4061486256048));
#7271=CARTESIAN_POINT('Ctrl Pts',(4.00000000000002,0.234453494804702,-14.9696999320163));
#7272=CARTESIAN_POINT('Ctrl Pts',(4.00000000000002,-3.7604469746916,-18.3435558180392));
#7273=CARTESIAN_POINT('Ctrl Pts',(4.00000000000002,-2.13067273607165,-17.6428449819745));
#7274=CARTESIAN_POINT('Ctrl Pts',(4.00000000000002,-0.700174024220323,-16.4817290108698));
#7275=CARTESIAN_POINT('Ctrl Pts',(4.00000000000002,0.320131278844974,-15.029912426021));
#7276=CARTESIAN_POINT('Ctrl Pts',(4.08667170457981,-3.67804995109956,-18.5352019857272));
#7277=CARTESIAN_POINT('Ctrl Pts',(4.08667170457981,-2.01490506701045,-17.8201436576402));
#7278=CARTESIAN_POINT('Ctrl Pts',(4.08667170457981,-0.550909361886284,-16.6321424740811));
#7279=CARTESIAN_POINT('Ctrl Pts',(4.08667170457981,0.490806978424327,-15.1498596171487));
#7280=CARTESIAN_POINT('Ctrl Pts',(4.29528024488036,-3.64381601956092,-18.6148262427484));
#7281=CARTESIAN_POINT('Ctrl Pts',(4.29528024488036,-1.96656101457855,-17.8937013599363));
#7282=CARTESIAN_POINT('Ctrl Pts',(4.29528024488036,-0.489051053122318,-16.6948596380592));
#7283=CARTESIAN_POINT('Ctrl Pts',(4.29528024488036,0.561718523040766,-15.1996947173782));
#7284=CARTESIAN_POINT('Ctrl Pts',(4.40000000000002,-3.64381601956092,-18.6148262427484));
#7285=CARTESIAN_POINT('Ctrl Pts',(4.40000000000002,-1.96669601048166,-17.893759400547));
#7286=CARTESIAN_POINT('Ctrl Pts',(4.40000000000002,-0.48896443800688,-16.6947363913597));
#7287=CARTESIAN_POINT('Ctrl Pts',(4.40000000000002,0.561718523040766,-15.1996947173782));
#7288=CARTESIAN_POINT('',(4.00000000000002,0.234453494816395,-14.9696999319996));
#7289=CARTESIAN_POINT('Origin',(4.40000000000002,0.234453494804701,-14.9696999320163));
#7290=CARTESIAN_POINT('Ctrl Pts',(4.00000000000002,-3.80180959637869,-18.2473510331297));
#7291=CARTESIAN_POINT('Ctrl Pts',(4.00000000000002,-2.18886828203139,-17.5538774033976));
#7292=CARTESIAN_POINT('Ctrl Pts',(4.00000000000002,-0.775051586584254,-16.4061486256048));
#7293=CARTESIAN_POINT('Ctrl Pts',(4.00000000000002,0.234453494804702,-14.9696999320163));
#7294=CARTESIAN_POINT('Ctrl Pts',(4.00000000000002,0.234453494815746,-14.9696999320005));
#7295=CARTESIAN_POINT('Ctrl Pts',(4.00000000000485,0.299123233424202,-14.8779489214213));
#7296=CARTESIAN_POINT('Ctrl Pts',(3.90840738872424,0.435721708430663,-14.6536572324385));
#7297=CARTESIAN_POINT('Ctrl Pts',(3.64966831027917,0.488702823625503,-14.5373399342109));
#7298=CARTESIAN_POINT('Ctrl Pts',(3.50000000000002,0.488702823625503,-14.5373399342109));
#7299=CARTESIAN_POINT('Ctrl Pts',(4.00000000000001,0.320131278856036,-15.0299124260053));
#7300=CARTESIAN_POINT('Ctrl Pts',(4.00004142224794,0.385914296272598,-14.9365325815186));
#7301=CARTESIAN_POINT('Ctrl Pts',(3.9031344158103,0.526670826149099,-14.7103442115915));
#7302=CARTESIAN_POINT('Ctrl Pts',(3.64635817601917,0.579393787747556,-14.6008424309367));
#7303=CARTESIAN_POINT('Ctrl Pts',(3.50000000000002,0.579393787747556,-14.6008424309367));
#7304=CARTESIAN_POINT('Ctrl Pts',(4.08664133532502,0.49083182542084,-15.1498770790615));
#7305=CARTESIAN_POINT('Ctrl Pts',(4.08671711468285,0.570362512452437,-15.0367896840109));
#7306=CARTESIAN_POINT('Ctrl Pts',(3.96981518970632,0.746237385523525,-14.7683517115891));
#7307=CARTESIAN_POINT('Ctrl Pts',(3.67008157598838,0.815780664891545,-14.6474068690762));
#7308=CARTESIAN_POINT('Ctrl Pts',(3.50000000000002,0.815780664891545,-14.6474068690762));
#7309=CARTESIAN_POINT('Ctrl Pts',(4.29528024488035,0.561718523044576,-15.1996947173727));
#7310=CARTESIAN_POINT('Ctrl Pts',(4.29530628555258,0.669101351144776,-15.0468956853779));
#7311=CARTESIAN_POINT('Ctrl Pts',(4.14632298314114,0.907806677874204,-14.6824641354621));
#7312=CARTESIAN_POINT('Ctrl Pts',(3.73604994797199,1.00996575146102,-14.5047914605849));
#7313=CARTESIAN_POINT('Ctrl Pts',(3.50000000000002,1.00996575146102,-14.5047914605849));
#7314=CARTESIAN_POINT('Ctrl Pts',(4.40000000000001,0.561718523041985,-15.1996947173764));
#7315=CARTESIAN_POINT('Ctrl Pts',(4.40000000000871,0.682634809897657,-15.0276400685296));
#7316=CARTESIAN_POINT('Ctrl Pts',(4.23513329970357,0.949920798348242,-14.6155203073447));
#7317=CARTESIAN_POINT('Ctrl Pts',(3.7694029585025,1.06506947135402,-14.4087654322501));
#7318=CARTESIAN_POINT('Ctrl Pts',(3.50000000000002,1.06506947135402,-14.4087654322501));
#7319=CARTESIAN_POINT('',(3.50000000000002,0.488702823625503,-14.5373399342109));
#7320=CARTESIAN_POINT('Origin',(3.50000000000002,0.718133398165921,-14.2096791164953));
#7321=CARTESIAN_POINT('Ctrl Pts',(4.00000000000002,0.234453494815746,-14.9696999320005));
#7322=CARTESIAN_POINT('Ctrl Pts',(4.00000000000485,0.299123233424202,-14.8779489214213));
#7323=CARTESIAN_POINT('Ctrl Pts',(3.90840738872424,0.435721708430663,-14.6536572324385));
#7324=CARTESIAN_POINT('Ctrl Pts',(3.64966831027917,0.488702823625503,-14.5373399342109));
#7325=CARTESIAN_POINT('Ctrl Pts',(3.50000000000002,0.488702823625503,-14.5373399342109));
#7326=CARTESIAN_POINT('Ctrl Pts',(3.50000000000002,0.488702823625502,-14.5373399342109));
#7327=CARTESIAN_POINT('Ctrl Pts',(3.1666666666667,0.488702823625502,-14.5373399342109));
#7328=CARTESIAN_POINT('Ctrl Pts',(2.83333333333338,0.488702823625501,-14.5373399342109));
#7329=CARTESIAN_POINT('Ctrl Pts',(2.50000000000006,0.4887028236255,-14.5373399342109));
#7330=CARTESIAN_POINT('Ctrl Pts',(3.50000000000002,0.579393787747555,-14.6008424309367));
#7331=CARTESIAN_POINT('Ctrl Pts',(3.1666666666667,0.579393787747554,-14.6008424309367));
#7332=CARTESIAN_POINT('Ctrl Pts',(2.83333333333338,0.579393787747554,-14.6008424309367));
#7333=CARTESIAN_POINT('Ctrl Pts',(2.50000000000006,0.579393787747553,-14.6008424309367));
#7334=CARTESIAN_POINT('Ctrl Pts',(3.50000000000002,0.815783184398133,-14.6474181633806));
#7335=CARTESIAN_POINT('Ctrl Pts',(3.1666666666667,0.815783184398133,-14.6474181633806));
#7336=CARTESIAN_POINT('Ctrl Pts',(2.83333333333338,0.815783184398132,-14.6474181633806));
#7337=CARTESIAN_POINT('Ctrl Pts',(2.50000000000006,0.815783184398131,-14.6474181633806));
#7338=CARTESIAN_POINT('Ctrl Pts',(3.50000000000002,1.00996575146102,-14.5047914605849));
#7339=CARTESIAN_POINT('Ctrl Pts',(3.1666666666667,1.00996575146102,-14.5047914605849));
#7340=CARTESIAN_POINT('Ctrl Pts',(2.83333333333338,1.00996575146102,-14.5047914605849));
#7341=CARTESIAN_POINT('Ctrl Pts',(2.50000000000006,1.00996575146102,-14.5047914605849));
#7342=CARTESIAN_POINT('Ctrl Pts',(3.50000000000002,1.06506947135402,-14.4087654322501));
#7343=CARTESIAN_POINT('Ctrl Pts',(3.1666666666667,1.06506947135402,-14.4087654322501));
#7344=CARTESIAN_POINT('Ctrl Pts',(2.83333333333338,1.06506947135402,-14.4087654322501));
#7345=CARTESIAN_POINT('Ctrl Pts',(2.50000000000006,1.06506947135401,-14.4087654322501));
#7346=CARTESIAN_POINT('',(2.50000000000006,0.4887028236255,-14.5373399342109));
#7347=CARTESIAN_POINT('Origin',(2.50000000000006,0.718133398165918,-14.2096791164953));
#7348=CARTESIAN_POINT('Ctrl Pts',(3.50000000000002,0.488702823625502,-14.5373399342109));
#7349=CARTESIAN_POINT('Ctrl Pts',(3.1666666666667,0.488702823625502,-14.5373399342109));
#7350=CARTESIAN_POINT('Ctrl Pts',(2.83333333333338,0.488702823625501,-14.5373399342109));
#7351=CARTESIAN_POINT('Ctrl Pts',(2.50000000000006,0.4887028236255,-14.5373399342109));
#7352=CARTESIAN_POINT('Ctrl Pts',(2.50000000000006,0.488702823625501,-14.5373399342109));
#7353=CARTESIAN_POINT('Ctrl Pts',(2.38774841952224,0.4887028236255,-14.5373399342109));
#7354=CARTESIAN_POINT('Ctrl Pts',(2.12568424372515,0.450373701841491,-14.6222967149841));
#7355=CARTESIAN_POINT('Ctrl Pts',(1.99999999999324,0.320680080099708,-14.847364872221));
#7356=CARTESIAN_POINT('Ctrl Pts',(2.00000000000002,0.234453494815059,-14.9696999320015));
#7357=CARTESIAN_POINT('Ctrl Pts',(2.50000000000006,0.579393787747554,-14.6008424309367));
#7358=CARTESIAN_POINT('Ctrl Pts',(2.39023102790866,0.579393787747553,-14.6008424309367));
#7359=CARTESIAN_POINT('Ctrl Pts',(2.13205978405492,0.541719159992893,-14.6799534121302));
#7360=CARTESIAN_POINT('Ctrl Pts',(1.99994477016466,0.407842240482873,-14.905405580954));
#7361=CARTESIAN_POINT('Ctrl Pts',(2.00000000000003,0.320131278855336,-15.0299124260062));
#7362=CARTESIAN_POINT('Ctrl Pts',(2.50000000000006,0.815785476096073,-14.647428436477));
#7363=CARTESIAN_POINT('Ctrl Pts',(2.37243842280819,0.815785476096072,-14.647428436477));
#7364=CARTESIAN_POINT('Ctrl Pts',(2.07177750727314,0.765989577708952,-14.7343546436472));
#7365=CARTESIAN_POINT('Ctrl Pts',(1.91327029110333,0.596883432743686,-14.9991007012358));
#7366=CARTESIAN_POINT('Ctrl Pts',(1.91337133056055,0.490842188173473,-15.1498843617818));
#7367=CARTESIAN_POINT('Ctrl Pts',(2.50000000000006,1.00996575146102,-14.5047914605849));
#7368=CARTESIAN_POINT('Ctrl Pts',(2.32296199053674,1.00996575146102,-14.5047914605849));
#7369=CARTESIAN_POINT('Ctrl Pts',(1.90852852799352,0.935951645529777,-14.6339287367116));
#7370=CARTESIAN_POINT('Ctrl Pts',(1.70468503411526,0.70489607075772,-14.9959620435271));
#7371=CARTESIAN_POINT('Ctrl Pts',(1.70471975511968,0.561718523043456,-15.1996947173743));
#7372=CARTESIAN_POINT('Ctrl Pts',(2.50000000000006,1.06506947135402,-14.4087654322501));
#7373=CARTESIAN_POINT('Ctrl Pts',(2.29794715514,1.06506947135402,-14.4087654322501));
#7374=CARTESIAN_POINT('Ctrl Pts',(1.82623163870525,0.981444418023526,-14.5596405922575));
#7375=CARTESIAN_POINT('Ctrl Pts',(1.59999999998781,0.722940738333444,-14.9702878081866));
#7376=CARTESIAN_POINT('Ctrl Pts',(1.60000000000002,0.561718523040728,-15.1996947173782));
#7377=CARTESIAN_POINT('',(2.00000000000002,0.234453494821555,-14.9696999319922));
#7378=CARTESIAN_POINT('Origin',(1.60000000000002,0.234453494804665,-14.9696999320163));
#7379=CARTESIAN_POINT('Ctrl Pts',(2.50000000000006,0.488702823625501,-14.5373399342109));
#7380=CARTESIAN_POINT('Ctrl Pts',(2.38774841952224,0.4887028236255,-14.5373399342109));
#7381=CARTESIAN_POINT('Ctrl Pts',(2.12568424372515,0.450373701841491,-14.6222967149841));
#7382=CARTESIAN_POINT('Ctrl Pts',(1.99999999999324,0.320680080099708,-14.847364872221));
#7383=CARTESIAN_POINT('Ctrl Pts',(2.00000000000002,0.234453494815059,-14.9696999320015));
#7384=CARTESIAN_POINT('Ctrl Pts',(2.00000000000002,0.234453494804651,-14.9696999320164));
#7385=CARTESIAN_POINT('Ctrl Pts',(2.00000000000002,-0.775051586584295,-16.4061486256048));
#7386=CARTESIAN_POINT('Ctrl Pts',(2.00000000000002,-2.18886828203146,-17.5538774033976));
#7387=CARTESIAN_POINT('Ctrl Pts',(2.00000000000002,-3.80180959637872,-18.2473510331297));
#7388=CARTESIAN_POINT('Ctrl Pts',(2.00000000000002,0.320131278844925,-15.0299124260211));
#7389=CARTESIAN_POINT('Ctrl Pts',(2.00000000000002,-0.700174024220499,-16.48172901087));
#7390=CARTESIAN_POINT('Ctrl Pts',(2.00000000000002,-2.13067273607171,-17.6428449819745));
#7391=CARTESIAN_POINT('Ctrl Pts',(2.00000000000002,-3.76044697469164,-18.3435558180393));
#7392=CARTESIAN_POINT('Ctrl Pts',(1.91333909834302,0.490815816971365,-15.1498658286886));
#7393=CARTESIAN_POINT('Ctrl Pts',(1.91333909834302,-0.550900523339636,-16.6321486856215));
#7394=CARTESIAN_POINT('Ctrl Pts',(1.91333909834302,-2.01490080002947,-17.820153582156));
#7395=CARTESIAN_POINT('Ctrl Pts',(1.91333909834302,-3.67804568411856,-18.5352119102431));
#7396=CARTESIAN_POINT('Ctrl Pts',(1.70471975511968,0.561718523040717,-15.1996947173782));
#7397=CARTESIAN_POINT('Ctrl Pts',(1.70471975511968,-0.489051053122877,-16.69485963806));
#7398=CARTESIAN_POINT('Ctrl Pts',(1.70471975511968,-1.96656101457861,-17.8937013599363));
#7399=CARTESIAN_POINT('Ctrl Pts',(1.70471975511968,-3.64381601956096,-18.6148262427484));
#7400=CARTESIAN_POINT('Ctrl Pts',(1.60000000000002,0.561718523040717,-15.1996947173782));
#7401=CARTESIAN_POINT('Ctrl Pts',(1.60000000000002,-0.488964438007434,-16.6947363913604));
#7402=CARTESIAN_POINT('Ctrl Pts',(1.60000000000002,-1.96669601048172,-17.8937594005471));
#7403=CARTESIAN_POINT('Ctrl Pts',(1.60000000000002,-3.64381601956096,-18.6148262427484));
#7404=CARTESIAN_POINT('',(2.00000000000002,-3.80180959637869,-18.2473510331297));
#7405=CARTESIAN_POINT('Origin',(1.60000000000002,-3.80180959637872,-18.2473510331297));
#7406=CARTESIAN_POINT('Ctrl Pts',(2.00000000000002,0.234453494804651,-14.9696999320164));
#7407=CARTESIAN_POINT('Ctrl Pts',(2.00000000000002,-0.775051586584295,-16.4061486256048));
#7408=CARTESIAN_POINT('Ctrl Pts',(2.00000000000002,-2.18886828203146,-17.5538774033976));
#7409=CARTESIAN_POINT('Ctrl Pts',(2.00000000000002,-3.80180959637872,-18.2473510331297));
#7410=CARTESIAN_POINT('Ctrl Pts',(2.00000000000002,-3.80180959637872,-18.2473510331297));
#7411=CARTESIAN_POINT('Ctrl Pts',(2.00000000000004,-3.95897138577732,-18.266461853024));
#7412=CARTESIAN_POINT('Ctrl Pts',(2.055387887886,-4.22749021848183,-18.2884319837962));
#7413=CARTESIAN_POINT('Ctrl Pts',(2.25341707032914,-4.52471612115093,-18.297920033757));
#7414=CARTESIAN_POINT('Ctrl Pts',(2.41706819771799,-4.60054648009713,-18.2984567404845));
#7415=CARTESIAN_POINT('Ctrl Pts',(2.50000000000002,-4.60054648009713,-18.2984567404845));
#7416=CARTESIAN_POINT('Ctrl Pts',(2.00000000000002,-3.77817381255752,-18.3023251959351));
#7417=CARTESIAN_POINT('Ctrl Pts',(2.00667886165857,-3.93487519039001,-18.3258523356493));
#7418=CARTESIAN_POINT('Ctrl Pts',(2.07705048418018,-4.19848024599418,-18.3518533707123));
#7419=CARTESIAN_POINT('Ctrl Pts',(2.2829305226357,-4.46920315908029,-18.3525647136731));
#7420=CARTESIAN_POINT('Ctrl Pts',(2.42801022957125,-4.53097926874937,-18.3471682262825));
#7421=CARTESIAN_POINT('Ctrl Pts',(2.50000000000002,-4.53097926874937,-18.3471682262825));
#7422=CARTESIAN_POINT('Ctrl Pts',(1.97262490921073,-3.73097691984751,-18.4120998360901));
#7423=CARTESIAN_POINT('Ctrl Pts',(1.988659635207,-3.89011438374693,-18.4491861732244));
#7424=CARTESIAN_POINT('Ctrl Pts',(2.08366112845031,-4.15177836650075,-18.4941005670301));
#7425=CARTESIAN_POINT('Ctrl Pts',(2.31462577319482,-4.38532316982345,-18.4994563943495));
#7426=CARTESIAN_POINT('Ctrl Pts',(2.44043704473939,-4.42458725967971,-18.4898846930486));
#7427=CARTESIAN_POINT('Ctrl Pts',(2.50000000000002,-4.42458725967971,-18.4898846930486));
#7428=CARTESIAN_POINT('Ctrl Pts',(1.83882880363422,-3.66452158744981,-18.5666674311468));
#7429=CARTESIAN_POINT('Ctrl Pts',(1.85560313683801,-3.84090858107592,-18.6340887208228));
#7430=CARTESIAN_POINT('Ctrl Pts',(1.96774647402446,-4.12971879391126,-18.7313457211645));
#7431=CARTESIAN_POINT('Ctrl Pts',(2.25624473830622,-4.38262413912302,-18.7970483355939));
#7432=CARTESIAN_POINT('Ctrl Pts',(2.42132991512423,-4.42219104540599,-18.8035497707102));
#7433=CARTESIAN_POINT('Ctrl Pts',(2.50000000000002,-4.42219104540599,-18.8035497707102));
#7434=CARTESIAN_POINT('Ctrl Pts',(1.68975979010259,-3.64381601956098,-18.6148262427484));
#7435=CARTESIAN_POINT('Ctrl Pts',(1.69615904789618,-3.84281132125902,-18.7005202947188));
#7436=CARTESIAN_POINT('Ctrl Pts',(1.80085011055719,-4.17588552107491,-18.8295626380794));
#7437=CARTESIAN_POINT('Ctrl Pts',(2.13210931961653,-4.51350978915182,-18.9458988766977));
#7438=CARTESIAN_POINT('Ctrl Pts',(2.37757464449492,-4.58957982623595,-18.9702644534343));
#7439=CARTESIAN_POINT('Ctrl Pts',(2.50000000000002,-4.58957982623595,-18.9702644534343));
#7440=CARTESIAN_POINT('Ctrl Pts',(1.60000000000002,-3.64381601956099,-18.6148262427484));
#7441=CARTESIAN_POINT('Ctrl Pts',(1.60000000000005,-3.85770996770019,-18.7067885548763));
#7442=CARTESIAN_POINT('Ctrl Pts',(1.69969819819476,-4.21864833792317,-18.8467002374777));
#7443=CARTESIAN_POINT('Ctrl Pts',(2.05615072659242,-4.61175822953121,-18.9776933933675));
#7444=CARTESIAN_POINT('Ctrl Pts',(2.35072275589236,-4.71122532767614,-19.0080835610638));
#7445=CARTESIAN_POINT('Ctrl Pts',(2.50000000000002,-4.71122532767614,-19.0080835610638));
#7446=CARTESIAN_POINT('Ctrl Pts',(2.00000000000002,-3.80180959637872,-18.2473510331297));
#7447=CARTESIAN_POINT('Ctrl Pts',(2.00000000000004,-3.95897138577732,-18.266461853024));
#7448=CARTESIAN_POINT('Ctrl Pts',(2.055387887886,-4.22749021848183,-18.2884319837962));
#7449=CARTESIAN_POINT('Ctrl Pts',(2.25341707032914,-4.52471612115093,-18.297920033757));
#7450=CARTESIAN_POINT('Ctrl Pts',(2.41706819771799,-4.60054648009713,-18.2984567404845));
#7451=CARTESIAN_POINT('Ctrl Pts',(2.50000000000002,-4.60054648009713,-18.2984567404845));
#7452=CARTESIAN_POINT('Origin',(3.50000000000002,-0.62019025828822,-14.371271933567));
#7453=CARTESIAN_POINT('',(4.00000000000002,-1.7081138724997,-13.6094996179001));
#7454=CARTESIAN_POINT('',(4.00000000000002,-0.62019025828822,-14.371271933567));
#7455=CARTESIAN_POINT('',(3.50000000000002,-1.64075941615002,-13.0462744215871));
#7456=CARTESIAN_POINT('Ctrl Pts',(3.50000000000002,-1.64075941615002,-13.0462744215871));
#7457=CARTESIAN_POINT('Ctrl Pts',(3.57637946595249,-1.64075941615002,-13.0462744215871));
#7458=CARTESIAN_POINT('Ctrl Pts',(3.72857931100778,-1.64184076489324,-13.0893459774316));
#7459=CARTESIAN_POINT('Ctrl Pts',(3.93712818510553,-1.66165983266467,-13.2833560910927));
#7460=CARTESIAN_POINT('Ctrl Pts',(4.00000000000013,-1.69030356944175,-13.4872709756109));
#7461=CARTESIAN_POINT('Ctrl Pts',(4.00000000000002,-1.70811387249985,-13.6094996179003));
#7462=CARTESIAN_POINT('',(3.50000000000002,-0.333402040112702,-13.9616959114225));
#7463=CARTESIAN_POINT('Origin',(4.00000000000002,-3.48807244004346,-18.467032155012));
#7464=CARTESIAN_POINT('',(4.00000000000002,-5.05088834493968,-17.3727366776454));
#7465=CARTESIAN_POINT('',(4.00000000000002,-3.48807244004346,-18.467032155012));
#7466=CARTESIAN_POINT('Ctrl Pts',(4.00000000000002,-1.7081138725001,-13.6094996179007));
#7467=CARTESIAN_POINT('Ctrl Pts',(4.00000000000002,-1.83162378228562,-13.9605648972263));
#7468=CARTESIAN_POINT('Ctrl Pts',(4.00000000000002,-2.0956198964964,-14.6564074260903));
#7469=CARTESIAN_POINT('Ctrl Pts',(4.00000000000002,-2.99505636085129,-16.1591360577807));
#7470=CARTESIAN_POINT('Ctrl Pts',(4.00000000000002,-4.13393011142602,-16.99314827725));
#7471=CARTESIAN_POINT('Ctrl Pts',(4.00000000000002,-5.05088834497527,-17.3727366776962));
#7472=CARTESIAN_POINT('Origin',(3.50000000000002,-3.48807244004346,-18.467032155012));
#7473=CARTESIAN_POINT('',(3.50000000000002,-5.89501249430726,-17.3920618793783));
#7474=CARTESIAN_POINT('',(3.50000000000002,-3.77486065821898,-18.8766081771565));
#7475=CARTESIAN_POINT('Ctrl Pts',(4.00000000000002,-5.05088834494365,-17.372736677651));
#7476=CARTESIAN_POINT('Ctrl Pts',(3.99999999998042,-5.26590840125797,-17.3956271653614));
#7477=CARTESIAN_POINT('Ctrl Pts',(3.91959263497118,-5.58070990871642,-17.4033768002523));
#7478=CARTESIAN_POINT('Ctrl Pts',(3.68889886489803,-5.8479120240573,-17.3943660819576));
#7479=CARTESIAN_POINT('Ctrl Pts',(3.56318260829694,-5.89501249430727,-17.3920618793783));
#7480=CARTESIAN_POINT('Ctrl Pts',(3.50000000000002,-5.89501249430727,-17.3920618793783));
#7481=CARTESIAN_POINT('Origin',(2.50000000000002,-3.77486065821898,-18.8766081771565));
#7482=CARTESIAN_POINT('',(2.50000000000002,-5.89501249430726,-17.3920618793783));
#7483=CARTESIAN_POINT('',(2.50000000000002,-3.77486065821898,-18.8766081771565));
#7484=CARTESIAN_POINT('Ctrl Pts',(3.50000000000002,-5.89501249430726,-17.3920618793783));
#7485=CARTESIAN_POINT('Ctrl Pts',(3.16666666666668,-5.89501249430726,-17.3920618793783));
#7486=CARTESIAN_POINT('Ctrl Pts',(2.83333333333335,-5.89501249430726,-17.3920618793783));
#7487=CARTESIAN_POINT('Ctrl Pts',(2.50000000000002,-5.89501249430726,-17.3920618793783));
#7488=CARTESIAN_POINT('Ctrl Pts',(3.50000000000002,-5.89501249430726,-17.3920618793783));
#7489=CARTESIAN_POINT('Ctrl Pts',(3.16666666666668,-5.89501249430726,-17.3920618793783));
#7490=CARTESIAN_POINT('Ctrl Pts',(2.83333333333335,-5.89501249430726,-17.3920618793783));
#7491=CARTESIAN_POINT('Ctrl Pts',(2.50000000000002,-5.89501249430726,-17.3920618793783));
#7492=CARTESIAN_POINT('Ctrl Pts',(3.50000000000002,-5.98777489212139,-17.3271089491665));
#7493=CARTESIAN_POINT('Ctrl Pts',(3.16666666666668,-5.98777489212139,-17.3271089491665));
#7494=CARTESIAN_POINT('Ctrl Pts',(2.83333333333335,-5.98777489212139,-17.3271089491665));
#7495=CARTESIAN_POINT('Ctrl Pts',(2.50000000000002,-5.98777489212139,-17.3271089491665));
#7496=CARTESIAN_POINT('Ctrl Pts',(3.50000000000002,-6.10888378429504,-17.3042932154059));
#7497=CARTESIAN_POINT('Ctrl Pts',(3.16666666666669,-6.10888378429504,-17.3042932154059));
#7498=CARTESIAN_POINT('Ctrl Pts',(2.83333333333335,-6.10888378429504,-17.3042932154059));
#7499=CARTESIAN_POINT('Ctrl Pts',(2.50000000000002,-6.10888378429504,-17.3042932154059));
#7500=CARTESIAN_POINT('Ctrl Pts',(3.50000000000002,-6.21892161931177,-17.3310405602492));
#7501=CARTESIAN_POINT('Ctrl Pts',(3.16666666666669,-6.21892161931177,-17.3310405602492));
#7502=CARTESIAN_POINT('Ctrl Pts',(2.83333333333335,-6.21892161931177,-17.3310405602492));
#7503=CARTESIAN_POINT('Ctrl Pts',(2.50000000000002,-6.21892161931177,-17.3310405602492));
#7504=CARTESIAN_POINT('Origin',(2.50000000000002,-6.12444306884768,-17.7197226970939));
#7505=CARTESIAN_POINT('Origin',(3.50000000000002,-6.12444306884768,-17.7197226970939));
#7506=CARTESIAN_POINT('Ctrl Pts',(2.50000000000002,-5.89501249430727,-17.3920618793783));
#7507=CARTESIAN_POINT('Ctrl Pts',(2.43681798207694,-5.89501249430727,-17.3920618793783));
#7508=CARTESIAN_POINT('Ctrl Pts',(2.3110948473218,-5.84790444468923,-17.3943663594436));
#7509=CARTESIAN_POINT('Ctrl Pts',(2.08041217311807,-5.58071167811522,-17.403376954851));
#7510=CARTESIAN_POINT('Ctrl Pts',(2.00000000001961,-5.26590639212568,-17.3956269514742));
#7511=CARTESIAN_POINT('Ctrl Pts',(2.00000000000002,-5.05088834494363,-17.372736677651));
#7512=CARTESIAN_POINT('Ctrl Pts',(2.50000000000002,-5.94139369321433,-17.3595854142724));
#7513=CARTESIAN_POINT('Ctrl Pts',(2.43053187748876,-5.94139369321433,-17.3595854142724));
#7514=CARTESIAN_POINT('Ctrl Pts',(2.29245761144989,-5.89234676761092,-17.3570274262167));
#7515=CARTESIAN_POINT('Ctrl Pts',(2.04786463541082,-5.61593852933884,-17.3397026887823));
#7516=CARTESIAN_POINT('Ctrl Pts',(1.98364471579252,-5.29743786047349,-17.3063310624505));
#7517=CARTESIAN_POINT('Ctrl Pts',(1.99999999999226,-5.09094231195037,-17.2759797304156));
#7518=CARTESIAN_POINT('Ctrl Pts',(2.50000000000002,-6.04813102661751,-17.3146484184837));
#7519=CARTESIAN_POINT('Ctrl Pts',(2.41485080121326,-6.04813102661751,-17.3146484184837));
#7520=CARTESIAN_POINT('Ctrl Pts',(2.24612695966578,-5.99638479268818,-17.303760274678));
#7521=CARTESIAN_POINT('Ctrl Pts',(1.94943708251459,-5.70555717722035,-17.2399462604067));
#7522=CARTESIAN_POINT('Ctrl Pts',(1.88340979910602,-5.37522359620075,-17.1485446111997));
#7523=CARTESIAN_POINT('Ctrl Pts',(1.91333074854057,-5.17073334888973,-17.0832313529917));
#7524=CARTESIAN_POINT('Ctrl Pts',(2.50000000000002,-6.16390270180341,-17.3176668878275));
#7525=CARTESIAN_POINT('Ctrl Pts',(2.39580297332965,-6.16390270180341,-17.3176668878275));
#7526=CARTESIAN_POINT('Ctrl Pts',(2.18862984617874,-6.1096628654373,-17.3042456012003));
#7527=CARTESIAN_POINT('Ctrl Pts',(1.8130065214995,-5.80300566306687,-17.2223093660219));
#7528=CARTESIAN_POINT('Ctrl Pts',(1.6944377801007,-5.44372882415735,-17.1027992694759));
#7529=CARTESIAN_POINT('Ctrl Pts',(1.70471975511474,-5.20388322912073,-17.0031523633303));
#7530=CARTESIAN_POINT('Ctrl Pts',(2.50000000000002,-6.21892161931178,-17.3310405602492));
#7531=CARTESIAN_POINT('Ctrl Pts',(2.38627236773848,-6.21892161931178,-17.3310405602492));
#7532=CARTESIAN_POINT('Ctrl Pts',(2.15997072517922,-6.16312224172809,-17.317560390956));
#7533=CARTESIAN_POINT('Ctrl Pts',(1.74474191161252,-5.84563051321946,-17.2352872127073));
#7534=CARTESIAN_POINT('Ctrl Pts',(1.60000000003528,-5.46711968912771,-17.1121229828605));
#7535=CARTESIAN_POINT('Ctrl Pts',(1.60000000000002,-5.20388322913198,-17.0031523633349));
#7536=CARTESIAN_POINT('',(2.00000000000002,-5.05088834492386,-17.3727366776228));
#7537=CARTESIAN_POINT('Origin',(1.60000000000002,-5.05088834497527,-17.3727366776962));
#7538=CARTESIAN_POINT('Ctrl Pts',(2.50000000000002,-5.89501249430727,-17.3920618793783));
#7539=CARTESIAN_POINT('Ctrl Pts',(2.43681798207694,-5.89501249430727,-17.3920618793783));
#7540=CARTESIAN_POINT('Ctrl Pts',(2.3110948473218,-5.84790444468923,-17.3943663594436));
#7541=CARTESIAN_POINT('Ctrl Pts',(2.08041217311807,-5.58071167811522,-17.403376954851));
#7542=CARTESIAN_POINT('Ctrl Pts',(2.00000000001961,-5.26590639212568,-17.3956269514742));
#7543=CARTESIAN_POINT('Ctrl Pts',(2.00000000000002,-5.05088834494363,-17.372736677651));
#7544=CARTESIAN_POINT('Ctrl Pts',(2.00000000000002,-5.05088834494035,-17.3727366776817));
#7545=CARTESIAN_POINT('Ctrl Pts',(2.00000000000002,-4.36315746951445,-17.088040326863));
#7546=CARTESIAN_POINT('Ctrl Pts',(2.00000000000002,-3.29744257118875,-16.4076995298759));
#7547=CARTESIAN_POINT('Ctrl Pts',(2.00000000000002,-2.23969789901065,-15.0049681238283));
#7548=CARTESIAN_POINT('Ctrl Pts',(2.00000000000002,-1.87279667366787,-14.0775949609584));
#7549=CARTESIAN_POINT('Ctrl Pts',(2.00000000000002,-1.70811387250011,-13.6094996179007));
#7550=CARTESIAN_POINT('Ctrl Pts',(2.00000000000002,-5.09094231194953,-17.275979730442));
#7551=CARTESIAN_POINT('Ctrl Pts',(2.00000000000002,-4.41413961934575,-16.9958072622665));
#7552=CARTESIAN_POINT('Ctrl Pts',(2.00000000000002,-3.36907424980717,-16.3280303295347));
#7553=CARTESIAN_POINT('Ctrl Pts',(2.00000000000002,-2.33257330303482,-14.9537716483674));
#7554=CARTESIAN_POINT('Ctrl Pts',(2.00000000000002,-1.9710225798072,-14.0412530788221));
#7555=CARTESIAN_POINT('Ctrl Pts',(2.00000000000002,-1.80689846549225,-13.5747457504944));
#7556=CARTESIAN_POINT('Ctrl Pts',(1.91333765939019,-5.17073599219284,-17.0832249676592));
#7557=CARTESIAN_POINT('Ctrl Pts',(1.91333765939019,-4.51559801504026,-16.8120209283429));
#7558=CARTESIAN_POINT('Ctrl Pts',(1.91333765939019,-3.51181705514863,-16.16949069481));
#7559=CARTESIAN_POINT('Ctrl Pts',(1.91333765939019,-2.51745587848387,-14.851715204296));
#7560=CARTESIAN_POINT('Ctrl Pts',(1.91333765939018,-2.16670914979602,-13.9688698344195));
#7561=CARTESIAN_POINT('Ctrl Pts',(1.91333765939018,-2.00369261135983,-13.5055106861521));
#7562=CARTESIAN_POINT('Ctrl Pts',(1.70471975511968,-5.20388322909917,-17.0031523633214));
#7563=CARTESIAN_POINT('Ctrl Pts',(1.70471975511968,-4.55790575063749,-16.7357404477007));
#7564=CARTESIAN_POINT('Ctrl Pts',(1.70471975511968,-3.57105119647215,-16.1033678659961));
#7565=CARTESIAN_POINT('Ctrl Pts',(1.70471975511968,-2.59447005888673,-14.8094186461691));
#7566=CARTESIAN_POINT('Ctrl Pts',(1.70471975511968,-2.24799144489121,-13.9387776252249));
#7567=CARTESIAN_POINT('Ctrl Pts',(1.70471975511968,-2.08544322312459,-13.4767496229579));
#7568=CARTESIAN_POINT('Ctrl Pts',(1.60000000000002,-5.20388322909917,-17.0031523633214));
#7569=CARTESIAN_POINT('Ctrl Pts',(1.60000000000002,-4.55781810930521,-16.7357041672771));
#7570=CARTESIAN_POINT('Ctrl Pts',(1.60000000000002,-3.57108549904486,-16.1035116041601));
#7571=CARTESIAN_POINT('Ctrl Pts',(1.60000000000002,-2.5943545767592,-14.8093647190077));
#7572=CARTESIAN_POINT('Ctrl Pts',(1.60000000000002,-2.24799592542204,-13.9387903607115));
#7573=CARTESIAN_POINT('Ctrl Pts',(1.60000000000002,-2.08544322312459,-13.4767496229579));
#7574=CARTESIAN_POINT('',(2.00000000000002,-1.70811387249985,-13.6094996179003));
#7575=CARTESIAN_POINT('Origin',(1.60000000000002,-1.70811387250011,-13.6094996179007));
#7576=CARTESIAN_POINT('Ctrl Pts',(2.00000000000002,-5.05088834494035,-17.3727366776817));
#7577=CARTESIAN_POINT('Ctrl Pts',(2.00000000000002,-4.36315746951445,-17.088040326863));
#7578=CARTESIAN_POINT('Ctrl Pts',(2.00000000000002,-3.29744257118875,-16.4076995298759));
#7579=CARTESIAN_POINT('Ctrl Pts',(2.00000000000002,-2.23969789901065,-15.0049681238283));
#7580=CARTESIAN_POINT('Ctrl Pts',(2.00000000000002,-1.87279667366787,-14.0775949609584));
#7581=CARTESIAN_POINT('Ctrl Pts',(2.00000000000002,-1.70811387250011,-13.6094996179007));
#7582=CARTESIAN_POINT('Ctrl Pts',(2.00000000000002,-1.70811387249987,-13.6094996179004));
#7583=CARTESIAN_POINT('Ctrl Pts',(1.99999999999987,-1.68436695559789,-13.4465291506366));
#7584=CARTESIAN_POINT('Ctrl Pts',(2.12014115443551,-1.64533910300205,-13.1610293367128));
#7585=CARTESIAN_POINT('Ctrl Pts',(2.38543154329231,-1.64075941615002,-13.0462744215871));
#7586=CARTESIAN_POINT('Ctrl Pts',(2.50000000000006,-1.64075941615002,-13.0462744215871));
#7587=CARTESIAN_POINT('Ctrl Pts',(2.00000000000005,-1.80689846549203,-13.574745750494));
#7588=CARTESIAN_POINT('Ctrl Pts',(1.99151747467597,-1.77857270415098,-13.4146277987531));
#7589=CARTESIAN_POINT('Ctrl Pts',(2.10080212764927,-1.72447109924306,-13.1200218933982));
#7590=CARTESIAN_POINT('Ctrl Pts',(2.37891562577583,-1.70820319822697,-12.9990497769715));
#7591=CARTESIAN_POINT('Ctrl Pts',(2.50000000000007,-1.70820319822697,-12.9990497769715));
#7592=CARTESIAN_POINT('Ctrl Pts',(1.91337516443007,-2.0037279907405,-13.5054982391672));
#7593=CARTESIAN_POINT('Ctrl Pts',(1.89785692530356,-1.95156581988457,-13.3293087484569));
#7594=CARTESIAN_POINT('Ctrl Pts',(2.01906925203608,-1.85121888333002,-12.9933911216056));
#7595=CARTESIAN_POINT('Ctrl Pts',(2.35363166317072,-1.81280763495435,-12.8617294744234));
#7596=CARTESIAN_POINT('Ctrl Pts',(2.50000000000007,-1.81280763495435,-12.8617294744234));
#7597=CARTESIAN_POINT('Ctrl Pts',(1.7047197551197,-2.08544322312455,-13.4767496229578));
#7598=CARTESIAN_POINT('Ctrl Pts',(1.69938709855824,-2.00507633746485,-13.2488330999372));
#7599=CARTESIAN_POINT('Ctrl Pts',(1.88389774126266,-1.86283789867997,-12.8358841284183));
#7600=CARTESIAN_POINT('Ctrl Pts',(2.31377161051078,-1.81865420503502,-12.6892047767907));
#7601=CARTESIAN_POINT('Ctrl Pts',(2.50000000000007,-1.81865420503502,-12.6892047767907));
#7602=CARTESIAN_POINT('Ctrl Pts',(1.60000000000002,-2.08544322312458,-13.4767496229579));
#7603=CARTESIAN_POINT('Ctrl Pts',(1.59999999999975,-1.99536977783672,-13.2207243430049));
#7604=CARTESIAN_POINT('Ctrl Pts',(1.8162540779839,-1.83885035335146,-12.7669404859478));
#7605=CARTESIAN_POINT('Ctrl Pts',(2.29377677792611,-1.79629090991959,-12.6099664411728));
#7606=CARTESIAN_POINT('Ctrl Pts',(2.50000000000007,-1.79629090991959,-12.6099664411728));
#7607=CARTESIAN_POINT('',(2.50000000000006,-1.64075941615002,-13.0462744215871));
#7608=CARTESIAN_POINT('Origin',(2.50000000000007,-1.4113288416096,-12.7186136038715));
#7609=CARTESIAN_POINT('Ctrl Pts',(2.00000000000002,-1.70811387249987,-13.6094996179004));
#7610=CARTESIAN_POINT('Ctrl Pts',(1.99999999999987,-1.68436695559789,-13.4465291506366));
#7611=CARTESIAN_POINT('Ctrl Pts',(2.12014115443551,-1.64533910300205,-13.1610293367128));
#7612=CARTESIAN_POINT('Ctrl Pts',(2.38543154329231,-1.64075941615002,-13.0462744215871));
#7613=CARTESIAN_POINT('Ctrl Pts',(2.50000000000006,-1.64075941615002,-13.0462744215871));
#7614=CARTESIAN_POINT('Ctrl Pts',(2.50000000000007,-1.64075941615002,-13.0462744215871));
#7615=CARTESIAN_POINT('Ctrl Pts',(2.83333333333338,-1.64075941615002,-13.0462744215871));
#7616=CARTESIAN_POINT('Ctrl Pts',(3.1666666666667,-1.64075941615002,-13.0462744215871));
#7617=CARTESIAN_POINT('Ctrl Pts',(3.50000000000003,-1.64075941615002,-13.0462744215871));
#7618=CARTESIAN_POINT('Ctrl Pts',(2.50000000000007,-1.71783802423797,-12.9923033991693));
#7619=CARTESIAN_POINT('Ctrl Pts',(2.83333333333339,-1.71783802423796,-12.9923033991693));
#7620=CARTESIAN_POINT('Ctrl Pts',(3.1666666666667,-1.71783802423796,-12.9923033991693));
#7621=CARTESIAN_POINT('Ctrl Pts',(3.50000000000003,-1.71783802423796,-12.9923033991693));
#7622=CARTESIAN_POINT('Ctrl Pts',(2.50000000000007,-1.81743241444544,-12.8485876771998));
#7623=CARTESIAN_POINT('Ctrl Pts',(2.83333333333338,-1.81743241444544,-12.8485876771998));
#7624=CARTESIAN_POINT('Ctrl Pts',(3.16666666666671,-1.81743241444544,-12.8485876771998));
#7625=CARTESIAN_POINT('Ctrl Pts',(3.50000000000003,-1.81743241444544,-12.8485876771998));
#7626=CARTESIAN_POINT('Ctrl Pts',(2.50000000000007,-1.81545944858996,-12.6778850145596));
#7627=CARTESIAN_POINT('Ctrl Pts',(2.83333333333339,-1.81545944858996,-12.6778850145596));
#7628=CARTESIAN_POINT('Ctrl Pts',(3.16666666666671,-1.81545944858996,-12.6778850145596));
#7629=CARTESIAN_POINT('Ctrl Pts',(3.50000000000003,-1.81545944858995,-12.6778850145596));
#7630=CARTESIAN_POINT('Ctrl Pts',(2.50000000000007,-1.79629090991959,-12.6099664411728));
#7631=CARTESIAN_POINT('Ctrl Pts',(2.83333333333339,-1.79629090991959,-12.6099664411728));
#7632=CARTESIAN_POINT('Ctrl Pts',(3.16666666666671,-1.79629090991959,-12.6099664411728));
#7633=CARTESIAN_POINT('Ctrl Pts',(3.50000000000003,-1.79629090991959,-12.6099664411728));
#7634=CARTESIAN_POINT('Origin',(3.50000000000003,-1.4113288416096,-12.7186136038715));
#7635=CARTESIAN_POINT('Ctrl Pts',(2.50000000000007,-1.64075941615002,-13.0462744215871));
#7636=CARTESIAN_POINT('Ctrl Pts',(2.83333333333338,-1.64075941615002,-13.0462744215871));
#7637=CARTESIAN_POINT('Ctrl Pts',(3.1666666666667,-1.64075941615002,-13.0462744215871));
#7638=CARTESIAN_POINT('Ctrl Pts',(3.50000000000003,-1.64075941615002,-13.0462744215871));
#7639=CARTESIAN_POINT('Ctrl Pts',(3.50000000000002,-1.64075941615002,-13.0462744215871));
#7640=CARTESIAN_POINT('Ctrl Pts',(3.57637946595249,-1.64075941615002,-13.0462744215871));
#7641=CARTESIAN_POINT('Ctrl Pts',(3.72857931100778,-1.64184076489324,-13.0893459774316));
#7642=CARTESIAN_POINT('Ctrl Pts',(3.93712818510553,-1.66165983266467,-13.2833560910927));
#7643=CARTESIAN_POINT('Ctrl Pts',(4.00000000000013,-1.69030356944175,-13.4872709756109));
#7644=CARTESIAN_POINT('Ctrl Pts',(4.00000000000002,-1.70811387249985,-13.6094996179003));
#7645=CARTESIAN_POINT('Ctrl Pts',(3.50000000000002,-1.70820319822697,-12.9990497769715));
#7646=CARTESIAN_POINT('Ctrl Pts',(3.58072343910531,-1.70820319822697,-12.9990497769715));
#7647=CARTESIAN_POINT('Ctrl Pts',(3.74144562573448,-1.71380888313136,-13.044728902788));
#7648=CARTESIAN_POINT('Ctrl Pts',(3.95186578902119,-1.747665982558,-13.2463703372123));
#7649=CARTESIAN_POINT('Ctrl Pts',(4.00636193520798,-1.78565400685698,-13.4546565087067));
#7650=CARTESIAN_POINT('Ctrl Pts',(3.99999999999999,-1.80689846549201,-13.574745750494));
#7651=CARTESIAN_POINT('Ctrl Pts',(3.50000000000003,-1.81279947372592,-12.8617265651755));
#7652=CARTESIAN_POINT('Ctrl Pts',(3.59757952337523,-1.81279947372592,-12.8617265651755));
#7653=CARTESIAN_POINT('Ctrl Pts',(3.79111919281105,-1.82701748366277,-12.911720325774));
#7654=CARTESIAN_POINT('Ctrl Pts',(4.04029751320597,-1.89430057930051,-13.1368790769675));
#7655=CARTESIAN_POINT('Ctrl Pts',(4.09827898876371,-1.96459158343631,-13.3733603754248));
#7656=CARTESIAN_POINT('Ctrl Pts',(4.08664023401873,-2.0037134650238,-13.5055033495272));
#7657=CARTESIAN_POINT('Ctrl Pts',(3.50000000000003,-1.81865420503502,-12.6892047767907));
#7658=CARTESIAN_POINT('Ctrl Pts',(3.62415306396826,-1.81865420503502,-12.6892047767907));
#7659=CARTESIAN_POINT('Ctrl Pts',(3.87137164888042,-1.83489863440826,-12.7450580419621));
#7660=CARTESIAN_POINT('Ctrl Pts',(4.20451132182995,-1.92304629953596,-13.0107441589594));
#7661=CARTESIAN_POINT('Ctrl Pts',(4.29927976321177,-2.02516766839309,-13.3058111232914));
#7662=CARTESIAN_POINT('Ctrl Pts',(4.29528024488034,-2.08544322312454,-13.4767496229578));
#7663=CARTESIAN_POINT('Ctrl Pts',(3.50000000000003,-1.79629090991959,-12.6099664411728));
#7664=CARTESIAN_POINT('Ctrl Pts',(3.63748303871446,-1.79629090991959,-12.6099664411728));
#7665=CARTESIAN_POINT('Ctrl Pts',(3.91144275981399,-1.81191842113869,-12.669538008569));
#7666=CARTESIAN_POINT('Ctrl Pts',(4.28683073318996,-1.90454053762458,-12.9588429133058));
#7667=CARTESIAN_POINT('Ctrl Pts',(4.40000000000023,-2.01788770150973,-13.2847294190173));
#7668=CARTESIAN_POINT('Ctrl Pts',(4.40000000000002,-2.08544322312457,-13.4767496229579));
#7669=CARTESIAN_POINT('Origin',(4.40000000000002,-1.70811387250009,-13.6094996179007));
#7670=CARTESIAN_POINT('Ctrl Pts',(4.00000000000002,-1.7081138725001,-13.6094996179007));
#7671=CARTESIAN_POINT('Ctrl Pts',(4.00000000000002,-1.83162378228562,-13.9605648972263));
#7672=CARTESIAN_POINT('Ctrl Pts',(4.00000000000002,-2.0956198964964,-14.6564074260903));
#7673=CARTESIAN_POINT('Ctrl Pts',(4.00000000000002,-2.99505636085129,-16.1591360577807));
#7674=CARTESIAN_POINT('Ctrl Pts',(4.00000000000002,-4.13393011142602,-16.99314827725));
#7675=CARTESIAN_POINT('Ctrl Pts',(4.00000000000002,-5.05088834497527,-17.3727366776962));
#7676=CARTESIAN_POINT('Ctrl Pts',(4.00000000000002,-1.80689846549223,-13.5747457504943));
#7677=CARTESIAN_POINT('Ctrl Pts',(4.00000000000002,-1.92998936757143,-13.9246200399008));
#7678=CARTESIAN_POINT('Ctrl Pts',(4.00000000000002,-2.1908097703894,-14.6114902520646));
#7679=CARTESIAN_POINT('Ctrl Pts',(4.00000000000002,-3.0731449473661,-16.0847468383508));
#7680=CARTESIAN_POINT('Ctrl Pts',(4.00000000000002,-4.18855473037781,-16.90242306653));
#7681=CARTESIAN_POINT('Ctrl Pts',(4.00000000000002,-5.0909423119839,-17.2759797304563));
#7682=CARTESIAN_POINT('Ctrl Pts',(4.08667149926765,-2.0036839717838,-13.5055137256816));
#7683=CARTESIAN_POINT('Ctrl Pts',(4.08667149926765,-2.12594420669013,-13.853026921929));
#7684=CARTESIAN_POINT('Ctrl Pts',(4.08667149926765,-2.38033485549943,-14.521950938394));
#7685=CARTESIAN_POINT('Ctrl Pts',(4.08667149926765,-3.22877128906881,-15.9367661928607));
#7686=CARTESIAN_POINT('Ctrl Pts',(4.08667149926765,-4.29723068237932,-16.7216344590008));
#7687=CARTESIAN_POINT('Ctrl Pts',(4.08667149926765,-5.17073248915663,-17.0832334299137));
#7688=CARTESIAN_POINT('Ctrl Pts',(4.29528024488036,-2.08544322312457,-13.4767496229579));
#7689=CARTESIAN_POINT('Ctrl Pts',(4.29528024488036,-2.20735222675964,-13.8232644774159));
#7690=CARTESIAN_POINT('Ctrl Pts',(4.29528024488036,-2.45922868308536,-14.4848427755137));
#7691=CARTESIAN_POINT('Ctrl Pts',(4.29528024488036,-3.29332571563248,-15.8749687763492));
#7692=CARTESIAN_POINT('Ctrl Pts',(4.29528024488036,-4.34259520393424,-16.6466094676538));
#7693=CARTESIAN_POINT('Ctrl Pts',(4.29528024488036,-5.20388322913198,-17.003152363335));
#7694=CARTESIAN_POINT('Ctrl Pts',(4.40000000000002,-2.08544322312457,-13.4767496229579));
#7695=CARTESIAN_POINT('Ctrl Pts',(4.40000000000002,-2.20735558709815,-13.8232740288614));
#7696=CARTESIAN_POINT('Ctrl Pts',(4.40000000000002,-2.4591455959539,-14.4847915847139));
#7697=CARTESIAN_POINT('Ctrl Pts',(4.40000000000002,-3.29338305157704,-15.8751421704954));
#7698=CARTESIAN_POINT('Ctrl Pts',(4.40000000000002,-4.34247835089753,-16.6465610946138));
#7699=CARTESIAN_POINT('Ctrl Pts',(4.40000000000002,-5.20388322913198,-17.003152363335));
#7700=CARTESIAN_POINT('Origin',(4.40000000000002,-5.05088834497527,-17.3727366776962));
#7701=CARTESIAN_POINT('Ctrl Pts',(4.00000000000002,-5.05088834494365,-17.372736677651));
#7702=CARTESIAN_POINT('Ctrl Pts',(3.99999999998042,-5.26590840125797,-17.3956271653614));
#7703=CARTESIAN_POINT('Ctrl Pts',(3.91959263497118,-5.58070990871642,-17.4033768002523));
#7704=CARTESIAN_POINT('Ctrl Pts',(3.68889886489803,-5.8479120240573,-17.3943660819576));
#7705=CARTESIAN_POINT('Ctrl Pts',(3.56318260829694,-5.89501249430727,-17.3920618793783));
#7706=CARTESIAN_POINT('Ctrl Pts',(3.50000000000002,-5.89501249430727,-17.3920618793783));
#7707=CARTESIAN_POINT('Ctrl Pts',(4.00000000000778,-5.09094231195039,-17.2759797304156));
#7708=CARTESIAN_POINT('Ctrl Pts',(4.01635543703156,-5.29743978997159,-17.3063313460539));
#7709=CARTESIAN_POINT('Ctrl Pts',(3.95214054864597,-5.61593670357192,-17.3397023542433));
#7710=CARTESIAN_POINT('Ctrl Pts',(3.70753571771658,-5.89235455716178,-17.3570278548941));
#7711=CARTESIAN_POINT('Ctrl Pts',(3.56946877162259,-5.94139369321433,-17.3595854142724));
#7712=CARTESIAN_POINT('Ctrl Pts',(3.50000000000002,-5.94139369321433,-17.3595854142724));
#7713=CARTESIAN_POINT('Ctrl Pts',(4.08667428679672,-5.17073142293765,-17.0832360054458));
#7714=CARTESIAN_POINT('Ctrl Pts',(4.11659551581311,-5.37522358100955,-17.1485498739423));
#7715=CARTESIAN_POINT('Ctrl Pts',(4.05056942530267,-5.70555534147373,-17.2399467012929));
#7716=CARTESIAN_POINT('Ctrl Pts',(3.75386584027488,-5.99639271521546,-17.3037635339866));
#7717=CARTESIAN_POINT('Ctrl Pts',(3.58514999442233,-6.04813114796613,-17.3146490626181));
#7718=CARTESIAN_POINT('Ctrl Pts',(3.50000000000002,-6.04813114796613,-17.3146490626181));
#7719=CARTESIAN_POINT('Ctrl Pts',(4.2952802448853,-5.20388322912075,-17.0031523633303));
#7720=CARTESIAN_POINT('Ctrl Pts',(4.30556231597428,-5.44373106527937,-17.1028002005785));
#7721=CARTESIAN_POINT('Ctrl Pts',(4.18700128402437,-5.80300357703718,-17.2223086306918));
#7722=CARTESIAN_POINT('Ctrl Pts',(3.81135987377899,-6.10967150057053,-17.3042479515566));
#7723=CARTESIAN_POINT('Ctrl Pts',(3.60419800028916,-6.16390270180341,-17.3176668878275));
#7724=CARTESIAN_POINT('Ctrl Pts',(3.50000000000002,-6.16390270180341,-17.3176668878275));
#7725=CARTESIAN_POINT('Ctrl Pts',(4.40000000000002,-5.203883229132,-17.003152363335));
#7726=CARTESIAN_POINT('Ctrl Pts',(4.39999999996475,-5.46712214881436,-17.1121240010841));
#7727=CARTESIAN_POINT('Ctrl Pts',(4.25526674294801,-5.84562836009561,-17.2352863628948));
#7728=CARTESIAN_POINT('Ctrl Pts',(3.8400179568167,-6.1631312448864,-17.3175626929131));
#7729=CARTESIAN_POINT('Ctrl Pts',(3.61372869493448,-6.21892161931178,-17.3310405602492));
#7730=CARTESIAN_POINT('Ctrl Pts',(3.50000000000002,-6.21892161931178,-17.3310405602492));
#7731=CARTESIAN_POINT('Origin',(2.50000000000006,-0.620190258288251,-14.3712719335671));
#7732=CARTESIAN_POINT('',(2.50000000000006,-0.333402040112702,-13.9616959114225));
#7733=CARTESIAN_POINT('',(2.00000000000002,-0.620190258288251,-14.3712719335671));
#7734=CARTESIAN_POINT('Origin',(2.00000000000002,-0.620190258288251,-14.3712719335671));
#7735=CARTESIAN_POINT('',(2.00000000000002,-3.48807244004346,-18.467032155012));
#7736=CARTESIAN_POINT('Origin',(2.50000000000002,-3.48807244004346,-18.467032155012));
#7737=CARTESIAN_POINT('Origin',(2.50000000000002,-59.4805549128151,-10.6));
#7738=CARTESIAN_POINT('',(2.00000000000002,-59.4805549128151,-10.6));
#7739=CARTESIAN_POINT('Origin',(2.00000000000002,-54.4805549128151,-10.6));
#7740=CARTESIAN_POINT('',(2.00000000000002,-54.4805549128151,-10.6));
#7741=CARTESIAN_POINT('Origin',(2.50000000000006,-54.4805549128151,-10.6));
#7742=CARTESIAN_POINT('Origin',(-3.50000000000002,-59.4805549128151,-10.6));
#7743=CARTESIAN_POINT('',(-4.00000000000002,-59.4805549128151,-10.6));
#7744=CARTESIAN_POINT('Origin',(-4.00000000000002,-54.4805549128151,-10.6));
#7745=CARTESIAN_POINT('',(-4.00000000000002,-54.4805549128151,-10.6));
#7746=CARTESIAN_POINT('Origin',(-3.50000000000002,-54.4805549128151,-10.6));
#7747=CARTESIAN_POINT('Ctrl Pts',(-12.7,-49.5290322292289,-7.60156616529078));
#7748=CARTESIAN_POINT('Ctrl Pts',(17.7800000000001,-49.5290322292288,-7.60156616529079));
#7749=CARTESIAN_POINT('Ctrl Pts',(-12.7,-51.0552620018753,-8.18838270453807));
#7750=CARTESIAN_POINT('Ctrl Pts',(17.7800000000001,-51.0552620018752,-8.18838270453808));
#7751=CARTESIAN_POINT('Ctrl Pts',(-12.6999999999999,-52.6295570167859,-8.65013388671658));
#7752=CARTESIAN_POINT('Ctrl Pts',(17.7800000000002,-52.6295570167858,-8.65013388671659));
#7753=CARTESIAN_POINT('Ctrl Pts',(-12.6999999999999,-54.230955136168,-8.98067137761));
#7754=CARTESIAN_POINT('Ctrl Pts',(17.7800000000002,-54.2309551361679,-8.98067137761001));
#7755=CARTESIAN_POINT('',(12.7000001266488,-49.529032222783,-7.60156618205549));
#7756=CARTESIAN_POINT('Ctrl Pts',(12.7000003087526,-49.5290322292288,-7.60156616529079));
#7757=CARTESIAN_POINT('Ctrl Pts',(12.7000002528687,-50.2921465657654,-7.89497422352826));
#7758=CARTESIAN_POINT('Ctrl Pts',(12.6999443711564,-51.0672775037547,-8.15711612807776));
#7759=CARTESIAN_POINT('Ctrl Pts',(12.6999443146193,-51.8518055526724,-8.38722341458307));
#7760=CARTESIAN_POINT('Ctrl Pts',(12.6999442580821,-52.6363336015882,-8.61733070108785));
#7761=CARTESIAN_POINT('Ctrl Pts',(12.7000000267206,-53.4302566533389,-8.81540275123084));
#7762=CARTESIAN_POINT('Ctrl Pts',(12.6999999699081,-54.2309551361677,-8.98067137760997));
#7763=CARTESIAN_POINT('',(-12.7000001272817,-49.5290322227509,-7.60156618213927));
#7764=CARTESIAN_POINT('',(-12.7,-49.5290322292289,-7.60156616529079));
#7765=CARTESIAN_POINT('Ctrl Pts',(-12.6999999700501,-54.2309551361678,-8.98067137760996));
#7766=CARTESIAN_POINT('Ctrl Pts',(-12.7000000266296,-53.4302566533383,-8.81540275123067));
#7767=CARTESIAN_POINT('Ctrl Pts',(-12.6999442579915,-52.636333601589,-8.61733070108806));
#7768=CARTESIAN_POINT('Ctrl Pts',(-12.6999443147624,-51.8518055526725,-8.38722341458306));
#7769=CARTESIAN_POINT('Ctrl Pts',(-12.6999443715333,-51.0672775027934,-8.15711612779576));
#7770=CARTESIAN_POINT('Ctrl Pts',(-12.6999999434173,-50.2921465608738,-7.89497422164745));
#7771=CARTESIAN_POINT('Ctrl Pts',(-12.7,-49.5290322292289,-7.60156616529078));
#7772=CARTESIAN_POINT('Origin',(2.50000000000006,-23.4805549128151,-17.6));
#7773=CARTESIAN_POINT('',(2.00000000000002,-23.4805549128151,-17.6));
#7774=CARTESIAN_POINT('Origin',(2.50000000000002,-28.4805549128151,-17.6));
#7775=CARTESIAN_POINT('',(2.00000000000002,-28.4805549128151,-17.6));
#7776=CARTESIAN_POINT('Origin',(2.00000000000002,-23.4805549128151,-17.6));
#7777=CARTESIAN_POINT('Origin',(-3.50000000000002,-28.4805549128151,-17.6));
#7778=CARTESIAN_POINT('',(-4.00000000000002,-28.4805549128151,-17.6));
#7779=CARTESIAN_POINT('Origin',(-4.00000000000002,-23.4805549128151,-17.6));
#7780=CARTESIAN_POINT('',(-4.00000000000002,-23.4805549128151,-17.6));
#7781=CARTESIAN_POINT('Origin',(-3.50000000000002,-23.4805549128151,-17.6));
#7782=CARTESIAN_POINT('Origin',(3.50000000000002,-0.333402040112702,-13.9616959114225));
#7783=CARTESIAN_POINT('Origin',(-3.50000000000002,-3.48807244004346,-18.467032155012));
#7784=CARTESIAN_POINT('',(-4.00000000000002,-3.48807244004346,-18.467032155012));
#7785=CARTESIAN_POINT('Origin',(-4.00000000000002,-0.62019025828822,-14.371271933567));
#7786=CARTESIAN_POINT('',(-4.00000000000002,-0.62019025828822,-14.371271933567));
#7787=CARTESIAN_POINT('Origin',(-3.50000000000002,-0.62019025828822,-14.371271933567));
#7788=CARTESIAN_POINT('Ctrl Pts',(19.4711641214673,-42.7254773677486,-10.9659041600059));
#7789=CARTESIAN_POINT('Ctrl Pts',(19.4711641214668,-42.453141557908,-11.4682880322998));
#7790=CARTESIAN_POINT('Ctrl Pts',(19.4711641214668,-41.8039596278033,-12.2352811140527));
#7791=CARTESIAN_POINT('Ctrl Pts',(19.4711641214668,-40.389391481535,-12.7369646630373));
#7792=CARTESIAN_POINT('Ctrl Pts',(19.4711641214668,-39.1627477559666,-12.8098654228344));
#7793=CARTESIAN_POINT('Ctrl Pts',(19.4711641214669,-10.6419912802548,-14.5048847456641));
#7794=CARTESIAN_POINT('Ctrl Pts',(19.4711641214671,17.8787651954567,-16.199904068494));
#7795=CARTESIAN_POINT('Ctrl Pts',(19.4711641214672,46.3995216711691,-17.8949233913239));
#7796=CARTESIAN_POINT('Ctrl Pts',(17.3141094143115,-44.6218398264684,-11.9938605949254));
#7797=CARTESIAN_POINT('Ctrl Pts',(17.3141094143112,-44.1775774398502,-12.8134180249742));
#7798=CARTESIAN_POINT('Ctrl Pts',(17.3141094143112,-43.0180974849751,-14.1612072415144));
#7799=CARTESIAN_POINT('Ctrl Pts',(17.3141094143112,-40.7835335713251,-14.8744148082324));
#7800=CARTESIAN_POINT('Ctrl Pts',(17.3141094143112,-39.290679930164,-14.9631230376352));
#7801=CARTESIAN_POINT('Ctrl Pts',(17.3141094143113,-4.58026298843481,-17.0256826508735));
#7802=CARTESIAN_POINT('Ctrl Pts',(17.3141094143114,30.1301539532942,-19.0882422641118));
#7803=CARTESIAN_POINT('Ctrl Pts',(17.3141094143115,64.8405708950238,-21.1508018773502));
#7804=CARTESIAN_POINT('Ctrl Pts',(15.1570547071558,-46.5182022851881,-13.021817029845));
#7805=CARTESIAN_POINT('Ctrl Pts',(15.1570547071556,-45.9020133217923,-14.1585480176487));
#7806=CARTESIAN_POINT('Ctrl Pts',(15.1570547071556,-44.2322353421468,-16.0871333689761));
#7807=CARTESIAN_POINT('Ctrl Pts',(15.1570547071556,-41.1776756611153,-17.0118649534275));
#7808=CARTESIAN_POINT('Ctrl Pts',(15.1570547071556,-39.4186121043615,-17.116380652436));
#7809=CARTESIAN_POINT('Ctrl Pts',(15.1570547071557,1.48146530338518,-19.5464805560828));
#7810=CARTESIAN_POINT('Ctrl Pts',(15.1570547071558,42.3815427111317,-21.9765804597296));
#7811=CARTESIAN_POINT('Ctrl Pts',(15.1570547071559,83.2816201188785,-24.4066803633764));
#7812=CARTESIAN_POINT('Ctrl Pts',(13.,-48.4145647439079,-14.0497734647645));
#7813=CARTESIAN_POINT('Ctrl Pts',(13.,-47.6264492037345,-15.5036780103232));
#7814=CARTESIAN_POINT('Ctrl Pts',(13.,-45.4463731993185,-18.0130594964378));
#7815=CARTESIAN_POINT('Ctrl Pts',(13.,-41.5718177509054,-19.1493150986225));
#7816=CARTESIAN_POINT('Ctrl Pts',(13.,-39.5465442785589,-19.2696382672369));
#7817=CARTESIAN_POINT('Ctrl Pts',(13.0000000000001,7.54319359520516,-22.0672784612921));
#7818=CARTESIAN_POINT('Ctrl Pts',(13.0000000000002,54.6329314689692,-24.8649186553474));
#7819=CARTESIAN_POINT('Ctrl Pts',(13.0000000000003,101.722669342733,-27.6625588494026));
#7820=CARTESIAN_POINT('Ctrl Pts',(12.8999962746255,-48.5024824540629,-14.0974307970861));
#7821=CARTESIAN_POINT('Ctrl Pts',(12.8999962746255,-47.7063961850473,-15.5660399012544));
#7822=CARTESIAN_POINT('Ctrl Pts',(12.8999962746255,-45.5026621327575,-18.1023478148579));
#7823=CARTESIAN_POINT('Ctrl Pts',(12.8999962746255,-41.5900906659015,-19.2484099322457));
#7824=CARTESIAN_POINT('Ctrl Pts',(12.8999962746255,-39.5524753724586,-19.3694659547112));
#7825=CARTESIAN_POINT('Ctrl Pts',(12.8999962746256,7.82422281962819,-22.1841457714261));
#7826=CARTESIAN_POINT('Ctrl Pts',(12.8999962746257,55.200921011715,-24.998825588141));
#7827=CARTESIAN_POINT('Ctrl Pts',(12.8999962746258,102.577619203802,-27.8135054048558));
#7828=CARTESIAN_POINT('Ctrl Pts',(12.799992549251,-48.5904001642179,-14.1450881294077));
#7829=CARTESIAN_POINT('Ctrl Pts',(12.799992549251,-47.7863431663602,-15.6284017921858));
#7830=CARTESIAN_POINT('Ctrl Pts',(12.799992549251,-45.5589510661966,-18.1916361332782));
#7831=CARTESIAN_POINT('Ctrl Pts',(12.799992549251,-41.6083635808977,-19.3475047658689));
#7832=CARTESIAN_POINT('Ctrl Pts',(12.799992549251,-39.5584064663583,-19.4692936421856));
#7833=CARTESIAN_POINT('Ctrl Pts',(12.799992549251,8.10525204405144,-22.3010130815601));
#7834=CARTESIAN_POINT('Ctrl Pts',(12.799992549251,55.7689105544612,-25.1327325209345));
#7835=CARTESIAN_POINT('Ctrl Pts',(12.799992549251,103.432569064871,-27.9644519603089));
#7836=CARTESIAN_POINT('Ctrl Pts',(12.6999888238765,-48.6783178743729,-14.1927454617292));
#7837=CARTESIAN_POINT('Ctrl Pts',(12.6999888238765,-47.866290147673,-15.6907636831171));
#7838=CARTESIAN_POINT('Ctrl Pts',(12.6999888238765,-45.6152399996356,-18.2809244516984));
#7839=CARTESIAN_POINT('Ctrl Pts',(12.6999888238765,-41.6266364958938,-19.4465995994922));
#7840=CARTESIAN_POINT('Ctrl Pts',(12.6999888238765,-39.5643375602581,-19.56912132966));
#7841=CARTESIAN_POINT('Ctrl Pts',(12.6999888238765,8.38628126847426,-22.417880391694));
#7842=CARTESIAN_POINT('Ctrl Pts',(12.6999888238765,56.3369000972066,-25.2666394537279));
#7843=CARTESIAN_POINT('Ctrl Pts',(12.6999888238765,104.287518925939,-28.1153985157618));
#7844=CARTESIAN_POINT('Ctrl Pts',(-33.041745777813,-88.8919054146045,-35.9912238555313));
#7845=CARTESIAN_POINT('Ctrl Pts',(-33.041745777808,-84.4340638753241,-44.2151116867022));
#7846=CARTESIAN_POINT('Ctrl Pts',(-33.04174577781,-71.3618153870889,-59.1214286320333));
#7847=CARTESIAN_POINT('Ctrl Pts',(-33.04174577781,-49.9846734092452,-64.7726068358923));
#7848=CARTESIAN_POINT('Ctrl Pts',(-33.04174577781,-42.2772217257562,-65.2303361419403));
#7849=CARTESIAN_POINT('Ctrl Pts',(-33.04174577781,136.929134554463,-75.8730238249875));
#7850=CARTESIAN_POINT('Ctrl Pts',(-33.04174577781,316.135490834685,-86.5157115080336));
#7851=CARTESIAN_POINT('Ctrl Pts',(-33.04174577781,495.341847114905,-97.1583991910797));
#7852=CARTESIAN_POINT('Ctrl Pts',(-78.7834803795026,-129.105492954836,-57.7897022493334));
#7853=CARTESIAN_POINT('Ctrl Pts',(-78.7834803794924,-121.001837602975,-72.7394596902873));
#7854=CARTESIAN_POINT('Ctrl Pts',(-78.7834803794965,-97.1083907745421,-99.9619328123682));
#7855=CARTESIAN_POINT('Ctrl Pts',(-78.7834803794965,-58.3427103225966,-110.098614072292));
#7856=CARTESIAN_POINT('Ctrl Pts',(-78.7834803794965,-44.9901058912542,-110.891550954221));
#7857=CARTESIAN_POINT('Ctrl Pts',(-78.7834803794965,265.471987840453,-129.328167258281));
#7858=CARTESIAN_POINT('Ctrl Pts',(-78.7834803794965,575.934081572163,-147.764783562339));
#7859=CARTESIAN_POINT('Ctrl Pts',(-78.7834803794965,886.39617530387,-166.201399866398));
#7860=CARTESIAN_POINT('Ctrl Pts',(-124.525214981192,-169.319080495068,-79.5881806431355));
#7861=CARTESIAN_POINT('Ctrl Pts',(-124.525214981177,-157.569611330626,-101.263807693872));
#7862=CARTESIAN_POINT('Ctrl Pts',(-124.525214981183,-122.854966161995,-140.802436992703));
#7863=CARTESIAN_POINT('Ctrl Pts',(-124.525214981183,-66.700747235948,-155.424621308692));
#7864=CARTESIAN_POINT('Ctrl Pts',(-124.525214981183,-47.7029900567523,-156.552765766501));
#7865=CARTESIAN_POINT('Ctrl Pts',(-124.525214981183,394.014841126442,-182.783310691574));
#7866=CARTESIAN_POINT('Ctrl Pts',(-124.525214981183,835.732672309642,-209.013855616645));
#7867=CARTESIAN_POINT('Ctrl Pts',(-124.525214981183,1277.45050349284,-235.244400541715));
#7868=CARTESIAN_POINT('',(13.,-39.0354971323791,-19.3));
#7869=CARTESIAN_POINT('Ctrl Pts',(13.0000000000018,-39.035497132379,-19.2999999999982));
#7870=CARTESIAN_POINT('Ctrl Pts',(12.9026391144926,-39.0383851402831,-19.3973608855074));
#7871=CARTESIAN_POINT('Ctrl Pts',(12.8052782290036,-39.0412731495433,-19.4947217709963));
#7872=CARTESIAN_POINT('Ctrl Pts',(12.7079173435336,-39.0441611600896,-19.5920826564663));
#7873=CARTESIAN_POINT('',(13.,-48.4141727276661,-14.0504965795926));
#7874=CARTESIAN_POINT('Ctrl Pts',(13.,-48.4141727276661,-14.0504965795926));
#7875=CARTESIAN_POINT('Ctrl Pts',(13.,-47.9070477191526,-14.9858493564465));
#7876=CARTESIAN_POINT('Ctrl Pts',(13.,-47.2491551720029,-15.8416248032688));
#7877=CARTESIAN_POINT('Ctrl Pts',(13.,-45.7109437312426,-17.2656830829337));
#7878=CARTESIAN_POINT('Ctrl Pts',(13.,-44.6861735792179,-17.9978819564451));
#7879=CARTESIAN_POINT('Ctrl Pts',(13.,-41.8185633379407,-19.0585831613058));
#7880=CARTESIAN_POINT('Ctrl Pts',(13.,-40.77405456575,-19.1967108679112));
#7881=CARTESIAN_POINT('Ctrl Pts',(13.,-39.0354971323477,-19.3000000000019));
#7882=CARTESIAN_POINT('',(13.,-48.4141727276661,-14.0504965795926));
#7883=CARTESIAN_POINT('Ctrl Pts',(-12.7005405516558,-61.2713949398085,-8.79169906699025));
#7884=CARTESIAN_POINT('Ctrl Pts',(-12.7009844028868,-61.3029165934369,-8.78661065377807));
#7885=CARTESIAN_POINT('Ctrl Pts',(-12.7017051619867,-61.335383245757,-8.78390642883737));
#7886=CARTESIAN_POINT('Ctrl Pts',(-12.7050683435154,-61.4491481638876,-8.78412671527652));
#7887=CARTESIAN_POINT('Ctrl Pts',(-12.7090727382865,-61.5330523619554,-8.80088200247456));
#7888=CARTESIAN_POINT('Ctrl Pts',(-12.7177309940855,-61.6816309359821,-8.87279103069671));
#7889=CARTESIAN_POINT('Ctrl Pts',(-12.7221314215945,-61.7459432436231,-8.92314999617498));
#7890=CARTESIAN_POINT('Ctrl Pts',(-12.7275181167171,-61.8276686939358,-9.03158702564424));
#7891=CARTESIAN_POINT('Ctrl Pts',(-12.7290960775489,-61.852967510848,-9.07990273861465));
#7892=CARTESIAN_POINT('Ctrl Pts',(-12.7304733658094,-61.883763939939,-9.17690506777386));
#7893=CARTESIAN_POINT('Ctrl Pts',(-12.7304669063506,-61.8912118572633,-9.22404470046069));
#7894=CARTESIAN_POINT('Ctrl Pts',(-12.7298162831702,-61.8915209369244,-9.27125450301948));
#7895=CARTESIAN_POINT('Ctrl Pts',(-12.8003603677705,-61.2636302623054,-8.89741465684816));
#7896=CARTESIAN_POINT('Ctrl Pts',(-12.8006582549279,-61.2897639194608,-8.89439906538634));
#7897=CARTESIAN_POINT('Ctrl Pts',(-12.8011348119874,-61.3163944811748,-8.89334164855544));
#7898=CARTESIAN_POINT('Ctrl Pts',(-12.803384296557,-61.4089263383169,-8.8972857810057));
#7899=CARTESIAN_POINT('Ctrl Pts',(-12.8060502563944,-61.4754093324281,-8.91320770316172));
#7900=CARTESIAN_POINT('Ctrl Pts',(-12.8118196514295,-61.59051325519,-8.97263431566361));
#7901=CARTESIAN_POINT('Ctrl Pts',(-12.8147566692706,-61.639216283029,-9.01247543818733));
#7902=CARTESIAN_POINT('Ctrl Pts',(-12.8183437929032,-61.7004426091239,-9.09565227289293));
#7903=CARTESIAN_POINT('Ctrl Pts',(-12.8193973788189,-61.7192602469095,-9.13227806441825));
#7904=CARTESIAN_POINT('Ctrl Pts',(-12.82031528122,-61.7422013107768,-9.20534931856796));
#7905=CARTESIAN_POINT('Ctrl Pts',(-12.8203098330055,-61.7477914448136,-9.24075352323042));
#7906=CARTESIAN_POINT('Ctrl Pts',(-12.8198775221135,-61.7481470206507,-9.27629010892693));
#7907=CARTESIAN_POINT('Ctrl Pts',(-12.9001801838853,-61.2558655848024,-9.00313024670606));
#7908=CARTESIAN_POINT('Ctrl Pts',(-12.9003261479589,-61.2765748147256,-9.00218275033909));
#7909=CARTESIAN_POINT('Ctrl Pts',(-12.9005703499994,-61.297442805793,-9.0027853559444));
#7910=CARTESIAN_POINT('Ctrl Pts',(-12.9016840469585,-61.3686024860117,-9.01042073731486));
#7911=CARTESIAN_POINT('Ctrl Pts',(-12.903022481892,-61.417738826058,-9.02555676571934));
#7912=CARTESIAN_POINT('Ctrl Pts',(-12.9059113426559,-61.4994070980402,-9.07244338552186));
#7913=CARTESIAN_POINT('Ctrl Pts',(-12.9073747523239,-61.5324309366109,-9.10173598148819));
#7914=CARTESIAN_POINT('Ctrl Pts',(-12.9091743238139,-61.5732534245457,-9.15975002946137));
#7915=CARTESIAN_POINT('Ctrl Pts',(-12.9096986987301,-61.5855447287259,-9.18461676433828));
#7916=CARTESIAN_POINT('Ctrl Pts',(-12.9101580845894,-61.6006495182477,-9.23381843898247));
#7917=CARTESIAN_POINT('Ctrl Pts',(-12.9101570733451,-61.6043906309337,-9.25743886263091));
#7918=CARTESIAN_POINT('Ctrl Pts',(-12.9099387610567,-61.604773104377,-9.28132571483438));
#7919=CARTESIAN_POINT('Ctrl Pts',(-13.,-61.2481009072994,-9.10884583656396));
#7920=CARTESIAN_POINT('Ctrl Pts',(-13.,-61.2634221407495,-9.10997116194737));
#7921=CARTESIAN_POINT('Ctrl Pts',(-13.,-61.2784540412108,-9.11222057566248));
#7922=CARTESIAN_POINT('Ctrl Pts',(-13.,-61.328380660441,-9.12357980304403));
#7923=CARTESIAN_POINT('Ctrl Pts',(-13.,-61.3600957965307,-9.1378824664065));
#7924=CARTESIAN_POINT('Ctrl Pts',(-13.,-61.408289417248,-9.17228667048876));
#7925=CARTESIAN_POINT('Ctrl Pts',(-13.,-61.4257039760169,-9.19106142350054));
#7926=CARTESIAN_POINT('Ctrl Pts',(-13.,-61.4460273397338,-9.22381527671006));
#7927=CARTESIAN_POINT('Ctrl Pts',(-13.,-61.4518374647874,-9.23699209014188));
#7928=CARTESIAN_POINT('Ctrl Pts',(-13.,-61.4590868890855,-9.26226268977656));
#7929=CARTESIAN_POINT('Ctrl Pts',(-13.,-61.4609702184841,-9.27414768540064));
#7930=CARTESIAN_POINT('Ctrl Pts',(-13.,-61.4613991881033,-9.28636132074183));
#7931=CARTESIAN_POINT('',(-12.7005405516558,-61.2714026116901,-8.79174661595101));
#7932=CARTESIAN_POINT('',(-13.,-61.2481009072994,-9.10884583656396));
#7933=CARTESIAN_POINT('',(-12.7005405516558,-61.2713949398085,-8.79169906699026));
#7934=CARTESIAN_POINT('',(-13.,-61.4613991881033,-9.28636132074183));
#7935=CARTESIAN_POINT('Ctrl Pts',(-13.,-61.2481009072994,-9.10884583656396));
#7936=CARTESIAN_POINT('Ctrl Pts',(-13.,-61.2766045838692,-9.11093939586315));
#7937=CARTESIAN_POINT('Ctrl Pts',(-13.,-61.3050649584854,-9.11699391057168));
#7938=CARTESIAN_POINT('Ctrl Pts',(-13.,-61.3558228866906,-9.1366810404831));
#7939=CARTESIAN_POINT('Ctrl Pts',(-13.,-61.3786129679013,-9.14948303429702));
#7940=CARTESIAN_POINT('Ctrl Pts',(-13.,-61.4196658258217,-9.18365101995267));
#7941=CARTESIAN_POINT('Ctrl Pts',(-13.,-61.4343870137545,-9.20296703258128));
#7942=CARTESIAN_POINT('Ctrl Pts',(-13.,-61.4494344924762,-9.23176256363379));
#7943=CARTESIAN_POINT('Ctrl Pts',(-13.,-61.453578934909,-9.24235341232242));
#7944=CARTESIAN_POINT('Ctrl Pts',(-13.,-61.4593898368007,-9.26422495498743));
#7945=CARTESIAN_POINT('Ctrl Pts',(-13.,-61.4610059486322,-9.2751649952045));
#7946=CARTESIAN_POINT('Ctrl Pts',(-13.,-61.4613991881033,-9.28636132074183));
#7947=CARTESIAN_POINT('',(-12.7298149970095,-61.8915154884789,-9.27123657388178));
#7948=CARTESIAN_POINT('',(-13.,-61.4613991881033,-9.28636132074183));
#7949=CARTESIAN_POINT('Ctrl Pts',(-12.7298219519345,-61.8915121849617,-9.2712370788634));
#7950=CARTESIAN_POINT('Ctrl Pts',(-12.7304574691608,-61.8912097353417,-9.22502802024465));
#7951=CARTESIAN_POINT('Ctrl Pts',(-12.7305797690137,-61.8839251138566,-9.17906423763148));
#7952=CARTESIAN_POINT('Ctrl Pts',(-12.7295680696314,-61.8600178185134,-9.10208380757392));
#7953=CARTESIAN_POINT('Ctrl Pts',(-12.7285452555539,-61.8427117950644,-9.05798013877504));
#7954=CARTESIAN_POINT('Ctrl Pts',(-12.7242580394955,-61.7744011868312,-8.95690555223841));
#7955=CARTESIAN_POINT('Ctrl Pts',(-12.7209316582884,-61.7280817023082,-8.91098952776973));
#7956=CARTESIAN_POINT('Ctrl Pts',(-12.7135859448214,-61.6109818499066,-8.83248735601107));
#7957=CARTESIAN_POINT('Ctrl Pts',(-12.7104112454713,-61.5462821581527,-8.8102902714084));
#7958=CARTESIAN_POINT('Ctrl Pts',(-12.7046265339981,-61.4205517697606,-8.78212889040397));
#7959=CARTESIAN_POINT('Ctrl Pts',(-12.7015750981833,-61.3448668939803,-8.77983878622136));
#7960=CARTESIAN_POINT('Ctrl Pts',(-12.7005405516558,-61.2713949398085,-8.79169906699025));
#7961=CARTESIAN_POINT('Ctrl Pts',(-12.7004908653628,-61.3511004471144,-12.1));
#7962=CARTESIAN_POINT('Ctrl Pts',(-12.6998063880827,-61.2993895771764,-12.1));
#7963=CARTESIAN_POINT('Ctrl Pts',(-12.6999999999999,-61.249175641601,-12.1));
#7964=CARTESIAN_POINT('Ctrl Pts',(-12.6999999999999,-61.2041043550644,-12.1));
#7965=CARTESIAN_POINT('Ctrl Pts',(-12.8003272435752,-61.3266685130284,-11.997143720496));
#7966=CARTESIAN_POINT('Ctrl Pts',(-12.7998709253885,-61.2841299756677,-11.9990593484443));
#7967=CARTESIAN_POINT('Ctrl Pts',(-12.7999999999999,-61.2419521676882,-12.));
#7968=CARTESIAN_POINT('Ctrl Pts',(-12.7999999999999,-61.2041043550644,-12.));
#7969=CARTESIAN_POINT('Ctrl Pts',(-12.9001636217876,-61.3022365789424,-11.894287440992));
#7970=CARTESIAN_POINT('Ctrl Pts',(-12.8999354626943,-61.268870374159,-11.8981186968886));
#7971=CARTESIAN_POINT('Ctrl Pts',(-12.9,-61.2347286937754,-11.9));
#7972=CARTESIAN_POINT('Ctrl Pts',(-12.9,-61.2041043550644,-11.9));
#7973=CARTESIAN_POINT('Ctrl Pts',(-13.,-61.2778046448564,-11.7914311614881));
#7974=CARTESIAN_POINT('Ctrl Pts',(-13.,-61.2536107726502,-11.7971780453329));
#7975=CARTESIAN_POINT('Ctrl Pts',(-13.,-61.2275052198627,-11.8));
#7976=CARTESIAN_POINT('Ctrl Pts',(-13.,-61.2041043550644,-11.8));
#7977=CARTESIAN_POINT('',(-13.,-61.2041043550644,-11.8));
#7978=CARTESIAN_POINT('',(-12.6999999999999,-61.2041043550644,-12.1));
#7979=CARTESIAN_POINT('',(-13.,-61.2778046448564,-11.7914311614881));
#7980=CARTESIAN_POINT('',(-13.,-61.2778046448564,-11.7914311614881));
#7981=CARTESIAN_POINT('Origin',(-13.,-61.2345710992569,-11.7625955241785));
#7982=CARTESIAN_POINT('Origin',(-12.85,-37.0309480527604,-11.95));
#7983=CARTESIAN_POINT('',(-13.,-52.1943229534824,-11.8));
#7984=CARTESIAN_POINT('',(-13.,-52.1943229534824,-11.8));
#7985=CARTESIAN_POINT('',(-13.,-37.0309480527604,-11.8));
#7986=CARTESIAN_POINT('Ctrl Pts',(-12.7296758368318,-61.8915876557479,-11.6));
#7987=CARTESIAN_POINT('Ctrl Pts',(-12.7296758368318,-61.8915876557479,-11.6597249014861));
#7988=CARTESIAN_POINT('Ctrl Pts',(-12.7273329549259,-61.866055148718,-11.7900869411267));
#7989=CARTESIAN_POINT('Ctrl Pts',(-12.7133810962889,-61.6993628021489,-12.0287577552288));
#7990=CARTESIAN_POINT('Ctrl Pts',(-12.7023666134922,-61.4928094130373,-12.0999999999999));
#7991=CARTESIAN_POINT('Ctrl Pts',(-12.7004908653628,-61.3511004471143,-12.1));
#7992=CARTESIAN_POINT('Ctrl Pts',(-12.8197838912212,-61.7482224792331,-11.6));
#7993=CARTESIAN_POINT('Ctrl Pts',(-12.8197838912212,-61.7482224792331,-11.6449501427893));
#7994=CARTESIAN_POINT('Ctrl Pts',(-12.8182219699506,-61.7294566945652,-11.743070120508));
#7995=CARTESIAN_POINT('Ctrl Pts',(-12.8089207308593,-61.6052915373179,-11.9275415078022));
#7996=CARTESIAN_POINT('Ctrl Pts',(-12.8015777423281,-61.4432415304325,-11.9918941152201));
#7997=CARTESIAN_POINT('Ctrl Pts',(-12.8003272435752,-61.3266685130284,-11.997143720496));
#7998=CARTESIAN_POINT('Ctrl Pts',(-12.9098919456106,-61.6048573027183,-11.6));
#7999=CARTESIAN_POINT('Ctrl Pts',(-12.9098919456106,-61.6048573027183,-11.6301753840924));
#8000=CARTESIAN_POINT('Ctrl Pts',(-12.9091109849753,-61.5928582404124,-11.6960532998894));
#8001=CARTESIAN_POINT('Ctrl Pts',(-12.9044603654296,-61.5112202724868,-11.8263252603757));
#8002=CARTESIAN_POINT('Ctrl Pts',(-12.9007888711641,-61.3936736478277,-11.8837882304403));
#8003=CARTESIAN_POINT('Ctrl Pts',(-12.9001636217876,-61.3022365789424,-11.894287440992));
#8004=CARTESIAN_POINT('Ctrl Pts',(-13.,-61.4614921262034,-11.6));
#8005=CARTESIAN_POINT('Ctrl Pts',(-13.,-61.4614921262034,-11.6154006253956));
#8006=CARTESIAN_POINT('Ctrl Pts',(-13.,-61.4562597862597,-11.6490364792707));
#8007=CARTESIAN_POINT('Ctrl Pts',(-13.,-61.4171490076557,-11.7251090129492));
#8008=CARTESIAN_POINT('Ctrl Pts',(-13.,-61.3441057652229,-11.7756823456605));
#8009=CARTESIAN_POINT('Ctrl Pts',(-13.,-61.2778046448564,-11.7914311614881));
#8010=CARTESIAN_POINT('',(-12.7296758368318,-61.8915876557479,-11.6));
#8011=CARTESIAN_POINT('Ctrl Pts',(-12.7004908653628,-61.3511004471143,-12.1));
#8012=CARTESIAN_POINT('Ctrl Pts',(-12.7023666134922,-61.4928094130373,-12.0999999999999));
#8013=CARTESIAN_POINT('Ctrl Pts',(-12.7133810962889,-61.6993628021489,-12.0287577552288));
#8014=CARTESIAN_POINT('Ctrl Pts',(-12.7273329549259,-61.866055148718,-11.7900869411267));
#8015=CARTESIAN_POINT('Ctrl Pts',(-12.7296758368318,-61.8915876557479,-11.6597249014861));
#8016=CARTESIAN_POINT('Ctrl Pts',(-12.7296758368318,-61.8915876557479,-11.6));
#8017=CARTESIAN_POINT('',(-13.,-61.4614921262034,-11.6));
#8018=CARTESIAN_POINT('',(-13.,-61.4614921262034,-11.6));
#8019=CARTESIAN_POINT('Ctrl Pts',(-13.,-61.4614921262034,-11.6));
#8020=CARTESIAN_POINT('Ctrl Pts',(-13.,-61.4614921262034,-11.6154006253956));
#8021=CARTESIAN_POINT('Ctrl Pts',(-13.,-61.4562597862597,-11.6490364792707));
#8022=CARTESIAN_POINT('Ctrl Pts',(-13.,-61.4171490076557,-11.7251090129492));
#8023=CARTESIAN_POINT('Ctrl Pts',(-13.,-61.3441057652229,-11.7756823456605));
#8024=CARTESIAN_POINT('Ctrl Pts',(-13.,-61.2778046448564,-11.7914311614881));
#8025=CARTESIAN_POINT('Ctrl Pts',(-12.7298162831702,-61.8915209369244,-9.27125450301948));
#8026=CARTESIAN_POINT('Ctrl Pts',(-12.7297225205339,-61.891565479026,-9.27805800415656));
#8027=CARTESIAN_POINT('Ctrl Pts',(-12.7296758368318,-61.8915876557479,-9.28485842679257));
#8028=CARTESIAN_POINT('Ctrl Pts',(-12.7296758368318,-61.8915876557479,-9.29166293955431));
#8029=CARTESIAN_POINT('Ctrl Pts',(-12.8198775221135,-61.7481470206507,-9.27629010892693));
#8030=CARTESIAN_POINT('Ctrl Pts',(-12.8198150136892,-61.748197321948,-9.28141248700232));
#8031=CARTESIAN_POINT('Ctrl Pts',(-12.8197838912212,-61.7482224792331,-9.28653510814826));
#8032=CARTESIAN_POINT('Ctrl Pts',(-12.8197838912212,-61.7482224792331,-9.29166293955431));
#8033=CARTESIAN_POINT('Ctrl Pts',(-12.9099387610567,-61.604773104377,-9.28132571483437));
#8034=CARTESIAN_POINT('Ctrl Pts',(-12.9099075068446,-61.6048291648699,-9.28476696984808));
#8035=CARTESIAN_POINT('Ctrl Pts',(-12.9098919456106,-61.6048573027183,-9.28821178950395));
#8036=CARTESIAN_POINT('Ctrl Pts',(-12.9098919456106,-61.6048573027183,-9.29166293955432));
#8037=CARTESIAN_POINT('Ctrl Pts',(-13.,-61.4613991881033,-9.28636132074182));
#8038=CARTESIAN_POINT('Ctrl Pts',(-13.,-61.4614610077919,-9.28812145269383));
#8039=CARTESIAN_POINT('Ctrl Pts',(-13.,-61.4614921262034,-9.28988847085964));
#8040=CARTESIAN_POINT('Ctrl Pts',(-13.,-61.4614921262034,-9.29166293955432));
#8041=CARTESIAN_POINT('',(-12.7296758368318,-61.8915876557479,-9.29166293955432));
#8042=CARTESIAN_POINT('',(-13.,-61.4614921262034,-9.29166293955432));
#8043=CARTESIAN_POINT('',(-12.7296758368318,-61.8915876557479,-9.29166293955432));
#8044=CARTESIAN_POINT('Ctrl Pts',(-12.7296758368318,-61.8915876557479,-9.29166293955431));
#8045=CARTESIAN_POINT('Ctrl Pts',(-12.7296758368318,-61.8915876557479,-9.28485842679257));
#8046=CARTESIAN_POINT('Ctrl Pts',(-12.7297225205339,-61.891565479026,-9.27805800415656));
#8047=CARTESIAN_POINT('Ctrl Pts',(-12.7298162831702,-61.8915209369244,-9.27125450301948));
#8048=CARTESIAN_POINT('Ctrl Pts',(-13.,-61.4613991881033,-9.28636132074182));
#8049=CARTESIAN_POINT('Ctrl Pts',(-13.,-61.4614610077919,-9.28812145269383));
#8050=CARTESIAN_POINT('Ctrl Pts',(-13.,-61.4614921262034,-9.28988847085964));
#8051=CARTESIAN_POINT('Ctrl Pts',(-13.,-61.4614921262034,-9.29166293955432));
#8052=CARTESIAN_POINT('Origin',(-12.8648379184159,-61.6765398909757,-9.59999999999997));
#8053=CARTESIAN_POINT('',(-13.,-61.4614921262034,-9.59999999999997));
#8054=CARTESIAN_POINT('',(-12.7296758368318,-61.8915876557479,-9.59999999999997));
#8055=CARTESIAN_POINT('Origin',(4.20316548581641E-15,-35.0948254595367,
-9.10000000000002));
#8056=CARTESIAN_POINT('',(5.9847577449178,-64.1515593752018,-9.09999999999997));
#8057=CARTESIAN_POINT('',(5.88389104135177,-63.6618391406681,-8.59999999999997));
#8058=CARTESIAN_POINT('Origin',(5.88389104135177,-63.6618391406681,-9.09999999999997));
#8059=CARTESIAN_POINT('',(-5.88389104135173,-63.6618391406681,-8.59999999999997));
#8060=CARTESIAN_POINT('Origin',(4.20316548581641E-15,-35.0948254595367,
-8.60000000000002));
#8061=CARTESIAN_POINT('',(-5.98475774491775,-64.1515593752018,-9.09999999999996));
#8062=CARTESIAN_POINT('Origin',(-5.88389104135173,-63.6618391406681,-9.09999999999996));
#8063=CARTESIAN_POINT('Origin',(4.20316548581641E-15,-35.0948254595367,
-9.10000000000002));
#8064=CARTESIAN_POINT('Ctrl Pts',(-12.6999999999999,-60.4624806907183,-8.94516784440247));
#8065=CARTESIAN_POINT('Ctrl Pts',(-12.6999999999999,-60.6805053328036,-8.89756996176917));
#8066=CARTESIAN_POINT('Ctrl Pts',(-12.6999999999999,-60.8995182653684,-8.85485364428444));
#8067=CARTESIAN_POINT('Ctrl Pts',(-12.6999999999999,-61.1193548796987,-8.81704448417964));
#8068=CARTESIAN_POINT('Ctrl Pts',(-12.7999999999999,-60.4838097470513,-9.04286672543978));
#8069=CARTESIAN_POINT('Ctrl Pts',(-12.7999999999999,-60.7003808915227,-8.99558616202404));
#8070=CARTESIAN_POINT('Ctrl Pts',(-12.7999999999999,-60.9179337378704,-8.9531546199892));
#8071=CARTESIAN_POINT('Ctrl Pts',(-12.7999999999999,-61.1363047747719,-8.91559752095177));
#8072=CARTESIAN_POINT('Ctrl Pts',(-12.9,-60.5051388033843,-9.1405656064771));
#8073=CARTESIAN_POINT('Ctrl Pts',(-12.9,-60.7202564502418,-9.09360236227891));
#8074=CARTESIAN_POINT('Ctrl Pts',(-12.9,-60.9363492103724,-9.05145559569397));
#8075=CARTESIAN_POINT('Ctrl Pts',(-12.9,-61.153254669845,-9.01415055772391));
#8076=CARTESIAN_POINT('Ctrl Pts',(-13.,-60.5264678597173,-9.23826448751442));
#8077=CARTESIAN_POINT('Ctrl Pts',(-13.,-60.7401320089609,-9.19161856253378));
#8078=CARTESIAN_POINT('Ctrl Pts',(-13.,-60.9547646828744,-9.14975657139874));
#8079=CARTESIAN_POINT('Ctrl Pts',(-13.,-61.1702045649181,-9.11270359449604));
#8080=CARTESIAN_POINT('',(-13.,-61.1702045649181,-9.11270359449604));
#8081=CARTESIAN_POINT('',(-12.7000360229045,-61.1193609855426,-8.81707998584614));
#8082=CARTESIAN_POINT('',(-13.,-61.1702045649181,-9.11270359449604));
#8083=CARTESIAN_POINT('Ctrl Pts',(-12.7000360232458,-61.1193609856011,-8.81707998618241));
#8084=CARTESIAN_POINT('Ctrl Pts',(-12.7000271500408,-61.0094222799518,-8.83597907103802));
#8085=CARTESIAN_POINT('Ctrl Pts',(-12.7000182949795,-60.8996944756088,-8.85610459537956));
#8086=CARTESIAN_POINT('Ctrl Pts',(-12.7000115073194,-60.7902051432943,-8.87745358383383));
#8087=CARTESIAN_POINT('Ctrl Pts',(-12.700004719657,-60.6807157732219,-8.89880257965039));
#8088=CARTESIAN_POINT('Ctrl Pts',(-12.6999999999999,-60.5714650965181,-8.92137499738066));
#8089=CARTESIAN_POINT('Ctrl Pts',(-12.6999999999999,-60.4624806907183,-8.94516784440247));
#8090=CARTESIAN_POINT('',(-13.,-60.5264678597173,-9.23826448751442));
#8091=CARTESIAN_POINT('',(-13.,-60.5264678597173,-9.23826448751442));
#8092=CARTESIAN_POINT('Origin',(-13.,-63.6618388769826,-23.5999986481143));
#8093=CARTESIAN_POINT('Origin',(6.77819373626838E-14,-56.2614921262034,
-8.59999999999998));
#8094=CARTESIAN_POINT('',(-5.88389104135174,-63.6618391406681,-8.59999999999997));
#8095=CARTESIAN_POINT('Ctrl Pts',(-12.9261332305249,-61.7973757162882,-9.28591389237407));
#8096=CARTESIAN_POINT('Ctrl Pts',(-10.723003948144,-62.8638697974867,-9.1163938567888));
#8097=CARTESIAN_POINT('Ctrl Pts',(-8.37961117594576,-63.6590406825269,-9.09996065530692));
#8098=CARTESIAN_POINT('Ctrl Pts',(-5.97617406573448,-64.1533260066616,-9.10000007050139));
#8099=CARTESIAN_POINT('Ctrl Pts',(-12.9312991172965,-61.7948750690865,-9.20445065015368));
#8100=CARTESIAN_POINT('Ctrl Pts',(-10.7249141604591,-62.8634575852323,-9.0375298061187));
#8101=CARTESIAN_POINT('Ctrl Pts',(-8.38011119926505,-63.6589435297233,-9.0236005363572));
#8102=CARTESIAN_POINT('Ctrl Pts',(-5.97617226961012,-64.15332635582,-9.02520584201922));
#8103=CARTESIAN_POINT('Ctrl Pts',(-12.9237818064894,-61.7530684854941,-9.04193769512842));
#8104=CARTESIAN_POINT('Ctrl Pts',(-10.715239216052,-62.8269896999458,-8.88017209400842));
#8105=CARTESIAN_POINT('Ctrl Pts',(-8.3711351995598,-63.6243689676898,-8.87118045171659));
#8106=CARTESIAN_POINT('Ctrl Pts',(-5.96927567676502,-64.1198103057534,-8.87589854789159));
#8107=CARTESIAN_POINT('Ctrl Pts',(-12.8515642652537,-61.5685196773612,-8.82323272554267));
#8108=CARTESIAN_POINT('Ctrl Pts',(-10.6549418911446,-62.6524721971293,-8.66384465702064));
#8109=CARTESIAN_POINT('Ctrl Pts',(-8.32389799134959,-63.4564161061047,-8.65844806965664));
#8110=CARTESIAN_POINT('Ctrl Pts',(-5.93555031403509,-63.9558495075106,-8.66543979757418));
#8111=CARTESIAN_POINT('Ctrl Pts',(-12.7619947217156,-61.3756329603314,-8.77465101339674));
#8112=CARTESIAN_POINT('Ctrl Pts',(-10.5844599859487,-62.4625321343236,-8.60719520582694));
#8113=CARTESIAN_POINT('Ctrl Pts',(-8.27042923437477,-63.2707895901237,-8.5960881953195));
#8114=CARTESIAN_POINT('Ctrl Pts',(-5.89796171083081,-63.7730870692168,-8.59985526650025));
#8115=CARTESIAN_POINT('Ctrl Pts',(-12.7079517696613,-61.2668674208476,-8.79243116855733));
#8116=CARTESIAN_POINT('Ctrl Pts',(-10.5420237389842,-62.3515293082873,-8.61701775504752));
#8117=CARTESIAN_POINT('Ctrl Pts',(-8.23818771316305,-63.160258860117,-8.59998223778543));
#8118=CARTESIAN_POINT('Ctrl Pts',(-5.87531572503522,-63.6629731147062,-8.60000046964294));
#8119=CARTESIAN_POINT('Ctrl Pts',(-12.7298149970095,-61.8915154884789,-9.27123657388178));
#8120=CARTESIAN_POINT('Ctrl Pts',(-10.5866333229917,-62.9095041745159,-9.1156250871184));
#8121=CARTESIAN_POINT('Ctrl Pts',(-8.31393946885287,-63.6718224439245,-9.09999999999997));
#8122=CARTESIAN_POINT('Ctrl Pts',(-5.98475774491776,-64.1515593752018,-9.09999999999997));
#8123=CARTESIAN_POINT('Ctrl Pts',(-5.88389104135173,-63.6618391406681,-8.59999999999997));
#8124=CARTESIAN_POINT('Ctrl Pts',(-6.23596777963386,-63.5868220239514,-8.59999999999997));
#8125=CARTESIAN_POINT('Ctrl Pts',(-6.58673169826772,-63.5050943799557,-8.60056065374036));
#8126=CARTESIAN_POINT('Ctrl Pts',(-6.93592186170636,-63.4166975364965,-8.60200984275298));
#8127=CARTESIAN_POINT('Ctrl Pts',(-7.28491347663001,-63.3283509552263,-8.60345820776092));
#8128=CARTESIAN_POINT('Ctrl Pts',(-7.63233312551493,-63.2333424513959,-8.60579418519704));
#8129=CARTESIAN_POINT('Ctrl Pts',(-7.97792031766274,-63.1317266002047,-8.60939537791828));
#8130=CARTESIAN_POINT('Ctrl Pts',(-8.32249350596565,-63.0304089049235,-8.6129860042084));
#8131=CARTESIAN_POINT('Ctrl Pts',(-8.66524497515266,-62.92252224418,-8.61783454164341));
#8132=CARTESIAN_POINT('Ctrl Pts',(-9.00591652075856,-62.8081387415655,-8.6243637755357));
#8133=CARTESIAN_POINT('Ctrl Pts',(-9.34320951873645,-62.6948896163781,-8.6308282569473));
#8134=CARTESIAN_POINT('Ctrl Pts',(-9.67846364308813,-62.5752715419569,-8.63894042651321));
#8135=CARTESIAN_POINT('Ctrl Pts',(-10.011428295501,-62.4493771357584,-8.64915611627059));
#8136=CARTESIAN_POINT('Ctrl Pts',(-10.3416039827559,-62.3245372412323,-8.65928623777744));
#8137=CARTESIAN_POINT('Ctrl Pts',(-10.6695283914084,-62.1935253688202,-8.6714849345753));
#8138=CARTESIAN_POINT('Ctrl Pts',(-10.9949571677019,-62.0564592349058,-8.68623937361204));
#8139=CARTESIAN_POINT('Ctrl Pts',(-11.3147753567973,-61.9217562033113,-8.7007394372745));
#8140=CARTESIAN_POINT('Ctrl Pts',(-11.6321832241323,-61.7812055693729,-8.71770807449677));
#8141=CARTESIAN_POINT('Ctrl Pts',(-11.9469488377242,-61.6349503640897,-8.73764646922667));
#8142=CARTESIAN_POINT('Ctrl Pts',(-12.1998924633257,-61.5174206204011,-8.75366883518369));
#8143=CARTESIAN_POINT('Ctrl Pts',(-12.4511298201789,-61.3962075825902,-8.77160970987052));
#8144=CARTESIAN_POINT('Ctrl Pts',(-12.7005405516558,-61.2714026116901,-8.79174661595101));
#8145=CARTESIAN_POINT('Ctrl Pts',(-12.6999999999999,-61.1193548796988,-8.81704448417963));
#8146=CARTESIAN_POINT('Ctrl Pts',(-12.6999999999999,-61.1691252491383,-8.80848460041166));
#8147=CARTESIAN_POINT('Ctrl Pts',(-12.699799500347,-61.2187665791278,-8.80019465066046));
#8148=CARTESIAN_POINT('Ctrl Pts',(-12.7005405516558,-61.2713949398085,-8.79169906699025));
#8149=CARTESIAN_POINT('Ctrl Pts',(-12.7999999999999,-61.1363047747719,-8.91559752095177));
#8150=CARTESIAN_POINT('Ctrl Pts',(-12.7999999999999,-61.178131064438,-8.90840391997956));
#8151=CARTESIAN_POINT('Ctrl Pts',(-12.7998663335647,-61.2200179425382,-8.90245210049564));
#8152=CARTESIAN_POINT('Ctrl Pts',(-12.8003603677705,-61.2636302623055,-8.89741465684816));
#8153=CARTESIAN_POINT('Ctrl Pts',(-12.9,-61.153254669845,-9.01415055772391));
#8154=CARTESIAN_POINT('Ctrl Pts',(-12.9,-61.1871368797377,-9.00832323954745));
#8155=CARTESIAN_POINT('Ctrl Pts',(-12.8999331667823,-61.2212693059487,-9.00470955033082));
#8156=CARTESIAN_POINT('Ctrl Pts',(-12.9001801838853,-61.2558655848024,-9.00313024670606));
#8157=CARTESIAN_POINT('Ctrl Pts',(-13.,-61.1702045649182,-9.11270359449605));
#8158=CARTESIAN_POINT('Ctrl Pts',(-13.,-61.1961426950374,-9.10824255911535));
#8159=CARTESIAN_POINT('Ctrl Pts',(-13.,-61.2225206693591,-9.106967000166));
#8160=CARTESIAN_POINT('Ctrl Pts',(-13.,-61.2481009072994,-9.10884583656396));
#8161=CARTESIAN_POINT('Ctrl Pts',(-12.7005872436042,-61.271396514524,-8.79174759971168));
#8162=CARTESIAN_POINT('Ctrl Pts',(-12.7002221805165,-61.245576391069,-8.79591360975013));
#8163=CARTESIAN_POINT('Ctrl Pts',(-12.7000815437256,-61.2201322129656,-8.80008686865676));
#8164=CARTESIAN_POINT('Ctrl Pts',(-12.7000361678321,-61.1943103324644,-8.80439119972072));
#8165=CARTESIAN_POINT('Ctrl Pts',(-12.6999921163748,-61.1692421435802,-8.80856989554136));
#8166=CARTESIAN_POINT('Ctrl Pts',(-12.7000380374879,-61.1443173760741,-8.81278984161091));
#8167=CARTESIAN_POINT('Ctrl Pts',(-12.7000360232458,-61.1193609856012,-8.8170799861824));
#8168=CARTESIAN_POINT('Ctrl Pts',(-13.,-61.1702045649182,-9.11270359449605));
#8169=CARTESIAN_POINT('Ctrl Pts',(-13.,-61.1830376097166,-9.1104964705968));
#8170=CARTESIAN_POINT('Ctrl Pts',(-13.,-61.196031325551,-9.10906005752938));
#8171=CARTESIAN_POINT('Ctrl Pts',(-13.,-61.2220405817532,-9.1077593772099));
#8172=CARTESIAN_POINT('Ctrl Pts',(-13.,-61.2351167029114,-9.10789216303443));
#8173=CARTESIAN_POINT('Ctrl Pts',(-13.,-61.2481009072994,-9.10884583656396));
#8174=CARTESIAN_POINT('Ctrl Pts',(-13.,-60.5264678597173,-9.23826448751442));
#8175=CARTESIAN_POINT('Ctrl Pts',(-13.,-58.442205189521,-9.69328869488894));
#8176=CARTESIAN_POINT('Ctrl Pts',(-13.,-56.2634651608663,-9.70651660419573));
#8177=CARTESIAN_POINT('Ctrl Pts',(-13.,-54.1703117940758,-9.27447809138606));
#8178=CARTESIAN_POINT('Ctrl Pts',(-12.9,-60.5051388033843,-9.1405656064771));
#8179=CARTESIAN_POINT('Ctrl Pts',(-12.9,-58.4344987650194,-9.59261579942434));
#8180=CARTESIAN_POINT('Ctrl Pts',(-12.9,-56.2699988672709,-9.60575725180756));
#8181=CARTESIAN_POINT('Ctrl Pts',(-12.9,-54.1905262414398,-9.17654252012736));
#8182=CARTESIAN_POINT('Ctrl Pts',(-12.7999999999999,-60.4838097470513,-9.04286672543978));
#8183=CARTESIAN_POINT('Ctrl Pts',(-12.7999999999999,-58.4267923405177,-9.49194290395974));
#8184=CARTESIAN_POINT('Ctrl Pts',(-12.8,-56.2765325736755,-9.50499789941938));
#8185=CARTESIAN_POINT('Ctrl Pts',(-12.8,-54.2107406888038,-9.07860694886866));
#8186=CARTESIAN_POINT('Ctrl Pts',(-12.6999999999999,-60.4624806907183,-8.94516784440247));
#8187=CARTESIAN_POINT('Ctrl Pts',(-12.6999999999999,-58.4190859160161,-9.39127000849513));
#8188=CARTESIAN_POINT('Ctrl Pts',(-12.6999999999999,-56.28306628008,-9.40423854703121));
#8189=CARTESIAN_POINT('Ctrl Pts',(-12.6999999999999,-54.2309551361678,-8.98067137760996));
#8190=CARTESIAN_POINT('',(-13.0000000004693,-54.1703117939809,-9.27447809184568));
#8191=CARTESIAN_POINT('',(-13.,-54.1703117940758,-9.27447809138606));
#8192=CARTESIAN_POINT('Origin',(-13.,-57.2834241247525,2.2880589569972));
#8193=CARTESIAN_POINT('Origin',(-12.9699847785881,-60.2952868317025,20.3999851028272));
#8194=CARTESIAN_POINT('',(-12.9999999994066,-49.4213696582805,-7.88158182638984));
#8195=CARTESIAN_POINT('',(-13.,-49.4213696580675,-7.88158182694369));
#8196=CARTESIAN_POINT('Origin',(-13.,-60.2953011674652,20.4000403062687));
#8197=CARTESIAN_POINT('Ctrl Pts',(-12.7,-47.5743485982679,-7.27106436794753));
#8198=CARTESIAN_POINT('Ctrl Pts',(-12.7,-47.6106928729541,-7.26989851701899));
#8199=CARTESIAN_POINT('Ctrl Pts',(-12.7,-47.6470488191353,-7.26912928731615));
#8200=CARTESIAN_POINT('Ctrl Pts',(-12.7,-47.7930706798075,-7.26763163439918));
#8201=CARTESIAN_POINT('Ctrl Pts',(-12.6999999999999,-47.9027141619146,-7.27012031744052));
#8202=CARTESIAN_POINT('Ctrl Pts',(-12.7,-48.5306589207623,-7.30498897422628));
#8203=CARTESIAN_POINT('Ctrl Pts',(-12.7,-49.0439956420921,-7.41507557483509));
#8204=CARTESIAN_POINT('Ctrl Pts',(-12.7,-49.5290322292289,-7.60156616529079));
#8205=CARTESIAN_POINT('Ctrl Pts',(-12.8,-47.5775547471667,-7.3710129577787));
#8206=CARTESIAN_POINT('Ctrl Pts',(-12.8,-47.613171989431,-7.36987046736607));
#8207=CARTESIAN_POINT('Ctrl Pts',(-12.8,-47.6488011457087,-7.36911652232111));
#8208=CARTESIAN_POINT('Ctrl Pts',(-12.8,-47.7919017949838,-7.36764905441517));
#8209=CARTESIAN_POINT('Ctrl Pts',(-12.8,-47.8993534610466,-7.37008755442295));
#8210=CARTESIAN_POINT('Ctrl Pts',(-12.8,-48.5147377278787,-7.40426037810547));
#8211=CARTESIAN_POINT('Ctrl Pts',(-12.8,-49.0177997074774,-7.51214380896563));
#8212=CARTESIAN_POINT('Ctrl Pts',(-12.8,-49.4931447055084,-7.69490471917509));
#8213=CARTESIAN_POINT('Ctrl Pts',(-12.9,-47.5807608960654,-7.47096154760987));
#8214=CARTESIAN_POINT('Ctrl Pts',(-12.9,-47.6156515466922,-7.46984228722113));
#8215=CARTESIAN_POINT('Ctrl Pts',(-12.9,-47.6505529260062,-7.46910392664258));
#8216=CARTESIAN_POINT('Ctrl Pts',(-12.9,-47.7907346864351,-7.4676659478896));
#8217=CARTESIAN_POINT('Ctrl Pts',(-12.9,-47.8959913756601,-7.47005549298203));
#8218=CARTESIAN_POINT('Ctrl Pts',(-12.9,-48.4988199409925,-7.50352786346387));
#8219=CARTESIAN_POINT('Ctrl Pts',(-12.9,-48.9916312007736,-7.6092124377848));
#8220=CARTESIAN_POINT('Ctrl Pts',(-12.9,-49.4572571817879,-7.78824327305939));
#8221=CARTESIAN_POINT('Ctrl Pts',(-13.,-47.5839670449642,-7.57091013744104));
#8222=CARTESIAN_POINT('Ctrl Pts',(-13.,-47.6181306631691,-7.56981423756821));
#8223=CARTESIAN_POINT('Ctrl Pts',(-13.,-47.6523052525795,-7.56909116164754));
#8224=CARTESIAN_POINT('Ctrl Pts',(-13.,-47.7895658016114,-7.56768336790559));
#8225=CARTESIAN_POINT('Ctrl Pts',(-13.,-47.8926306747921,-7.57002272996445));
#8226=CARTESIAN_POINT('Ctrl Pts',(-13.,-48.4828987481089,-7.60279926734306));
#8227=CARTESIAN_POINT('Ctrl Pts',(-13.,-48.9654352661589,-7.70628067191534));
#8228=CARTESIAN_POINT('Ctrl Pts',(-13.,-49.4213696580675,-7.88158182694369));
#8229=CARTESIAN_POINT('',(-12.700216835317,-48.0000398264168,-7.27574637186183));
#8230=CARTESIAN_POINT('',(-13.,-47.5848015305523,-7.5709778774814));
#8231=CARTESIAN_POINT('Ctrl Pts',(-12.7002129581026,-47.9999871278677,-7.27574996535668));
#8232=CARTESIAN_POINT('Ctrl Pts',(-12.7402523377615,-47.9157989625549,-7.31137693767606));
#8233=CARTESIAN_POINT('Ctrl Pts',(-12.7847545196057,-47.8365377113943,-7.35380090488133));
#8234=CARTESIAN_POINT('Ctrl Pts',(-12.8845988394667,-47.6951902481629,-7.45274049590104));
#8235=CARTESIAN_POINT('Ctrl Pts',(-12.9394330481847,-47.6338214066161,-7.50872398394462));
#8236=CARTESIAN_POINT('Ctrl Pts',(-13.,-47.5849899001867,-7.5708774378148));
#8237=CARTESIAN_POINT('Ctrl Pts',(-13.,-47.5847811846803,-7.57088409212457));
#8238=CARTESIAN_POINT('Ctrl Pts',(-13.,-47.6186735963355,-7.56980277354375));
#8239=CARTESIAN_POINT('Ctrl Pts',(-13.,-47.6525767742124,-7.56908837682365));
#8240=CARTESIAN_POINT('Ctrl Pts',(-13.,-47.7895658016114,-7.56768336790559));
#8241=CARTESIAN_POINT('Ctrl Pts',(-13.,-47.8926306747921,-7.57002272996445));
#8242=CARTESIAN_POINT('Ctrl Pts',(-13.,-48.4828987481089,-7.60279926734306));
#8243=CARTESIAN_POINT('Ctrl Pts',(-13.,-48.9654352661589,-7.70628067191534));
#8244=CARTESIAN_POINT('Ctrl Pts',(-13.,-49.4213696580675,-7.88158182694369));
#8245=CARTESIAN_POINT('Ctrl Pts',(-12.7,-49.5290322292289,-7.60156616529079));
#8246=CARTESIAN_POINT('Ctrl Pts',(-12.7,-49.2852071725725,-7.50781843575935));
#8247=CARTESIAN_POINT('Ctrl Pts',(-12.7001661780596,-49.0339731935506,-7.43346516959619));
#8248=CARTESIAN_POINT('Ctrl Pts',(-12.7002628375243,-48.7784838032902,-7.37901468771564));
#8249=CARTESIAN_POINT('Ctrl Pts',(-12.7003582860187,-48.5261952384224,-7.32524637304705));
#8250=CARTESIAN_POINT('Ctrl Pts',(-12.7003836970456,-48.269761084596,-7.29088607084949));
#8251=CARTESIAN_POINT('Ctrl Pts',(-12.7002206637775,-48.0122179421711,-7.27642187169923));
#8252=CARTESIAN_POINT('Ctrl Pts',(-12.7002181021593,-48.0081713619634,-7.27619460670025));
#8253=CARTESIAN_POINT('Ctrl Pts',(-12.7002155525226,-48.004124507941,-7.27597225355365));
#8254=CARTESIAN_POINT('Ctrl Pts',(-12.7002130147024,-48.0000773918789,-7.275754814154));
#8255=CARTESIAN_POINT('Ctrl Pts',(-10.2870056724967,-44.8267774540766,-8.53387070815112));
#8256=CARTESIAN_POINT('Ctrl Pts',(-11.6282745724352,-45.3377417896289,-8.57340316837574));
#8257=CARTESIAN_POINT('Ctrl Pts',(-12.8050928620494,-46.2094811518606,-8.66457142673115));
#8258=CARTESIAN_POINT('Ctrl Pts',(-13.6907480800056,-47.2996845429932,-8.75984366969148));
#8259=CARTESIAN_POINT('Ctrl Pts',(-10.2443168653984,-44.9198692449085,-8.25444215731597));
#8260=CARTESIAN_POINT('Ctrl Pts',(-11.5676131677381,-45.4163660976748,-8.28250865000053));
#8261=CARTESIAN_POINT('Ctrl Pts',(-12.737672347374,-46.2617570713336,-8.35026211804049));
#8262=CARTESIAN_POINT('Ctrl Pts',(-13.6330714681602,-47.3282745855219,-8.42235054018937));
#8263=CARTESIAN_POINT('Ctrl Pts',(-10.112629203253,-45.2240499700841,-7.74245291112308));
#8264=CARTESIAN_POINT('Ctrl Pts',(-11.3741386010635,-45.6914553555524,-7.74650192687543));
#8265=CARTESIAN_POINT('Ctrl Pts',(-12.5000436755846,-46.4856021113099,-7.7639506619));
#8266=CARTESIAN_POINT('Ctrl Pts',(-13.3782008313645,-47.4959317639891,-7.7813417789446));
#8267=CARTESIAN_POINT('Ctrl Pts',(-9.91417458606704,-45.704437985902,-7.42336079268665));
#8268=CARTESIAN_POINT('Ctrl Pts',(-11.0766398699105,-46.144406538874,-7.41146112485366));
#8269=CARTESIAN_POINT('Ctrl Pts',(-12.1095949224758,-46.8944945556069,-7.39519814963351));
#8270=CARTESIAN_POINT('Ctrl Pts',(-12.9109779194337,-47.8405249865559,-7.37283783649495));
#8271=CARTESIAN_POINT('Ctrl Pts',(-9.80794030423982,-45.9652469568461,-7.32773189123244));
#8272=CARTESIAN_POINT('Ctrl Pts',(-10.9168362774799,-46.3919381982108,-7.31166935224831));
#8273=CARTESIAN_POINT('Ctrl Pts',(-11.8984185756523,-47.1211973882649,-7.28604069496342));
#8274=CARTESIAN_POINT('Ctrl Pts',(-12.6543878813945,-48.0348625811023,-7.25332090692813));
#8275=CARTESIAN_POINT('',(-12.1635475143248,-47.4919926849581,-7.27438588162353));
#8276=CARTESIAN_POINT('Ctrl Pts',(-12.163547514339,-47.491992684959,-7.27438588164196));
#8277=CARTESIAN_POINT('Ctrl Pts',(-12.2243903018372,-47.555371972786,-7.2713062864679));
#8278=CARTESIAN_POINT('Ctrl Pts',(-12.2867535227245,-47.617353969343,-7.26951661604595));
#8279=CARTESIAN_POINT('Ctrl Pts',(-12.3500175208591,-47.6781844288894,-7.26885365854933));
#8280=CARTESIAN_POINT('Ctrl Pts',(-12.3757767988444,-47.7029528400496,-7.26858372135043));
#8281=CARTESIAN_POINT('Ctrl Pts',(-12.4016854152352,-47.7275304799295,-7.26850117942911));
#8282=CARTESIAN_POINT('Ctrl Pts',(-12.4277015406048,-47.7519344372738,-7.26859740434817));
#8283=CARTESIAN_POINT('Ctrl Pts',(-12.5038109179846,-47.8233274665082,-7.26887890739958));
#8284=CARTESIAN_POINT('Ctrl Pts',(-12.5817110972488,-47.8940698813412,-7.27069892866424));
#8285=CARTESIAN_POINT('Ctrl Pts',(-12.6596349914055,-47.9637770709752,-7.27393664065719));
#8286=CARTESIAN_POINT('Ctrl Pts',(-12.6731633477215,-47.9758789263735,-7.27449873938137));
#8287=CARTESIAN_POINT('Ctrl Pts',(-12.6866924188134,-47.9879496047883,-7.27510344330277));
#8288=CARTESIAN_POINT('Ctrl Pts',(-12.7002129581022,-47.9999871278682,-7.27574996535671));
#8289=CARTESIAN_POINT('',(-10.9842485431495,-46.5077397967956,-7.32221066081457));
#8290=CARTESIAN_POINT('Ctrl Pts',(-10.9845389515322,-46.5079312818247,-7.32220135657036));
#8291=CARTESIAN_POINT('Ctrl Pts',(-11.1976309277289,-46.648452530838,-7.31537343888382));
#8292=CARTESIAN_POINT('Ctrl Pts',(-11.4026202330935,-46.8011616082261,-7.30795331545641));
#8293=CARTESIAN_POINT('Ctrl Pts',(-11.7964266935316,-47.129864145999,-7.29198168207691));
#8294=CARTESIAN_POINT('Ctrl Pts',(-11.9850801367737,-47.3060851065009,-7.28341911790999));
#8295=CARTESIAN_POINT('Ctrl Pts',(-12.1635475143322,-47.4919926849519,-7.2743858816423));
#8296=CARTESIAN_POINT('',(-10.2900488625112,-44.8281688026361,-8.53341592780614));
#8297=CARTESIAN_POINT('Ctrl Pts',(-10.2900265412304,-44.8281452420493,-8.53340996973732));
#8298=CARTESIAN_POINT('Ctrl Pts',(-10.2868844681276,-44.908941386709,-8.32492509636604));
#8299=CARTESIAN_POINT('Ctrl Pts',(-10.2823448273248,-45.0255706507662,-8.13304852973135));
#8300=CARTESIAN_POINT('Ctrl Pts',(-10.2917372649996,-45.306153720131,-7.81370881225735));
#8301=CARTESIAN_POINT('Ctrl Pts',(-10.3031707139699,-45.4510755773207,-7.69802867925704));
#8302=CARTESIAN_POINT('Ctrl Pts',(-10.361721024597,-45.7642341198052,-7.50076674287354));
#8303=CARTESIAN_POINT('Ctrl Pts',(-10.4178766998949,-45.8962708603135,-7.45311025203329));
#8304=CARTESIAN_POINT('Ctrl Pts',(-10.5075479368204,-46.0665854007297,-7.39381732588191));
#8305=CARTESIAN_POINT('Ctrl Pts',(-10.565934589998,-46.1472649648794,-7.37297783476601));
#8306=CARTESIAN_POINT('Ctrl Pts',(-10.7126143123537,-46.3047873169998,-7.34119483217403));
#8307=CARTESIAN_POINT('Ctrl Pts',(-10.7920173539116,-46.3694148438373,-7.33347736319092));
#8308=CARTESIAN_POINT('Ctrl Pts',(-10.8936869690648,-46.4462954950058,-7.32589948246904));
#8309=CARTESIAN_POINT('Ctrl Pts',(-10.938478959567,-46.4775643492017,-7.32367688370806));
#8310=CARTESIAN_POINT('Ctrl Pts',(-10.9839581347669,-46.5075483117664,-7.32221996505878));
#8311=CARTESIAN_POINT('',(-12.9996019239363,-46.5491313176391,-8.69137530007719));
#8312=CARTESIAN_POINT('Ctrl Pts',(-12.9995237889617,-46.5488951841072,-8.69133330521022));
#8313=CARTESIAN_POINT('Ctrl Pts',(-12.8195013058395,-46.376120642156,-8.67527528885587));
#8314=CARTESIAN_POINT('Ctrl Pts',(-12.6312253573306,-46.2114269563527,-8.65961039728874));
#8315=CARTESIAN_POINT('Ctrl Pts',(-12.4354461781299,-46.055493749169,-8.6447267670634));
#8316=CARTESIAN_POINT('Ctrl Pts',(-12.2707085583387,-45.9242843657058,-8.63220299498925));
#8317=CARTESIAN_POINT('Ctrl Pts',(-12.1006589140269,-45.7992772614966,-8.62023253220446));
#8318=CARTESIAN_POINT('Ctrl Pts',(-11.9257435273441,-45.6808894215199,-8.60901119799484));
#8319=CARTESIAN_POINT('Ctrl Pts',(-11.7607198368749,-45.5691965703069,-8.59842444506031));
#8320=CARTESIAN_POINT('Ctrl Pts',(-11.5913653572522,-45.4633950341044,-8.58850485718245));
#8321=CARTESIAN_POINT('Ctrl Pts',(-11.4180499130848,-45.3638528352693,-8.57937847966259));
#8322=CARTESIAN_POINT('Ctrl Pts',(-11.2526199212876,-45.2688395765498,-8.57066733123897));
#8323=CARTESIAN_POINT('Ctrl Pts',(-11.0835812288774,-45.1795286410299,-8.56267912052249));
#8324=CARTESIAN_POINT('Ctrl Pts',(-10.9112493241054,-45.0962629483172,-8.5554829892491));
#8325=CARTESIAN_POINT('Ctrl Pts',(-10.7479685387819,-45.0173704895202,-8.54866480913809));
#8326=CARTESIAN_POINT('Ctrl Pts',(-10.581731303669,-44.9439046819548,-8.54255780026395));
#8327=CARTESIAN_POINT('Ctrl Pts',(-10.4128007578871,-44.8761827872927,-8.53718111972442));
#8328=CARTESIAN_POINT('Ctrl Pts',(-10.3720390710428,-44.8598419967628,-8.53588376661756));
#8329=CARTESIAN_POINT('Ctrl Pts',(-10.331120552834,-44.8438357612102,-8.53462874059758));
#8330=CARTESIAN_POINT('Ctrl Pts',(-10.2900488625112,-44.8281688026361,-8.53341592780614));
#8331=CARTESIAN_POINT('Ctrl Pts',(-13.,-47.5846131609178,-7.57107831714799));
#8332=CARTESIAN_POINT('Ctrl Pts',(-13.,-47.3544637004167,-7.693815822932));
#8333=CARTESIAN_POINT('Ctrl Pts',(-13.0000000025641,-47.1395856472015,-7.84620337198364));
#8334=CARTESIAN_POINT('Ctrl Pts',(-13.0000000025641,-46.8663762642341,-8.13082420966796));
#8335=CARTESIAN_POINT('Ctrl Pts',(-13.0000000000013,-46.7835736925557,-8.23543779533305));
#8336=CARTESIAN_POINT('Ctrl Pts',(-13.0000000000013,-46.6461116433887,-8.45606469003324));
#8337=CARTESIAN_POINT('Ctrl Pts',(-13.,-46.5906639375191,-8.57105288786024));
#8338=CARTESIAN_POINT('Ctrl Pts',(-13.,-46.5503343526086,-8.69158925229786));
#8339=CARTESIAN_POINT('Ctrl Pts',(-10.5313233026121,-43.9460030239026,-10.2576616735353));
#8340=CARTESIAN_POINT('Ctrl Pts',(-10.370711208118,-44.3828212129134,-9.59590107116248));
#8341=CARTESIAN_POINT('Ctrl Pts',(-10.2830265101154,-44.7143034218309,-8.9018868368389));
#8342=CARTESIAN_POINT('Ctrl Pts',(-10.2831190218574,-44.9497168843061,-8.18993960064576));
#8343=CARTESIAN_POINT('Ctrl Pts',(-11.4854919929956,-44.3066344689337,-10.3255031664831));
#8344=CARTESIAN_POINT('Ctrl Pts',(-11.3544146464371,-44.74549986388,-9.66882466338702));
#8345=CARTESIAN_POINT('Ctrl Pts',(-11.2872480862523,-45.0726776399013,-8.98975374124762));
#8346=CARTESIAN_POINT('Ctrl Pts',(-11.2916285890605,-45.3041379044539,-8.29764782042164));
#8347=CARTESIAN_POINT('Ctrl Pts',(-12.3749107582709,-44.8161120811161,-10.507288909056));
#8348=CARTESIAN_POINT('Ctrl Pts',(-12.2675066467287,-45.2770073133067,-9.84591047593174));
#8349=CARTESIAN_POINT('Ctrl Pts',(-12.2164719003589,-45.6172910869264,-9.16421223911813));
#8350=CARTESIAN_POINT('Ctrl Pts',(-12.2241038289085,-45.8538715431079,-8.46993269245199));
#8351=CARTESIAN_POINT('Ctrl Pts',(-13.1356317631898,-45.4378052071755,-10.7899487871858));
#8352=CARTESIAN_POINT('Ctrl Pts',(-13.0408236773068,-45.9371155769409,-10.1137090064141));
#8353=CARTESIAN_POINT('Ctrl Pts',(-12.9977066446979,-46.3053664472846,-9.41155628170462));
#8354=CARTESIAN_POINT('Ctrl Pts',(-13.0066617184584,-46.555360629738,-8.69314353025315));
#8355=CARTESIAN_POINT('',(-12.9999999996624,-45.4569731221109,-10.5934562593973));
#8356=CARTESIAN_POINT('',(-12.7223931484233,-45.1202028045089,-10.6501598093546));
#8357=CARTESIAN_POINT('Ctrl Pts',(-12.9999999994693,-45.4569731222539,-10.5934562592637));
#8358=CARTESIAN_POINT('Ctrl Pts',(-12.9535403888858,-45.4006189342891,-10.6003047537046));
#8359=CARTESIAN_POINT('Ctrl Pts',(-12.9071414623729,-45.3443293790526,-10.6085695176033));
#8360=CARTESIAN_POINT('Ctrl Pts',(-12.814665296759,-45.2321212932132,-10.6275837869546));
#8361=CARTESIAN_POINT('Ctrl Pts',(-12.7685220493737,-45.1761226884863,-10.638344620989));
#8362=CARTESIAN_POINT('Ctrl Pts',(-12.7225363388204,-45.1203062852151,-10.6502037528351));
#8363=CARTESIAN_POINT('Ctrl Pts',(-13.,-46.5493704451893,-8.69132160062));
#8364=CARTESIAN_POINT('Ctrl Pts',(-13.,-46.432495518704,-9.03956503699481));
#8365=CARTESIAN_POINT('Ctrl Pts',(-12.9999999999965,-46.279929300782,-9.37223338018513));
#8366=CARTESIAN_POINT('Ctrl Pts',(-12.9999999999965,-45.91025542406,-10.0098530138438));
#8367=CARTESIAN_POINT('Ctrl Pts',(-13.,-45.6950626553297,-10.3106031899781));
#8368=CARTESIAN_POINT('Ctrl Pts',(-13.,-45.456973122467,-10.5934562596971));
#8369=CARTESIAN_POINT('',(-10.2912422345641,-44.8179298438437,-8.56037512019667));
#8370=CARTESIAN_POINT('Origin',(-10.3417157570772,-44.8423984465403,-8.53653883319381));
#8371=CARTESIAN_POINT('',(-10.8975649331944,-44.7056680323401,-9.36969454921477));
#8372=CARTESIAN_POINT('Ctrl Pts',(-10.8975013674039,-44.7056640261768,-9.36964385946391));
#8373=CARTESIAN_POINT('Ctrl Pts',(-10.7625167297959,-44.6971584900378,-9.26199988719026));
#8374=CARTESIAN_POINT('Ctrl Pts',(-10.6184323512201,-44.6973411394977,-9.13458941782645));
#8375=CARTESIAN_POINT('Ctrl Pts',(-10.4510862513146,-44.7197090896049,-8.93781048254007));
#8376=CARTESIAN_POINT('Ctrl Pts',(-10.3885322759369,-44.7327927018809,-8.85401570030198));
#8377=CARTESIAN_POINT('Ctrl Pts',(-10.3154271763965,-44.7725130842512,-8.69502777643794));
#8378=CARTESIAN_POINT('Ctrl Pts',(-10.2960471878208,-44.7926845372487,-8.62857239557913));
#8379=CARTESIAN_POINT('Ctrl Pts',(-10.2911532128513,-44.8179276180659,-8.56038113283186));
#8380=CARTESIAN_POINT('Ctrl Pts',(-12.7222499580263,-45.1200993238027,-10.6501158658742));
#8381=CARTESIAN_POINT('Ctrl Pts',(-12.5889842724181,-45.0657619117733,-10.5609520765249));
#8382=CARTESIAN_POINT('Ctrl Pts',(-12.4530386114547,-45.0169649003537,-10.4700212762691));
#8383=CARTESIAN_POINT('Ctrl Pts',(-12.3161670487178,-44.9735713674261,-10.3779660854688));
#8384=CARTESIAN_POINT('Ctrl Pts',(-12.1883164582257,-44.9330378285565,-10.2919780959525));
#8385=CARTESIAN_POINT('Ctrl Pts',(-12.0596579931582,-44.8972183388275,-10.2050097761218));
#8386=CARTESIAN_POINT('Ctrl Pts',(-11.9316212594578,-44.8659656179442,-10.1176050852983));
#8387=CARTESIAN_POINT('Ctrl Pts',(-11.8755130544896,-44.8522700634072,-10.0793026375072));
#8388=CARTESIAN_POINT('Ctrl Pts',(-11.8195301921318,-44.8394451990317,-10.0409098179324));
#8389=CARTESIAN_POINT('Ctrl Pts',(-11.7638060664708,-44.8274783430028,-10.002452759904));
#8390=CARTESIAN_POINT('Ctrl Pts',(-11.6770583033396,-44.8088491051295,-9.94258526586976));
#8391=CARTESIAN_POINT('Ctrl Pts',(-11.5897613537312,-44.7920944886103,-9.8819088576633));
#8392=CARTESIAN_POINT('Ctrl Pts',(-11.5026977176646,-44.7772763082404,-9.82041388346881));
#8393=CARTESIAN_POINT('Ctrl Pts',(-11.4182225119424,-44.762898677214,-9.76074717494786));
#8394=CARTESIAN_POINT('Ctrl Pts',(-11.3339669530105,-44.7503447182282,-9.70030931127397));
#8395=CARTESIAN_POINT('Ctrl Pts',(-11.2506458033186,-44.7396900604128,-9.63913537649695));
#8396=CARTESIAN_POINT('Ctrl Pts',(-11.1719270749507,-44.729623935335,-9.58134051441554));
#8397=CARTESIAN_POINT('Ctrl Pts',(-11.0940423786643,-44.7212537159784,-9.52288837809328));
#8398=CARTESIAN_POINT('Ctrl Pts',(-11.0175944546855,-44.7146512513073,-9.46385373992888));
#8399=CARTESIAN_POINT('Ctrl Pts',(-10.9771744553093,-44.7111603570619,-9.43264059621497));
#8400=CARTESIAN_POINT('Ctrl Pts',(-10.9371561072186,-44.7081637259923,-9.40126541065695));
#8401=CARTESIAN_POINT('Ctrl Pts',(-10.897628498985,-44.7056720385035,-9.36974523896563));
#8402=CARTESIAN_POINT('Ctrl Pts',(-13.,-45.3718891398877,-10.472685163018));
#8403=CARTESIAN_POINT('Ctrl Pts',(-13.,-45.4539162107222,-10.5891171741867));
#8404=CARTESIAN_POINT('Ctrl Pts',(-13.,-45.5359432815567,-10.7055491853553));
#8405=CARTESIAN_POINT('Ctrl Pts',(-13.,-45.6481379665361,-10.86480213297));
#8406=CARTESIAN_POINT('Ctrl Pts',(-13.,-45.6783055806811,-10.907623069416));
#8407=CARTESIAN_POINT('Ctrl Pts',(-13.,-45.708473194826,-10.9504440058619));
#8408=CARTESIAN_POINT('Ctrl Pts',(-13.,-45.8793115248949,-11.1929377357034));
#8409=CARTESIAN_POINT('Ctrl Pts',(-13.,-46.0345032427732,-11.5288826440042));
#8410=CARTESIAN_POINT('Ctrl Pts',(-13.,-46.1244540970213,-12.2288707329184));
#8411=CARTESIAN_POINT('Ctrl Pts',(-13.,-45.917046021556,-12.9419429741974));
#8412=CARTESIAN_POINT('Ctrl Pts',(-13.,-45.611373940866,-13.8062410194857));
#8413=CARTESIAN_POINT('Ctrl Pts',(-13.,-45.1437869566849,-14.9987844165792));
#8414=CARTESIAN_POINT('Ctrl Pts',(-13.,-44.07291272846,-16.4040431355967));
#8415=CARTESIAN_POINT('Ctrl Pts',(-13.,-42.0703763746504,-17.5916480705028));
#8416=CARTESIAN_POINT('Ctrl Pts',(-13.,-39.9868308640723,-17.9));
#8417=CARTESIAN_POINT('Ctrl Pts',(-13.,-38.746363639922,-17.9));
#8418=CARTESIAN_POINT('Ctrl Pts',(-12.9003536793752,-45.2814864155181,-10.5363744405721));
#8419=CARTESIAN_POINT('Ctrl Pts',(-12.9000495456284,-45.3658980161668,-10.6511265357622));
#8420=CARTESIAN_POINT('Ctrl Pts',(-12.8998739382847,-45.4503098339073,-10.7658784780098));
#8421=CARTESIAN_POINT('Ctrl Pts',(-12.8998088818794,-45.5657659002872,-10.9228337622888));
#8422=CARTESIAN_POINT('Ctrl Pts',(-12.8998139230982,-45.596402298118,-10.9653244377333));
#8423=CARTESIAN_POINT('Ctrl Pts',(-12.8998126994015,-45.6265703218747,-11.0081450856053));
#8424=CARTESIAN_POINT('Ctrl Pts',(-12.8998126994015,-45.791516653454,-11.2405053005837));
#8425=CARTESIAN_POINT('Ctrl Pts',(-12.8998126994015,-45.9367446123239,-11.5619046274141));
#8426=CARTESIAN_POINT('Ctrl Pts',(-12.8998126994015,-46.0229985671833,-12.215037846541));
#8427=CARTESIAN_POINT('Ctrl Pts',(-12.8998126994015,-45.824115075121,-12.9044926049524));
#8428=CARTESIAN_POINT('Ctrl Pts',(-12.8998126994015,-45.5154670082805,-13.7767285489491));
#8429=CARTESIAN_POINT('Ctrl Pts',(-12.8998126994015,-45.0555724414078,-14.9484815699535));
#8430=CARTESIAN_POINT('Ctrl Pts',(-12.8998126994015,-44.0052518857825,-16.3268282355241));
#8431=CARTESIAN_POINT('Ctrl Pts',(-12.8998126994015,-42.0404403811845,-17.4927700189165));
#8432=CARTESIAN_POINT('Ctrl Pts',(-12.8998126994015,-39.9790062426701,-17.8001501231504));
#8433=CARTESIAN_POINT('Ctrl Pts',(-12.8998126994015,-38.746363639922,-17.7998126994015));
#8434=CARTESIAN_POINT('Ctrl Pts',(-12.8007073587503,-45.1910836911485,-10.6000637181261));
#8435=CARTESIAN_POINT('Ctrl Pts',(-12.8000984060791,-45.2778799982851,-10.71313577287));
#8436=CARTESIAN_POINT('Ctrl Pts',(-12.7997457845466,-45.3646770673136,-10.8262072908563));
#8437=CARTESIAN_POINT('Ctrl Pts',(-12.7996176806462,-45.4833938673466,-10.9808653681417));
#8438=CARTESIAN_POINT('Ctrl Pts',(-12.7996241751061,-45.5145002443903,-11.0230249403287));
#8439=CARTESIAN_POINT('Ctrl Pts',(-12.7996253988029,-45.5446674489234,-11.0658461653487));
#8440=CARTESIAN_POINT('Ctrl Pts',(-12.7996253988029,-45.7022976214455,-11.2913619996572));
#8441=CARTESIAN_POINT('Ctrl Pts',(-12.7996253988029,-45.8402323124493,-11.5910915562171));
#8442=CARTESIAN_POINT('Ctrl Pts',(-12.7996253988029,-45.919926748211,-12.2055485856009));
#8443=CARTESIAN_POINT('Ctrl Pts',(-12.7996253988029,-45.7324736423806,-12.8635801973038));
#8444=CARTESIAN_POINT('Ctrl Pts',(-12.7996253988029,-45.4183255626765,-13.7503760245693));
#8445=CARTESIAN_POINT('Ctrl Pts',(-12.7996253988029,-44.966966943994,-14.8992322616915));
#8446=CARTESIAN_POINT('Ctrl Pts',(-12.7996253988029,-43.9370599541687,-16.2497860259232));
#8447=CARTESIAN_POINT('Ctrl Pts',(-12.7996253988029,-42.010409122425,-17.3952140722595));
#8448=CARTESIAN_POINT('Ctrl Pts',(-12.7996253988029,-39.9707808616898,-17.699287975054));
#8449=CARTESIAN_POINT('Ctrl Pts',(-12.7996253988029,-38.746363639922,-17.699625398803));
#8450=CARTESIAN_POINT('Ctrl Pts',(-12.7010610381255,-45.1006809667789,-10.6637529956802));
#8451=CARTESIAN_POINT('Ctrl Pts',(-12.7001479517075,-45.1898618037296,-10.7751451344456));
#8452=CARTESIAN_POINT('Ctrl Pts',(-12.6996197228314,-45.2790436196642,-10.8865365835107));
#8453=CARTESIAN_POINT('Ctrl Pts',(-12.6994265625256,-45.4010218010977,-11.0388969974605));
#8454=CARTESIAN_POINT('Ctrl Pts',(-12.6994380982044,-45.4325969618272,-11.0807263086461));
#8455=CARTESIAN_POINT('Ctrl Pts',(-12.6994380982044,-45.4627645759722,-11.123547245092));
#8456=CARTESIAN_POINT('Ctrl Pts',(-12.6994380982044,-45.6145027500045,-11.3389295645375));
#8457=CARTESIAN_POINT('Ctrl Pts',(-12.6994380982044,-45.742473682,-11.624113539627));
#8458=CARTESIAN_POINT('Ctrl Pts',(-12.6994380982044,-45.8184712183731,-12.1917156992236));
#8459=CARTESIAN_POINT('Ctrl Pts',(-12.6994380982044,-45.6395426959456,-12.8261298280587));
#8460=CARTESIAN_POINT('Ctrl Pts',(-12.6994380982044,-45.322418630091,-13.7208635540327));
#8461=CARTESIAN_POINT('Ctrl Pts',(-12.6994380982044,-44.8787524287169,-14.8489294150658));
#8462=CARTESIAN_POINT('Ctrl Pts',(-12.6994380982044,-43.8693991114912,-16.1725711258506));
#8463=CARTESIAN_POINT('Ctrl Pts',(-12.6994380982043,-41.9804731289591,-17.2963360206731));
#8464=CARTESIAN_POINT('Ctrl Pts',(-12.6994380982044,-39.9629562402876,-17.5994380982044));
#8465=CARTESIAN_POINT('Ctrl Pts',(-12.6994380982044,-38.746363639922,-17.5994380982044));
#8466=CARTESIAN_POINT('',(-12.7000403297798,-45.3686900828866,-10.9976007211967));
#8467=CARTESIAN_POINT('',(-12.7000000653071,-45.4632239660452,-11.1232236037039));
#8468=CARTESIAN_POINT('Ctrl Pts',(-12.700040377787,-45.3686904767435,-10.9976003918809));
#8469=CARTESIAN_POINT('Ctrl Pts',(-12.7002532737708,-45.3760941256974,-11.0064860867857));
#8470=CARTESIAN_POINT('Ctrl Pts',(-12.7004456664229,-45.3843860133832,-11.0166349939638));
#8471=CARTESIAN_POINT('Ctrl Pts',(-12.7006928007604,-45.4015304749398,-11.0382737736956));
#8472=CARTESIAN_POINT('Ctrl Pts',(-12.7007481566598,-45.4095873158567,-11.0487071359187));
#8473=CARTESIAN_POINT('Ctrl Pts',(-12.7007367744208,-45.4251663655121,-11.0694097301156));
#8474=CARTESIAN_POINT('Ctrl Pts',(-12.7006742015969,-45.4326954133445,-11.0796694724059));
#8475=CARTESIAN_POINT('Ctrl Pts',(-12.7004319735693,-45.4479465683775,-11.1009848773572));
#8476=CARTESIAN_POINT('Ctrl Pts',(-12.7002461684846,-45.4556356015737,-11.1120250670608));
#8477=CARTESIAN_POINT('Ctrl Pts',(-12.7000001318381,-45.4632240370917,-11.1232235518961));
#8478=CARTESIAN_POINT('Ctrl Pts',(-12.7,-45.4632239293144,-11.1232236278259));
#8479=CARTESIAN_POINT('Ctrl Pts',(-12.7,-45.5033843412799,-11.1802286809985));
#8480=CARTESIAN_POINT('Ctrl Pts',(-12.7,-45.5936638477939,-11.3191573018592));
#8481=CARTESIAN_POINT('Ctrl Pts',(-12.7,-45.7072235587618,-11.5393950909511));
#8482=CARTESIAN_POINT('Ctrl Pts',(-12.7,-45.7971020387078,-11.8399331390089));
#8483=CARTESIAN_POINT('Ctrl Pts',(-12.7,-45.8030459406435,-12.2198317000565));
#8484=CARTESIAN_POINT('Ctrl Pts',(-12.7,-45.7022670237831,-12.6254861416818));
#8485=CARTESIAN_POINT('Ctrl Pts',(-12.7,-45.5597689327495,-13.0368315527622));
#8486=CARTESIAN_POINT('Ctrl Pts',(-12.7,-45.4113230442079,-13.4689354002456));
#8487=CARTESIAN_POINT('Ctrl Pts',(-12.7,-45.2442922144927,-13.9412926954522));
#8488=CARTESIAN_POINT('Ctrl Pts',(-12.7,-45.0258386898046,-14.4680129986303));
#8489=CARTESIAN_POINT('Ctrl Pts',(-12.7,-44.7110371776723,-15.0495586702781));
#8490=CARTESIAN_POINT('Ctrl Pts',(-12.7,-44.2596605720515,-15.6628745932252));
#8491=CARTESIAN_POINT('Ctrl Pts',(-12.7,-43.6349984805052,-16.2685604340307));
#8492=CARTESIAN_POINT('Ctrl Pts',(-12.7,-42.8041868260673,-16.8180296193253));
#8493=CARTESIAN_POINT('Ctrl Pts',(-12.7,-41.7385450878578,-17.2603466811155));
#8494=CARTESIAN_POINT('Ctrl Pts',(-12.7,-40.6794950085893,-17.491442103086));
#8495=CARTESIAN_POINT('Ctrl Pts',(-12.7,-39.7617184961392,-17.5802620054547));
#8496=CARTESIAN_POINT('Ctrl Pts',(-12.7,-39.094108529527,-17.6));
#8497=CARTESIAN_POINT('Ctrl Pts',(-12.7,-38.746363639922,-17.6));
#8498=CARTESIAN_POINT('',(-13.,-38.746363639922,-17.9));
#8499=CARTESIAN_POINT('',(-12.7,-38.746363639922,-17.6));
#8500=CARTESIAN_POINT('Ctrl Pts',(-13.,-38.746363639922,-17.9));
#8501=CARTESIAN_POINT('Ctrl Pts',(-13.,-39.9868308640723,-17.9));
#8502=CARTESIAN_POINT('Ctrl Pts',(-13.,-42.0703763746504,-17.5916480705028));
#8503=CARTESIAN_POINT('Ctrl Pts',(-13.,-44.07291272846,-16.4040431355967));
#8504=CARTESIAN_POINT('Ctrl Pts',(-13.,-45.1437869566849,-14.9987844165792));
#8505=CARTESIAN_POINT('Ctrl Pts',(-13.,-45.611373940866,-13.8062410194857));
#8506=CARTESIAN_POINT('Ctrl Pts',(-13.,-45.917046021556,-12.9419429741974));
#8507=CARTESIAN_POINT('Ctrl Pts',(-13.,-46.1244540970213,-12.2288707329184));
#8508=CARTESIAN_POINT('Ctrl Pts',(-13.,-46.0345032427732,-11.5288826440042));
#8509=CARTESIAN_POINT('Ctrl Pts',(-13.,-45.8793115248949,-11.1929377357034));
#8510=CARTESIAN_POINT('Ctrl Pts',(-13.,-45.708473194826,-10.9504440058619));
#8511=CARTESIAN_POINT('Ctrl Pts',(-13.,-45.6246398374629,-10.831448090227));
#8512=CARTESIAN_POINT('Ctrl Pts',(-13.,-45.540806480099,-10.7124521745914));
#8513=CARTESIAN_POINT('Ctrl Pts',(-13.,-45.4569731227365,-10.5934562589566));
#8514=CARTESIAN_POINT('',(-12.7035227433098,-45.2433671127977,-10.8359224980753));
#8515=CARTESIAN_POINT('Ctrl Pts',(-12.7224292921415,-45.1201489235118,-10.6501972524203));
#8516=CARTESIAN_POINT('Ctrl Pts',(-12.718106697498,-45.1393722253832,-10.6817389741949));
#8517=CARTESIAN_POINT('Ctrl Pts',(-12.7143380330714,-45.1592384281548,-10.7129772591955));
#8518=CARTESIAN_POINT('Ctrl Pts',(-12.711174392139,-45.1797311505626,-10.7438745055345));
#8519=CARTESIAN_POINT('Ctrl Pts',(-12.7079948917231,-45.2003266039695,-10.7749266412496));
#8520=CARTESIAN_POINT('Ctrl Pts',(-12.7054283003437,-45.2215418116745,-10.8056150848338));
#8521=CARTESIAN_POINT('Ctrl Pts',(-12.7035225193572,-45.2433674255306,-10.835922258779));
#8522=CARTESIAN_POINT('Ctrl Pts',(-12.703522969077,-45.2433664807326,-10.8359229675045));
#8523=CARTESIAN_POINT('Ctrl Pts',(-12.7026252779293,-45.2536483290877,-10.8501987443924));
#8524=CARTESIAN_POINT('Ctrl Pts',(-12.7018751551537,-45.2640636157439,-10.8643862843077));
#8525=CARTESIAN_POINT('Ctrl Pts',(-12.70127788493,-45.2746108808692,-10.878483011875));
#8526=CARTESIAN_POINT('Ctrl Pts',(-12.7008520096275,-45.2821314629237,-10.8885344892114));
#8527=CARTESIAN_POINT('Ctrl Pts',(-12.7005038850103,-45.2897185093921,-10.8985389474503));
#8528=CARTESIAN_POINT('Ctrl Pts',(-12.7002354039382,-45.2973714538646,-10.9084954997978));
#8529=CARTESIAN_POINT('Ctrl Pts',(-12.6999736696387,-45.3048320843108,-10.9182018497979));
#8530=CARTESIAN_POINT('Ctrl Pts',(-12.699787646249,-45.3123547803505,-10.927861940281));
#8531=CARTESIAN_POINT('Ctrl Pts',(-12.6996790646409,-45.3199389886754,-10.9374749892584));
#8532=CARTESIAN_POINT('Ctrl Pts',(-12.6995949799486,-45.325812136384,-10.9449192542571));
#8533=CARTESIAN_POINT('Ctrl Pts',(-12.6995573406368,-45.3317218464907,-10.9523348971944));
#8534=CARTESIAN_POINT('Ctrl Pts',(-12.6995669393114,-45.3376678508284,-10.959721572868));
#8535=CARTESIAN_POINT('Ctrl Pts',(-12.6995772994007,-45.3440855218952,-10.9676941965088));
#8536=CARTESIAN_POINT('Ctrl Pts',(-12.6996426884009,-45.3505450907091,-10.9756326124365));
#8537=CARTESIAN_POINT('Ctrl Pts',(-12.699764115904,-45.3570477247755,-10.9835382142537));
#8538=CARTESIAN_POINT('Ctrl Pts',(-12.6998366243903,-45.3609306684336,-10.9882589176066));
#8539=CARTESIAN_POINT('Ctrl Pts',(-12.69992338777,-45.3648002939485,-10.9929332275142));
#8540=CARTESIAN_POINT('Ctrl Pts',(-12.700040325751,-45.3686893922394,-10.9976012966949));
#8541=CARTESIAN_POINT('Origin',(-12.85,-28.2733838096196,-17.75));
#8542=CARTESIAN_POINT('',(-13.,-8.74636363992197,-17.9));
#8543=CARTESIAN_POINT('',(-12.7,-8.74636363992197,-17.6));
#8544=CARTESIAN_POINT('',(-13.,-28.2733838096196,-17.9));
#8545=CARTESIAN_POINT('Ctrl Pts',(-12.7010640005783,-2.39204362541822,-10.6637511022227));
#8546=CARTESIAN_POINT('Ctrl Pts',(-12.7001509232089,-2.30286285936164,-10.7751432909313));
#8547=CARTESIAN_POINT('Ctrl Pts',(-12.6996227063566,-2.21368111649575,-10.8865347914717));
#8548=CARTESIAN_POINT('Ctrl Pts',(-12.6994295440276,-2.09170303080191,-11.0388952728686));
#8549=CARTESIAN_POINT('Ctrl Pts',(-12.6994410767403,-2.06012788307095,-11.0807245932117));
#8550=CARTESIAN_POINT('Ctrl Pts',(-12.6994410767403,-2.02996026892601,-11.1235455296577));
#8551=CARTESIAN_POINT('Ctrl Pts',(-12.6994410767403,-1.92880136005076,-11.2671339217354));
#8552=CARTESIAN_POINT('Ctrl Pts',(-12.6994410767404,-1.77620145601399,-11.5530327307037));
#8553=CARTESIAN_POINT('Ctrl Pts',(-12.6994410767403,-1.65463788941722,-12.1212152957565));
#8554=CARTESIAN_POINT('Ctrl Pts',(-12.6994410767404,-1.85253931569635,-12.8262370977032));
#8555=CARTESIAN_POINT('Ctrl Pts',(-12.6994410767404,-2.17011509962426,-13.7208505140658));
#8556=CARTESIAN_POINT('Ctrl Pts',(-12.6994410767403,-2.61332927693681,-14.8488084545433));
#8557=CARTESIAN_POINT('Ctrl Pts',(-12.6994410767404,-3.62306064483442,-16.172541232998));
#8558=CARTESIAN_POINT('Ctrl Pts',(-12.6994410767403,-5.51193817143702,-17.2963609755436));
#8559=CARTESIAN_POINT('Ctrl Pts',(-12.6994410767403,-7.52977080296141,-17.5994410767403));
#8560=CARTESIAN_POINT('Ctrl Pts',(-12.6994410767403,-8.74636363992197,-17.5994410767403));
#8561=CARTESIAN_POINT('Ctrl Pts',(-12.8007093337188,-2.30164179692992,-10.6000624558226));
#8562=CARTESIAN_POINT('Ctrl Pts',(-12.8001003870823,-2.21484553705704,-10.7131345438619));
#8563=CARTESIAN_POINT('Ctrl Pts',(-12.7997477758334,-2.12804851746457,-10.8262060966741));
#8564=CARTESIAN_POINT('Ctrl Pts',(-12.799619669265,-2.00933178085128,-10.9808642186369));
#8565=CARTESIAN_POINT('Ctrl Pts',(-12.7996261608089,-1.97822541216058,-11.0230237967086));
#8566=CARTESIAN_POINT('Ctrl Pts',(-12.7996273844936,-1.94805820762334,-11.0658450217258));
#8567=CARTESIAN_POINT('Ctrl Pts',(-12.7996273844936,-1.84325367687163,-11.2169985256816));
#8568=CARTESIAN_POINT('Ctrl Pts',(-12.7996273844936,-1.6804303054613,-11.514264707508));
#8569=CARTESIAN_POINT('Ctrl Pts',(-12.7996273844936,-1.5519733459182,-12.1316510897088));
#8570=CARTESIAN_POINT('Ctrl Pts',(-12.7996273844936,-1.75973596050162,-12.8640575707511));
#8571=CARTESIAN_POINT('Ctrl Pts',(-12.7996273844936,-2.07412131114104,-13.7501064320516));
#8572=CARTESIAN_POINT('Ctrl Pts',(-12.7996273844936,-2.52516085646961,-14.8992427430832));
#8573=CARTESIAN_POINT('Ctrl Pts',(-12.7996273844936,-3.55536847728741,-16.2496620228578));
#8574=CARTESIAN_POINT('Ctrl Pts',(-12.7996273844935,-5.48202544144206,-17.395305051065));
#8575=CARTESIAN_POINT('Ctrl Pts',(-12.7996273844936,-7.52193360588093,-17.6992530495761));
#8576=CARTESIAN_POINT('Ctrl Pts',(-12.7996273844936,-8.74636363992197,-17.6996273844935));
#8577=CARTESIAN_POINT('Ctrl Pts',(-12.9003546668594,-2.21123996844162,-10.5363738094224));
#8578=CARTESIAN_POINT('Ctrl Pts',(-12.9000505361266,-2.12682839142443,-10.651125921259));
#8579=CARTESIAN_POINT('Ctrl Pts',(-12.8998749305232,-2.0424165973175,-10.7658778801544));
#8580=CARTESIAN_POINT('Ctrl Pts',(-12.8998098747626,-1.9269605632585,-10.9228331872016));
#8581=CARTESIAN_POINT('Ctrl Pts',(-12.8998149159314,-1.8963241700733,-10.965323865919));
#8582=CARTESIAN_POINT('Ctrl Pts',(-12.8998136922468,-1.86615614632067,-11.0081445137938));
#8583=CARTESIAN_POINT('Ctrl Pts',(-12.8998136922468,-1.75590954815107,-11.1622418884767));
#8584=CARTESIAN_POINT('Ctrl Pts',(-12.8998136922468,-1.58604336765629,-11.4795609869459));
#8585=CARTESIAN_POINT('Ctrl Pts',(-12.8998136922468,-1.44729238885436,-12.1366830908424));
#8586=CARTESIAN_POINT('Ctrl Pts',(-12.8998136922468,-1.66839714109766,-12.9058997470093));
#8587=CARTESIAN_POINT('Ctrl Pts',(-12.8998136922468,-1.97697440087584,-13.776394638571));
#8588=CARTESIAN_POINT('Ctrl Pts',(-12.8998136922468,-2.43673869608161,-14.9488915660611));
#8589=CARTESIAN_POINT('Ctrl Pts',(-12.8998136922468,-3.48728486229094,-16.3269072349671));
#8590=CARTESIAN_POINT('Ctrl Pts',(-12.8998136922468,-5.45207464790583,-17.492991184642));
#8591=CARTESIAN_POINT('Ctrl Pts',(-12.8998136922468,-7.5137336128521,-17.8001880271642));
#8592=CARTESIAN_POINT('Ctrl Pts',(-12.8998136922468,-8.74636363992197,-17.7998136922468));
#8593=CARTESIAN_POINT('Ctrl Pts',(-13.,-2.12083813995332,-10.4726851630223));
#8594=CARTESIAN_POINT('Ctrl Pts',(-13.,-2.03881106911982,-10.5891171741895));
#8595=CARTESIAN_POINT('Ctrl Pts',(-13.,-1.95678399828632,-10.7055491853567));
#8596=CARTESIAN_POINT('Ctrl Pts',(-13.,-1.84458931330787,-10.8648021329699));
#8597=CARTESIAN_POINT('Ctrl Pts',(-13.,-1.81442169916294,-10.9076230694159));
#8598=CARTESIAN_POINT('Ctrl Pts',(-13.,-1.784254085018,-10.9504440058619));
#8599=CARTESIAN_POINT('Ctrl Pts',(-13.,-1.67036186497193,-11.112106492423));
#8600=CARTESIAN_POINT('Ctrl Pts',(-13.,-1.49027221710361,-11.4407929637502));
#8601=CARTESIAN_POINT('Ctrl Pts',(-13.,-1.34462784535534,-12.1471188847946));
#8602=CARTESIAN_POINT('Ctrl Pts',(-13.,-1.57559378590292,-12.9437202200572));
#8603=CARTESIAN_POINT('Ctrl Pts',(-13.,-1.88098061239262,-13.8056505565568));
#8604=CARTESIAN_POINT('Ctrl Pts',(-13.,-2.3485702756144,-14.999325854601));
#8605=CARTESIAN_POINT('Ctrl Pts',(-13.,-3.41959269474392,-16.4040280248269));
#8606=CARTESIAN_POINT('Ctrl Pts',(-13.,-5.42216191791088,-17.5919352601635));
#8607=CARTESIAN_POINT('Ctrl Pts',(-13.,-7.50589641577163,-17.9));
#8608=CARTESIAN_POINT('Ctrl Pts',(-13.,-8.74636363992197,-17.9));
#8609=CARTESIAN_POINT('',(-12.7223931484235,-2.37252447533504,-10.6501598093546));
#8610=CARTESIAN_POINT('',(-12.9999999996624,-2.03575415773314,-10.5934562593973));
#8611=CARTESIAN_POINT('Ctrl Pts',(-12.7225363388205,-2.37242099462883,-10.6502037528351));
#8612=CARTESIAN_POINT('Ctrl Pts',(-12.7685220407024,-2.31660460188449,-10.6383446232273));
#8613=CARTESIAN_POINT('Ctrl Pts',(-12.8146652781308,-2.26060600942437,-10.6275837915234));
#8614=CARTESIAN_POINT('Ctrl Pts',(-12.907141442393,-2.14839792526843,-10.6085695214688));
#8615=CARTESIAN_POINT('Ctrl Pts',(-12.9535403806877,-2.09210835549904,-10.6003047549131));
#8616=CARTESIAN_POINT('Ctrl Pts',(-12.9999999994693,-2.03575415759016,-10.5934562592637));
#8617=CARTESIAN_POINT('Ctrl Pts',(-13.,-2.03575415710762,-10.5934562589566));
#8618=CARTESIAN_POINT('Ctrl Pts',(-13.,-1.95192079974441,-10.7124521745917));
#8619=CARTESIAN_POINT('Ctrl Pts',(-13.,-1.86808744238122,-10.8314480902269));
#8620=CARTESIAN_POINT('Ctrl Pts',(-13.,-1.784254085018,-10.9504440058619));
#8621=CARTESIAN_POINT('Ctrl Pts',(-13.,-1.67036186497193,-11.112106492423));
#8622=CARTESIAN_POINT('Ctrl Pts',(-13.,-1.49027221710361,-11.4407929637502));
#8623=CARTESIAN_POINT('Ctrl Pts',(-13.,-1.34462784535534,-12.1471188847946));
#8624=CARTESIAN_POINT('Ctrl Pts',(-13.,-1.57559378590292,-12.9437202200572));
#8625=CARTESIAN_POINT('Ctrl Pts',(-13.,-1.88098061239262,-13.8056505565568));
#8626=CARTESIAN_POINT('Ctrl Pts',(-13.,-2.3485702756144,-14.999325854601));
#8627=CARTESIAN_POINT('Ctrl Pts',(-13.,-3.41959269474392,-16.4040280248269));
#8628=CARTESIAN_POINT('Ctrl Pts',(-13.,-5.42216191791088,-17.5919352601635));
#8629=CARTESIAN_POINT('Ctrl Pts',(-13.,-7.50589641577163,-17.9));
#8630=CARTESIAN_POINT('Ctrl Pts',(-13.,-8.74636363992197,-17.9));
#8631=CARTESIAN_POINT('',(-12.7000397632573,-2.12403731940375,-10.9976008473867));
#8632=CARTESIAN_POINT('Ctrl Pts',(-12.7000001318382,-2.02950324275224,-11.1232235518961));
#8633=CARTESIAN_POINT('Ctrl Pts',(-12.7002462563696,-2.0370943884767,-11.1120210675268));
#8634=CARTESIAN_POINT('Ctrl Pts',(-12.7004323721699,-2.04479630812535,-11.1009623836406));
#8635=CARTESIAN_POINT('Ctrl Pts',(-12.7006743589012,-2.06005065820972,-11.0796438655699));
#8636=CARTESIAN_POINT('Ctrl Pts',(-12.7007367830465,-2.06757046547644,-11.0693970378057));
#8637=CARTESIAN_POINT('Ctrl Pts',(-12.7007481594539,-2.08313996651723,-11.0487071326005));
#8638=CARTESIAN_POINT('Ctrl Pts',(-12.7006928041714,-2.09119680808364,-11.0382737695997));
#8639=CARTESIAN_POINT('Ctrl Pts',(-12.7004456710529,-2.10834126611651,-11.0166349944891));
#8640=CARTESIAN_POINT('Ctrl Pts',(-12.7002532789552,-2.11663315062897,-11.006486091099));
#8641=CARTESIAN_POINT('Ctrl Pts',(-12.7000403833903,-2.12403679795689,-10.997600398054));
#8642=CARTESIAN_POINT('',(-12.7035220922981,-2.24936034887331,-10.8359225317598));
#8643=CARTESIAN_POINT('Ctrl Pts',(-12.7000389920468,-2.12403786670159,-10.9976013217846));
#8644=CARTESIAN_POINT('Ctrl Pts',(-12.6998998923853,-2.12888754547315,-10.9917802718139));
#8645=CARTESIAN_POINT('Ctrl Pts',(-12.6997627527351,-2.13472121770874,-10.9847322136178));
#8646=CARTESIAN_POINT('Ctrl Pts',(-12.6995945175962,-2.14701553255149,-10.9696915631704));
#8647=CARTESIAN_POINT('Ctrl Pts',(-12.6995596011389,-2.15267076706065,-10.9627071481685));
#8648=CARTESIAN_POINT('Ctrl Pts',(-12.6995798824041,-2.16823565896728,-10.943300474672));
#8649=CARTESIAN_POINT('Ctrl Pts',(-12.6997249036446,-2.17807525775429,-10.9308238069817));
#8650=CARTESIAN_POINT('Ctrl Pts',(-12.7003958883232,-2.20197502435851,-10.9000020228626));
#8651=CARTESIAN_POINT('Ctrl Pts',(-12.7010650126389,-2.21591617264247,-10.8815728604879));
#8652=CARTESIAN_POINT('Ctrl Pts',(-12.7024428108071,-2.23626124157138,-10.8540009001309));
#8653=CARTESIAN_POINT('Ctrl Pts',(-12.7029524637273,-2.24283795871991,-10.8449795708834));
#8654=CARTESIAN_POINT('Ctrl Pts',(-12.7035214142721,-2.24936087217319,-10.835922866062));
#8655=CARTESIAN_POINT('Ctrl Pts',(-12.7035225260764,-2.24935988082095,-10.8359222219703));
#8656=CARTESIAN_POINT('Ctrl Pts',(-12.7054244647963,-2.27114149605156,-10.8056761437788));
#8657=CARTESIAN_POINT('Ctrl Pts',(-12.7079845538422,-2.2923151783158,-10.7750503119241));
#8658=CARTESIAN_POINT('Ctrl Pts',(-12.7111551827696,-2.31287163362361,-10.744062194071));
#8659=CARTESIAN_POINT('Ctrl Pts',(-12.7143224522435,-2.33340630825074,-10.7131069098115));
#8660=CARTESIAN_POINT('Ctrl Pts',(-12.7180970888392,-2.35331232313372,-10.6818090880409));
#8661=CARTESIAN_POINT('Ctrl Pts',(-12.7224292921416,-2.37257835633216,-10.6501972524202));
#8662=CARTESIAN_POINT('Ctrl Pts',(-10.5313233026122,-3.54672425594136,-10.2576616735353));
#8663=CARTESIAN_POINT('Ctrl Pts',(-10.3707112081182,-3.10990606693052,-9.59590107116245));
#8664=CARTESIAN_POINT('Ctrl Pts',(-10.2830265101155,-2.77842385801299,-8.90188683683887));
#8665=CARTESIAN_POINT('Ctrl Pts',(-10.2831190218575,-2.54301039553787,-8.18993960064575));
#8666=CARTESIAN_POINT('Ctrl Pts',(-11.4854919929957,-3.18609281091027,-10.3255031664831));
#8667=CARTESIAN_POINT('Ctrl Pts',(-11.3544146464373,-2.74722741596392,-9.66882466338699));
#8668=CARTESIAN_POINT('Ctrl Pts',(-11.2872480862524,-2.42004963994268,-8.9897537412476));
#8669=CARTESIAN_POINT('Ctrl Pts',(-11.2916285890606,-2.1885893753901,-8.29764782042162));
#8670=CARTESIAN_POINT('Ctrl Pts',(-12.374910758271,-2.67661519872785,-10.507288909056));
#8671=CARTESIAN_POINT('Ctrl Pts',(-12.2675066467288,-2.21571996653727,-9.84591047593171));
#8672=CARTESIAN_POINT('Ctrl Pts',(-12.2164719003591,-1.87543619291753,-9.16421223911811));
#8673=CARTESIAN_POINT('Ctrl Pts',(-12.2241038289086,-1.63885573673605,-8.46993269245197));
#8674=CARTESIAN_POINT('Ctrl Pts',(-13.1356317631899,-2.05492207266844,-10.7899487871858));
#8675=CARTESIAN_POINT('Ctrl Pts',(-13.040823677307,-1.55561170290306,-10.1137090064141));
#8676=CARTESIAN_POINT('Ctrl Pts',(-12.9977066446981,-1.18736083255938,-9.41155628170459));
#8677=CARTESIAN_POINT('Ctrl Pts',(-13.0066617184586,-0.93736665010593,-8.69314353025313));
#8678=CARTESIAN_POINT('',(-10.8975649331945,-2.78705924750383,-9.36969454921476));
#8679=CARTESIAN_POINT('Ctrl Pts',(-12.7222499580264,-2.37262795604125,-10.6501158658742));
#8680=CARTESIAN_POINT('Ctrl Pts',(-12.5889842724097,-2.42696536807414,-10.5609520765192));
#8681=CARTESIAN_POINT('Ctrl Pts',(-12.4530386114374,-2.47576237949651,-10.4700212762574));
#8682=CARTESIAN_POINT('Ctrl Pts',(-12.3161670486917,-2.51915591242621,-10.3779660854511));
#8683=CARTESIAN_POINT('Ctrl Pts',(-12.1883164582082,-2.55968945129237,-10.2919780959407));
#8684=CARTESIAN_POINT('Ctrl Pts',(-12.0596579931496,-2.59550894101861,-10.2050097761158));
#8685=CARTESIAN_POINT('Ctrl Pts',(-11.9316212594579,-2.62676166189979,-10.1176050852983));
#8686=CARTESIAN_POINT('Ctrl Pts',(-11.8755130544898,-2.6404572164368,-10.0793026375072));
#8687=CARTESIAN_POINT('Ctrl Pts',(-11.8195301921319,-2.65328208081228,-10.0409098179324));
#8688=CARTESIAN_POINT('Ctrl Pts',(-11.7638060664709,-2.66524893684118,-10.002452759904));
#8689=CARTESIAN_POINT('Ctrl Pts',(-11.6770583033395,-2.68387817471452,-9.94258526586959));
#8690=CARTESIAN_POINT('Ctrl Pts',(-11.5897613537309,-2.70063279123374,-9.881908857663));
#8691=CARTESIAN_POINT('Ctrl Pts',(-11.5026977176641,-2.71545097160367,-9.82041388346837));
#8692=CARTESIAN_POINT('Ctrl Pts',(-11.4182225119419,-2.72982860263001,-9.76074717494739));
#8693=CARTESIAN_POINT('Ctrl Pts',(-11.33396695301,-2.7423825616158,-9.70030931127345));
#8694=CARTESIAN_POINT('Ctrl Pts',(-11.250645803318,-2.75303721943124,-9.63913537649639));
#8695=CARTESIAN_POINT('Ctrl Pts',(-11.17192707495,-2.76310334450907,-9.58134051441487));
#8696=CARTESIAN_POINT('Ctrl Pts',(-11.0940423786635,-2.77147356386562,-9.52288837809249));
#8697=CARTESIAN_POINT('Ctrl Pts',(-11.0175944546845,-2.77807602853675,-9.46385373992797));
#8698=CARTESIAN_POINT('Ctrl Pts',(-10.9771744553086,-2.78156692278209,-9.43264059621435));
#8699=CARTESIAN_POINT('Ctrl Pts',(-10.9371561072183,-2.78456355385174,-9.40126541065663));
#8700=CARTESIAN_POINT('Ctrl Pts',(-10.897628498985,-2.78705524134047,-9.36974523896561));
#8701=CARTESIAN_POINT('',(-10.2912422345642,-2.67479743600021,-8.56037512019665));
#8702=CARTESIAN_POINT('Ctrl Pts',(-10.8975013674039,-2.78706325366719,-9.36964385946391));
#8703=CARTESIAN_POINT('Ctrl Pts',(-10.7625167297961,-2.79556878980623,-9.26199988719035));
#8704=CARTESIAN_POINT('Ctrl Pts',(-10.6184323512202,-2.79538614034629,-9.1345894178265));
#8705=CARTESIAN_POINT('Ctrl Pts',(-10.4510862513155,-2.77301819023918,-8.9378104825411));
#8706=CARTESIAN_POINT('Ctrl Pts',(-10.3885322759367,-2.75993457796318,-8.85401570030207));
#8707=CARTESIAN_POINT('Ctrl Pts',(-10.3154271763968,-2.7202141955928,-8.69502777643819));
#8708=CARTESIAN_POINT('Ctrl Pts',(-10.2960471878207,-2.70004274259511,-8.62857239557858));
#8709=CARTESIAN_POINT('Ctrl Pts',(-10.2911532128514,-2.67479966177809,-8.56038113283185));
#8710=CARTESIAN_POINT('',(-10.2900488625111,-2.66455847720795,-8.53341592780609));
#8711=CARTESIAN_POINT('Origin',(-10.3417157596704,-2.65032883229666,-8.53653883261823));
#8712=CARTESIAN_POINT('',(-13.0000089372565,-0.943347743382325,-8.69132087102022));
#8713=CARTESIAN_POINT('Ctrl Pts',(-13.0000089372565,-0.943347743382325,
-8.69132087102022));
#8714=CARTESIAN_POINT('Ctrl Pts',(-12.8196392263636,-1.11648184782816,-8.6752236546635));
#8715=CARTESIAN_POINT('Ctrl Pts',(-12.6309491489523,-1.28153558451044,-8.65952270920733));
#8716=CARTESIAN_POINT('Ctrl Pts',(-12.4347010351056,-1.43780517309793,-8.64460891819057));
#8717=CARTESIAN_POINT('Ctrl Pts',(-12.269507389288,-1.56934652941051,-8.63205509811694));
#8718=CARTESIAN_POINT('Ctrl Pts',(-12.0989590739422,-1.69466427416722,-8.62005922727906));
#8719=CARTESIAN_POINT('Ctrl Pts',(-11.9235128528917,-1.81332877331204,-8.60881853459908));
#8720=CARTESIAN_POINT('Ctrl Pts',(-11.7581576441318,-1.92516813303721,-8.59822436463877));
#8721=CARTESIAN_POINT('Ctrl Pts',(-11.5884519793864,-2.03109804699786,-8.58830138972416));
#8722=CARTESIAN_POINT('Ctrl Pts',(-11.4147748467028,-2.13074279084112,-8.5791754909156));
#8723=CARTESIAN_POINT('Ctrl Pts',(-11.2491050902446,-2.22579341834618,-8.57047034125246));
#8724=CARTESIAN_POINT('Ctrl Pts',(-11.079821697093,-2.31512547513846,-8.56249073778078));
#8725=CARTESIAN_POINT('Ctrl Pts',(-10.9072483974768,-2.39839160240512,-8.55530450720542));
#8726=CARTESIAN_POINT('Ctrl Pts',(-10.7437944490765,-2.47725766859262,-8.54849802112519));
#8727=CARTESIAN_POINT('Ctrl Pts',(-10.5773890463697,-2.55068221781402,-8.54240338674168));
#8728=CARTESIAN_POINT('Ctrl Pts',(-10.4083025266484,-2.61834595359005,-8.53703762345516));
#8729=CARTESIAN_POINT('Ctrl Pts',(-10.3690281870792,-2.63406245505788,-8.53579129814365));
#8730=CARTESIAN_POINT('Ctrl Pts',(-10.3296091801626,-2.64946803767849,-8.5345841109375));
#8731=CARTESIAN_POINT('Ctrl Pts',(-10.2900488625111,-2.66455847720795,-8.53341592780609));
#8732=CARTESIAN_POINT('Ctrl Pts',(-13.,-0.943331398144119,-8.69124580743532));
#8733=CARTESIAN_POINT('Ctrl Pts',(-13.,-1.06020964228661,-9.03951682057927));
#8734=CARTESIAN_POINT('Ctrl Pts',(-12.9999999999965,-1.21278458552325,-9.37221027878701));
#8735=CARTESIAN_POINT('Ctrl Pts',(-12.9999999999965,-1.58247185578412,-10.0098530138437));
#8736=CARTESIAN_POINT('Ctrl Pts',(-13.,-1.79766462451446,-10.3106031899781));
#8737=CARTESIAN_POINT('Ctrl Pts',(-13.,-2.03575415737703,-10.593456259697));
#8738=CARTESIAN_POINT('Ctrl Pts',(-10.2869807010527,-2.6659611244317,-8.53387452004333));
#8739=CARTESIAN_POINT('Ctrl Pts',(-11.5300554026032,-2.19240838354008,-8.57051301677843));
#8740=CARTESIAN_POINT('Ctrl Pts',(-12.6330200884566,-1.40895293309556,-8.65122944770698));
#8741=CARTESIAN_POINT('Ctrl Pts',(-13.4917118559972,-0.4289331187764,-8.73897732674642));
#8742=CARTESIAN_POINT('Ctrl Pts',(-10.2035292221464,-2.48397876079321,-7.98760594367786));
#8743=CARTESIAN_POINT('Ctrl Pts',(-11.4144241789248,-2.03674826778169,-8.00329330290051));
#8744=CARTESIAN_POINT('Ctrl Pts',(-12.5018185361039,-1.29905937882465,-8.04385308406138));
#8745=CARTESIAN_POINT('Ctrl Pts',(-13.3753203950133,-0.362800891585732,
-8.08914497543022));
#8746=CARTESIAN_POINT('Ctrl Pts',(-10.0286206910313,-2.06872394286018,-7.53880933313352));
#8747=CARTESIAN_POINT('Ctrl Pts',(-11.1597923049025,-1.64760859450122,-7.53241614582381));
#8748=CARTESIAN_POINT('Ctrl Pts',(-12.1763294114996,-0.95237033499543,-7.52843362910505));
#8749=CARTESIAN_POINT('Ctrl Pts',(-12.9960885726773,-0.0721088435123477,
-7.51982989032875));
#8750=CARTESIAN_POINT('Ctrl Pts',(-9.82204219385769,-1.5621417130079,-7.34085433498755));
#8751=CARTESIAN_POINT('Ctrl Pts',(-10.8563495886349,-1.16504777325026,-7.32650766692176));
#8752=CARTESIAN_POINT('Ctrl Pts',(-11.7817416712849,-0.507085508450764,
-7.30449592555834));
#8753=CARTESIAN_POINT('Ctrl Pts',(-12.5175723468709,0.317769318985454,-7.27649795280107));
#8754=CARTESIAN_POINT('',(-12.9979365552872,-0.0665933224599986,-7.66610752330556));
#8755=CARTESIAN_POINT('Ctrl Pts',(-12.9978249783302,-0.0664699783494223,
-7.66587931847684));
#8756=CARTESIAN_POINT('Ctrl Pts',(-12.9691329025388,-0.0566539440345523,
-7.64006174315055));
#8757=CARTESIAN_POINT('Ctrl Pts',(-12.9406647775602,-0.0451079369404888,
-7.61480863289511));
#8758=CARTESIAN_POINT('Ctrl Pts',(-12.912516721382,-0.0316845308935349,
-7.59016033920514));
#8759=CARTESIAN_POINT('Ctrl Pts',(-12.8910772020312,-0.0214603302639534,
-7.57138648263091));
#8760=CARTESIAN_POINT('Ctrl Pts',(-12.8698226165212,-0.0101482149059336,
-7.55296427205518));
#8761=CARTESIAN_POINT('Ctrl Pts',(-12.8488047792641,0.00232449144115465,
-7.53492124372459));
#8762=CARTESIAN_POINT('Ctrl Pts',(-12.8226818570311,0.0178267305133838,
-7.51249569060211));
#8763=CARTESIAN_POINT('Ctrl Pts',(-12.7972366954413,0.0349388160745815,
-7.49091822634224));
#8764=CARTESIAN_POINT('Ctrl Pts',(-12.7723942828475,0.0537677924240545,
-7.47010744724255));
#8765=CARTESIAN_POINT('Ctrl Pts',(-12.7537937858145,0.0678657918594827,
-7.45452559369126));
#8766=CARTESIAN_POINT('Ctrl Pts',(-12.7355314573448,0.0829281432243422,
-7.43937451377277));
#8767=CARTESIAN_POINT('Ctrl Pts',(-12.7175701779107,0.0989725423645774,
-7.42464980142935));
#8768=CARTESIAN_POINT('Ctrl Pts',(-12.7115444486795,0.104355188141616,-7.41970988999853));
#8769=CARTESIAN_POINT('Ctrl Pts',(-12.7055525402844,0.109848003067719,-7.41481821071302));
#8770=CARTESIAN_POINT('Ctrl Pts',(-12.6995928924222,0.115450463926555,-7.40997533455551));
#8771=CARTESIAN_POINT('Ctrl Pts',(-13.,-0.0681714565016591,-7.66843941044284));
#8772=CARTESIAN_POINT('Ctrl Pts',(-13.,-0.261773218902101,-7.78984891197956));
#8773=CARTESIAN_POINT('Ctrl Pts',(-13.,-0.441716425315008,-7.93526686639371));
#8774=CARTESIAN_POINT('Ctrl Pts',(-13.,-0.670750516522901,-8.19250871084518));
#8775=CARTESIAN_POINT('Ctrl Pts',(-13.,-0.740953138086273,-8.28628148953828));
#8776=CARTESIAN_POINT('Ctrl Pts',(-13.,-0.85882969972287,-8.48274804727729));
#8777=CARTESIAN_POINT('Ctrl Pts',(-13.,-0.907040610215489,-8.5847701814301));
#8778=CARTESIAN_POINT('Ctrl Pts',(-13.,-0.942842788918814,-8.69140981667802));
#8779=CARTESIAN_POINT('',(-10.9846766686422,-0.984956878219458,-7.32220917372805));
#8780=CARTESIAN_POINT('Ctrl Pts',(-10.2900265412303,-2.66458203779471,-8.53340996973727));
#8781=CARTESIAN_POINT('Ctrl Pts',(-10.2866905027717,-2.57879821384416,-8.31205498121724));
#8782=CARTESIAN_POINT('Ctrl Pts',(-10.2769614819616,-2.45549289693733,-8.11687396391369));
#8783=CARTESIAN_POINT('Ctrl Pts',(-10.2807282398865,-2.18016526566924,-7.80917812142027));
#8784=CARTESIAN_POINT('Ctrl Pts',(-10.2918104802376,-2.04117471305055,-7.69758119149765));
#8785=CARTESIAN_POINT('Ctrl Pts',(-10.3563282134621,-1.72457071477519,-7.49849034981863));
#8786=CARTESIAN_POINT('Ctrl Pts',(-10.4177970844755,-1.58864208951808,-7.4499723372175));
#8787=CARTESIAN_POINT('Ctrl Pts',(-10.5117790498001,-1.41822056886875,-7.39155706073698));
#8788=CARTESIAN_POINT('Ctrl Pts',(-10.5715043773659,-1.33787795732937,-7.37112744275903));
#8789=CARTESIAN_POINT('Ctrl Pts',(-10.7138807117699,-1.18805254466679,-7.34156136991326));
#8790=CARTESIAN_POINT('Ctrl Pts',(-10.7920191843691,-1.12193998369834,-7.33283538445007));
#8791=CARTESIAN_POINT('Ctrl Pts',(-10.9107299194427,-1.03475923254448,-7.32509459296036));
#8792=CARTESIAN_POINT('Ctrl Pts',(-10.9472324769628,-1.0095513745375,-7.32340421858839));
#8793=CARTESIAN_POINT('Ctrl Pts',(-10.9842094910295,-0.985178968077579,
-7.32221996505876));
#8794=CARTESIAN_POINT('Origin',(-7.29515864442488,4.59878694892646,-7.05089545069578));
#8795=CARTESIAN_POINT('Ctrl Pts',(-12.7000000000001,-8.99636363992197,-19.6));
#8796=CARTESIAN_POINT('Ctrl Pts',(-12.7000000000001,-6.62381663076883,-19.6));
#8797=CARTESIAN_POINT('Ctrl Pts',(-12.7000001090133,-2.71908538620983,-18.6921019816964));
#8798=CARTESIAN_POINT('Ctrl Pts',(-12.6999992199796,0.835870976937173,-15.3578452654868));
#8799=CARTESIAN_POINT('Ctrl Pts',(-12.6999996009637,2.41792711691496,-11.5256722808111));
#8800=CARTESIAN_POINT('Ctrl Pts',(-12.6999967914562,2.27224495886237,-9.08964886897868));
#8801=CARTESIAN_POINT('Ctrl Pts',(-12.6999965323363,1.50157549579217,-8.05747848684372));
#8802=CARTESIAN_POINT('Ctrl Pts',(-12.6999926133119,0.962143485936748,-7.70283315648467));
#8803=CARTESIAN_POINT('Ctrl Pts',(-12.6999963641102,0.610863618112279,-7.54814232106263));
#8804=CARTESIAN_POINT('Ctrl Pts',(-12.6999887161828,0.421112975304515,-7.4861951775557));
#8805=CARTESIAN_POINT('Ctrl Pts',(-12.7000076997555,0.21885048628653,-7.43058953762211));
#8806=CARTESIAN_POINT('Ctrl Pts',(-12.6998883031893,0.113594400791022,-7.40701321626708));
#8807=CARTESIAN_POINT('Ctrl Pts',(-12.7003687702602,0.00714545632801608,
-7.387783915168));
#8808=CARTESIAN_POINT('Ctrl Pts',(-12.8,-8.99636363992197,-19.5));
#8809=CARTESIAN_POINT('Ctrl Pts',(-12.8000000144732,-6.63544621448192,-19.4998231641671));
#8810=CARTESIAN_POINT('Ctrl Pts',(-12.8000000786876,-2.76654712115779,-18.5978853906249));
#8811=CARTESIAN_POINT('Ctrl Pts',(-12.7999992657972,0.750303470048213,-15.3006985784338));
#8812=CARTESIAN_POINT('Ctrl Pts',(-12.79999954343,2.31889743415395,-11.5011094820862));
#8813=CARTESIAN_POINT('Ctrl Pts',(-12.7999968883365,2.1683752290766,-9.11305403328326));
#8814=CARTESIAN_POINT('Ctrl Pts',(-12.799996370716,1.42945562115459,-8.13177093844232));
#8815=CARTESIAN_POINT('Ctrl Pts',(-12.7999929057585,0.914283192146378,-7.79047296396996));
#8816=CARTESIAN_POINT('Ctrl Pts',(-12.7999957445425,0.574855309816909,-7.64199775549707));
#8817=CARTESIAN_POINT('Ctrl Pts',(-12.7999901102288,0.39229332908572,-7.58182395291675));
#8818=CARTESIAN_POINT('Ctrl Pts',(-12.8000036955983,0.193728653620749,-7.52751082254686));
#8819=CARTESIAN_POINT('Ctrl Pts',(-12.7999156206107,0.0866578704015229,
-7.50144136819214));
#8820=CARTESIAN_POINT('Ctrl Pts',(-12.8002458468401,-0.0180529803784921,
-7.47942590478197));
#8821=CARTESIAN_POINT('Ctrl Pts',(-12.9,-8.99636363992197,-19.4));
#8822=CARTESIAN_POINT('Ctrl Pts',(-12.8999999855269,-6.64874144922237,-19.4001768358329));
#8823=CARTESIAN_POINT('Ctrl Pts',(-12.9000000303257,-2.8129954236981,-18.5033726035611));
#8824=CARTESIAN_POINT('Ctrl Pts',(-12.8999999541825,0.664635108500027,-15.2447855685796));
#8825=CARTESIAN_POINT('Ctrl Pts',(-12.9000000575337,2.22101353989549,-11.4740659675576));
#8826=CARTESIAN_POINT('Ctrl Pts',(-12.8999999031197,2.06482589335922,-9.139106599972));
#8827=CARTESIAN_POINT('Ctrl Pts',(-12.9000001616203,1.35990492262993,-8.20463843070657));
#8828=CARTESIAN_POINT('Ctrl Pts',(-12.8999997075534,0.869095752943702,-7.88031687966528));
#8829=CARTESIAN_POINT('Ctrl Pts',(-12.9000006195677,0.540923073915911,-7.73552604446268));
#8830=CARTESIAN_POINT('Ctrl Pts',(-12.899998605954,0.368359662998924,-7.67927600221591));
#8831=CARTESIAN_POINT('Ctrl Pts',(-12.9000040041571,0.165291793847168,-7.62318155296839));
#8832=CARTESIAN_POINT('Ctrl Pts',(-12.8999726825786,0.0623688741267182,
-7.59684581052079));
#8833=CARTESIAN_POINT('Ctrl Pts',(-12.9001229234201,-0.0432514170850002,
-7.57106789439593));
#8834=CARTESIAN_POINT('Ctrl Pts',(-13.,-8.99636363992197,-19.3));
#8835=CARTESIAN_POINT('Ctrl Pts',(-13.,-6.66037103293546,-19.3));
#8836=CARTESIAN_POINT('Ctrl Pts',(-13.,-2.86045715864606,-18.4091560124897));
#8837=CARTESIAN_POINT('Ctrl Pts',(-13.,0.579067601611067,-15.1876388815267));
#8838=CARTESIAN_POINT('Ctrl Pts',(-13.,2.12198385713448,-11.4495031688328));
#8839=CARTESIAN_POINT('Ctrl Pts',(-13.,1.96095616357344,-9.16251176427658));
#8840=CARTESIAN_POINT('Ctrl Pts',(-13.,1.28778504799235,-8.27893088230516));
#8841=CARTESIAN_POINT('Ctrl Pts',(-13.,0.821235459153332,-7.96795668715057));
#8842=CARTESIAN_POINT('Ctrl Pts',(-13.,0.504914765620541,-7.82938147889711));
#8843=CARTESIAN_POINT('Ctrl Pts',(-13.,0.339540016780129,-7.77490477757695));
#8844=CARTESIAN_POINT('Ctrl Pts',(-13.,0.140169961181387,-7.72010283789315));
#8845=CARTESIAN_POINT('Ctrl Pts',(-13.,0.0354323437372195,-7.69127396244586));
#8846=CARTESIAN_POINT('Ctrl Pts',(-13.,-0.0684498537915084,-7.6627098840099));
#8847=CARTESIAN_POINT('',(-13.,-8.99636363992197,-19.3));
#8848=CARTESIAN_POINT('',(-13.,-8.99636363992197,-19.3));
#8849=CARTESIAN_POINT('Ctrl Pts',(-13.,-8.99636363992197,-19.3));
#8850=CARTESIAN_POINT('Ctrl Pts',(-13.,-6.66037103293546,-19.3));
#8851=CARTESIAN_POINT('Ctrl Pts',(-13.,-2.86045715864606,-18.4091560124897));
#8852=CARTESIAN_POINT('Ctrl Pts',(-13.,0.579067601611067,-15.1876388815267));
#8853=CARTESIAN_POINT('Ctrl Pts',(-13.,2.12198385713448,-11.4495031688328));
#8854=CARTESIAN_POINT('Ctrl Pts',(-13.,1.96095616357344,-9.16251176427658));
#8855=CARTESIAN_POINT('Ctrl Pts',(-13.,1.28778504799235,-8.27893088230516));
#8856=CARTESIAN_POINT('Ctrl Pts',(-13.,0.821235459153332,-7.96795668715057));
#8857=CARTESIAN_POINT('Ctrl Pts',(-13.,0.504914765620541,-7.82938147889711));
#8858=CARTESIAN_POINT('Ctrl Pts',(-13.,0.339540016780129,-7.77490477757695));
#8859=CARTESIAN_POINT('Ctrl Pts',(-13.,0.140888579135914,-7.72030036834817));
#8860=CARTESIAN_POINT('Ctrl Pts',(-13.,0.0369023112739225,-7.69167856697105));
#8861=CARTESIAN_POINT('Ctrl Pts',(-13.,-0.0662626141457769,-7.66331130502271));
#8862=CARTESIAN_POINT('Origin',(-13.,-17.8004039793173,-18.4483316362298));
#8863=CARTESIAN_POINT('',(-13.,-48.4141727276662,-14.0504965795926));
#8864=CARTESIAN_POINT('',(-13.,-39.0362262119904,-19.2999999999999));
#8865=CARTESIAN_POINT('Ctrl Pts',(-13.,-39.0362262119906,-19.2999999999999));
#8866=CARTESIAN_POINT('Ctrl Pts',(-13.,-39.216351403513,-19.2892833449676));
#8867=CARTESIAN_POINT('Ctrl Pts',(-13.,-39.3862271624166,-19.2791764860039));
#8868=CARTESIAN_POINT('Ctrl Pts',(-13.,-39.5478859334471,-19.269558501604));
#8869=CARTESIAN_POINT('Ctrl Pts',(-13.,-40.5838598527538,-19.2079226192387));
#8870=CARTESIAN_POINT('Ctrl Pts',(-13.,-41.2754357489962,-19.0988901622867));
#8871=CARTESIAN_POINT('Ctrl Pts',(-13.,-42.1523765546972,-18.8724172022554));
#8872=CARTESIAN_POINT('Ctrl Pts',(-13.,-42.6845839323732,-18.7349728281436));
#8873=CARTESIAN_POINT('Ctrl Pts',(-13.,-43.2691602367449,-18.5394711393016));
#8874=CARTESIAN_POINT('Ctrl Pts',(-13.,-43.8014259613062,-18.3063808516847));
#8875=CARTESIAN_POINT('Ctrl Pts',(-13.,-44.067456139226,-18.1898806755044));
#8876=CARTESIAN_POINT('Ctrl Pts',(-13.,-44.3276587345996,-18.062311099679));
#8877=CARTESIAN_POINT('Ctrl Pts',(-13.,-44.5817195748519,-17.923128247155));
#8878=CARTESIAN_POINT('Ctrl Pts',(-13.,-45.7703221700444,-17.2719728012703));
#8879=CARTESIAN_POINT('Ctrl Pts',(-13.,-46.8354169135434,-16.3235868955342));
#8880=CARTESIAN_POINT('Ctrl Pts',(-13.,-47.602284629065,-15.3108562326171));
#8881=CARTESIAN_POINT('Ctrl Pts',(-13.,-47.9136763755928,-14.8996301977936));
#8882=CARTESIAN_POINT('Ctrl Pts',(-13.,-48.1835092808984,-14.4759374311203));
#8883=CARTESIAN_POINT('Ctrl Pts',(-13.,-48.4141727276662,-14.0504965795926));
#8884=CARTESIAN_POINT('Ctrl Pts',(-13.,-52.1943229534824,-11.8));
#8885=CARTESIAN_POINT('Ctrl Pts',(-13.,-51.5328151455774,-11.8));
#8886=CARTESIAN_POINT('Ctrl Pts',(-13.,-49.9945357218743,-12.1603973958228));
#8887=CARTESIAN_POINT('Ctrl Pts',(-13.,-48.8345642051631,-13.2751170789938));
#8888=CARTESIAN_POINT('Ctrl Pts',(-13.,-48.4141727276662,-14.0504965795926));
#8889=CARTESIAN_POINT('',(-13.,-20.7733838096196,-19.3));
#8890=CARTESIAN_POINT('Ctrl Pts',(-12.6999999999999,-52.1943229534824,-12.1));
#8891=CARTESIAN_POINT('Ctrl Pts',(-12.6999999999999,-51.5789668531057,-12.1));
#8892=CARTESIAN_POINT('Ctrl Pts',(-12.7,-50.1480092496609,-12.4352533914631));
#8893=CARTESIAN_POINT('Ctrl Pts',(-12.7,-49.0689659783016,-13.4722019339477));
#8894=CARTESIAN_POINT('Ctrl Pts',(-12.7,-48.6779041387697,-14.1934851903187));
#8895=CARTESIAN_POINT('Ctrl Pts',(-12.8,-52.1943229534824,-12.));
#8896=CARTESIAN_POINT('Ctrl Pts',(-12.8,-51.5635829505963,-12.));
#8897=CARTESIAN_POINT('Ctrl Pts',(-12.8,-50.0968514070654,-12.3436347262496));
#8898=CARTESIAN_POINT('Ctrl Pts',(-12.8,-48.9908320539221,-13.4065069822964));
#8899=CARTESIAN_POINT('Ctrl Pts',(-12.8,-48.5899936684018,-14.1458223200766));
#8900=CARTESIAN_POINT('Ctrl Pts',(-12.9,-52.1943229534824,-11.9));
#8901=CARTESIAN_POINT('Ctrl Pts',(-12.9,-51.5481990480868,-11.9));
#8902=CARTESIAN_POINT('Ctrl Pts',(-12.9,-50.0456935644698,-12.2520160610362));
#8903=CARTESIAN_POINT('Ctrl Pts',(-12.9,-48.9126981295426,-13.3408120306451));
#8904=CARTESIAN_POINT('Ctrl Pts',(-12.9,-48.502083198034,-14.0981594498346));
#8905=CARTESIAN_POINT('Ctrl Pts',(-13.,-52.1943229534824,-11.8));
#8906=CARTESIAN_POINT('Ctrl Pts',(-13.,-51.5328151455774,-11.8));
#8907=CARTESIAN_POINT('Ctrl Pts',(-13.,-49.9945357218743,-12.1603973958228));
#8908=CARTESIAN_POINT('Ctrl Pts',(-13.,-48.8345642051631,-13.2751170789938));
#8909=CARTESIAN_POINT('Ctrl Pts',(-13.,-48.4141727276662,-14.0504965795926));
#8910=CARTESIAN_POINT('',(-13.,-48.4141727276662,-14.0504965795926));
#8911=CARTESIAN_POINT('Ctrl Pts',(-12.7,-48.6779041387697,-14.1934851903187));
#8912=CARTESIAN_POINT('Ctrl Pts',(-12.7,-49.0689659783016,-13.4722019339477));
#8913=CARTESIAN_POINT('Ctrl Pts',(-12.7,-50.1480092496609,-12.4352533914631));
#8914=CARTESIAN_POINT('Ctrl Pts',(-12.6999999999999,-51.5789668531057,-12.1));
#8915=CARTESIAN_POINT('Ctrl Pts',(-12.6999999999999,-52.1943229534824,-12.1));
#8916=CARTESIAN_POINT('Origin',(4.20316548581642E-15,-35.0948254595367,
-11.6));
#8917=CARTESIAN_POINT('',(12.729675836832,-61.8915876557478,-11.6));
#8918=CARTESIAN_POINT('Ctrl Pts',(12.729675836832,-61.8915876557478,-11.6));
#8919=CARTESIAN_POINT('Ctrl Pts',(12.729675836832,-61.8915876557478,-11.6597249014861));
#8920=CARTESIAN_POINT('Ctrl Pts',(12.7273329549261,-61.8660551487179,-11.7900869411267));
#8921=CARTESIAN_POINT('Ctrl Pts',(12.7133810962891,-61.6993628021488,-12.0287577552288));
#8922=CARTESIAN_POINT('Ctrl Pts',(12.7023666134924,-61.4928094130371,-12.0999999999999));
#8923=CARTESIAN_POINT('Ctrl Pts',(12.700490865363,-61.3511004471143,-12.1));
#8924=CARTESIAN_POINT('Origin',(4.20316548581642E-15,-35.0948254595367,
-11.6));
#8925=CARTESIAN_POINT('Origin',(4.20316548581641E-15,-35.0948254595367,
-9.60000000000002));
#8926=CARTESIAN_POINT('',(12.729675836832,-61.8915876557478,-9.29166293955432));
#8927=CARTESIAN_POINT('',(12.729675836832,-61.8915876557478,-9.59999999999997));
#8928=CARTESIAN_POINT('',(12.7298149970096,-61.8915154884788,-9.27123657388178));
#8929=CARTESIAN_POINT('Ctrl Pts',(12.7298162831704,-61.8915209369243,-9.27125450301948));
#8930=CARTESIAN_POINT('Ctrl Pts',(12.7297225565296,-61.8915654619262,-9.27805539228428));
#8931=CARTESIAN_POINT('Ctrl Pts',(12.729675836832,-61.8915876557478,-9.28485579969299));
#8932=CARTESIAN_POINT('Ctrl Pts',(12.729675836832,-61.8915876557478,-9.29166293955432));
#8933=CARTESIAN_POINT('Ctrl Pts',(5.98475774491782,-64.1515593752017,-9.09999999999997));
#8934=CARTESIAN_POINT('Ctrl Pts',(8.31393946885298,-63.6718224439245,-9.09999999999997));
#8935=CARTESIAN_POINT('Ctrl Pts',(10.5866333229918,-62.9095041745158,-9.11562508711839));
#8936=CARTESIAN_POINT('Ctrl Pts',(12.7298149970096,-61.8915154884788,-9.27123657388178));
#8937=CARTESIAN_POINT('Ctrl Pts',(5.97617406573483,-64.1533260066615,-9.1000000705014));
#8938=CARTESIAN_POINT('Ctrl Pts',(8.37961117594596,-63.6590406825269,-9.09996065530692));
#8939=CARTESIAN_POINT('Ctrl Pts',(10.723003948144,-62.8638697974866,-9.1163938567888));
#8940=CARTESIAN_POINT('Ctrl Pts',(12.9261332305248,-61.7973757162882,-9.28591389237405));
#8941=CARTESIAN_POINT('Ctrl Pts',(5.97617226961047,-64.1533263558198,-9.02520584201922));
#8942=CARTESIAN_POINT('Ctrl Pts',(8.38011119926524,-63.6589435297233,-9.0236005363572));
#8943=CARTESIAN_POINT('Ctrl Pts',(10.7249141604591,-62.8634575852323,-9.0375298061187));
#8944=CARTESIAN_POINT('Ctrl Pts',(12.9312991172963,-61.7948750690866,-9.20445065015366));
#8945=CARTESIAN_POINT('Ctrl Pts',(5.96927567676538,-64.1198103057533,-8.8758985478916));
#8946=CARTESIAN_POINT('Ctrl Pts',(8.37113519956,-63.6243689676897,-8.8711804517166));
#8947=CARTESIAN_POINT('Ctrl Pts',(10.715239216052,-62.8269896999458,-8.88017209400842));
#8948=CARTESIAN_POINT('Ctrl Pts',(12.9237818064893,-61.7530684854943,-9.0419376951284));
#8949=CARTESIAN_POINT('Ctrl Pts',(5.93555031403544,-63.9558495075105,-8.66543979757419));
#8950=CARTESIAN_POINT('Ctrl Pts',(8.32389799134979,-63.4564161061046,-8.65844806965664));
#8951=CARTESIAN_POINT('Ctrl Pts',(10.6549418911446,-62.6524721971292,-8.66384465702064));
#8952=CARTESIAN_POINT('Ctrl Pts',(12.8515642652536,-61.5685196773612,-8.82323272554266));
#8953=CARTESIAN_POINT('Ctrl Pts',(5.89796171083116,-63.7730870692168,-8.59985526650026));
#8954=CARTESIAN_POINT('Ctrl Pts',(8.27042923437496,-63.2707895901236,-8.59608819531952));
#8955=CARTESIAN_POINT('Ctrl Pts',(10.5844599859488,-62.4625321343236,-8.60719520582695));
#8956=CARTESIAN_POINT('Ctrl Pts',(12.7619947217155,-61.3756329603316,-8.77465101339671));
#8957=CARTESIAN_POINT('Ctrl Pts',(5.87531572503558,-63.6629731147062,-8.60000046964295));
#8958=CARTESIAN_POINT('Ctrl Pts',(8.23818771316324,-63.160258860117,-8.59998223778544));
#8959=CARTESIAN_POINT('Ctrl Pts',(10.5420237389842,-62.3515293082873,-8.61701775504753));
#8960=CARTESIAN_POINT('Ctrl Pts',(12.7079517696612,-61.2668674208476,-8.79243116855731));
#8961=CARTESIAN_POINT('',(12.7005405516559,-61.27140261169,-8.79174661595101));
#8962=CARTESIAN_POINT('Ctrl Pts',(12.7005405516559,-61.2713949398084,-8.79169906699025));
#8963=CARTESIAN_POINT('Ctrl Pts',(12.7015766098005,-61.3449742467683,-8.77982145669444));
#8964=CARTESIAN_POINT('Ctrl Pts',(12.7046206242314,-61.4208342831974,-8.7821512945508));
#8965=CARTESIAN_POINT('Ctrl Pts',(12.7104091640939,-61.5464729964778,-8.81035872722355));
#8966=CARTESIAN_POINT('Ctrl Pts',(12.7135837011183,-61.6112343529889,-8.83259732570907));
#8967=CARTESIAN_POINT('Ctrl Pts',(12.7192980043222,-61.7018179697251,-8.89341010526735));
#8968=CARTESIAN_POINT('Ctrl Pts',(12.7210049378665,-61.7268652001426,-8.91399523377576));
#8969=CARTESIAN_POINT('Ctrl Pts',(12.7240342611231,-61.7725680657313,-8.95953071849129));
#8970=CARTESIAN_POINT('Ctrl Pts',(12.7253922930872,-61.7932742093446,-8.98457478189988));
#8971=CARTESIAN_POINT('Ctrl Pts',(12.7286252566531,-61.8438086601342,-9.06002374807779));
#8972=CARTESIAN_POINT('Ctrl Pts',(12.7295833465071,-61.8608006189013,-9.10436013111119));
#8973=CARTESIAN_POINT('Ctrl Pts',(12.7305109880839,-61.8840545587875,-9.17967307123915));
#8974=CARTESIAN_POINT('Ctrl Pts',(12.730453176654,-61.8912117781769,-9.22533888347423));
#8975=CARTESIAN_POINT('Ctrl Pts',(12.7298219519313,-61.8915121849632,-9.27123707886316));
#8976=CARTESIAN_POINT('Ctrl Pts',(12.7005405516559,-61.27140261169,-8.79174661595101));
#8977=CARTESIAN_POINT('Ctrl Pts',(12.3903265734006,-61.4266334884839,-8.76670058161242));
#8978=CARTESIAN_POINT('Ctrl Pts',(12.0772867917595,-61.5763064827858,-8.74505074032863));
#8979=CARTESIAN_POINT('Ctrl Pts',(11.761652790809,-61.7202495773288,-8.72626670308363));
#8980=CARTESIAN_POINT('Ctrl Pts',(11.4418635035189,-61.8660876666208,-8.70723537608806));
#8981=CARTESIAN_POINT('Ctrl Pts',(11.1194112420896,-62.0060443371681,-8.69114563382181));
#8982=CARTESIAN_POINT('Ctrl Pts',(10.7945368578716,-62.1399780582181,-8.67748498942293));
#8983=CARTESIAN_POINT('Ctrl Pts',(10.4661615687489,-62.2753550731801,-8.66367713545844));
#8984=CARTESIAN_POINT('Ctrl Pts',(10.1353116731027,-62.4045789869612,-8.65235085010756));
#8985=CARTESIAN_POINT('Ctrl Pts',(9.80223589286487,-62.5275362415004,-8.64301914778985));
#8986=CARTESIAN_POINT('Ctrl Pts',(9.46544048663046,-62.6518666219996,-8.63358323362429));
#8987=CARTESIAN_POINT('Ctrl Pts',(9.12636920304519,-62.7697899467478,-8.62618652602891));
#8988=CARTESIAN_POINT('Ctrl Pts',(8.7852791902556,-62.8812165816938,-8.62037108435849));
#8989=CARTESIAN_POINT('Ctrl Pts',(8.44304066147136,-62.9930184116548,-8.61453606097202));
#8990=CARTESIAN_POINT('Ctrl Pts',(8.09876978569171,-63.0982800896731,-8.61029285453113));
#8991=CARTESIAN_POINT('Ctrl Pts',(7.75272631742213,-63.1969334253164,-8.60722658362993));
#8992=CARTESIAN_POINT('Ctrl Pts',(7.40615239912502,-63.2957379866564,-8.6041556124421));
#8993=CARTESIAN_POINT('Ctrl Pts',(7.05780044975877,-63.3879142647171,-8.60226508934749));
#8994=CARTESIAN_POINT('Ctrl Pts',(6.70793142019398,-63.4734108817694,-8.60118757843112));
#8995=CARTESIAN_POINT('Ctrl Pts',(6.43413866328708,-63.5403169309218,-8.60034436380089));
#8996=CARTESIAN_POINT('Ctrl Pts',(6.1594168513294,-63.6031327576608,-8.59999999999997));
#8997=CARTESIAN_POINT('Ctrl Pts',(5.88389104135179,-63.6618391406681,-8.59999999999997));
#8998=CARTESIAN_POINT('Ctrl Pts',(12.7005405516559,-60.4624806907182,-8.94516784440247));
#8999=CARTESIAN_POINT('Ctrl Pts',(-17.7807567723182,-60.4624806907183,-8.94516784440247));
#9000=CARTESIAN_POINT('Ctrl Pts',(12.7005405516559,-61.5124593352088,-8.71594256137971));
#9001=CARTESIAN_POINT('Ctrl Pts',(-17.7807567723182,-61.5124593352089,-8.71594256137971));
#9002=CARTESIAN_POINT('Ctrl Pts',(12.7005405516559,-62.5871301641246,-8.59999999999997));
#9003=CARTESIAN_POINT('Ctrl Pts',(-17.7807567723182,-62.5871301641247,-8.59999999999997));
#9004=CARTESIAN_POINT('Ctrl Pts',(12.7005405516559,-63.6618391406681,-8.59999999999997));
#9005=CARTESIAN_POINT('Ctrl Pts',(-17.7807567723182,-63.6618391406682,-8.59999999999997));
#9006=CARTESIAN_POINT('',(12.699997431948,-61.119361128672,-8.81708083011712));
#9007=CARTESIAN_POINT('Ctrl Pts',(12.7000000000001,-61.1193609837603,-8.81707998649884));
#9008=CARTESIAN_POINT('Ctrl Pts',(12.699999999998,-61.1586873023401,-8.81031957006438));
#9009=CARTESIAN_POINT('Ctrl Pts',(12.6998742465128,-61.1979517586226,-8.80372705611176));
#9010=CARTESIAN_POINT('Ctrl Pts',(12.7001883061819,-61.2387048421198,-8.7970593362137));
#9011=CARTESIAN_POINT('Ctrl Pts',(12.7002714203988,-61.249489928375,-8.79529475969444));
#9012=CARTESIAN_POINT('Ctrl Pts',(12.7003853377218,-61.2603793177657,-8.79352519180375));
#9013=CARTESIAN_POINT('Ctrl Pts',(12.7005405408526,-61.271401844445,-8.79174673974369));
#9014=CARTESIAN_POINT('Ctrl Pts',(12.7000000000001,-60.4624806907182,-8.94516784440247));
#9015=CARTESIAN_POINT('Ctrl Pts',(12.7000000000001,-60.5714650965182,-8.92137499738064));
#9016=CARTESIAN_POINT('Ctrl Pts',(12.7000047196573,-60.680715773222,-8.89880257965035));
#9017=CARTESIAN_POINT('Ctrl Pts',(12.7000115073196,-60.7902051432941,-8.87745358383384));
#9018=CARTESIAN_POINT('Ctrl Pts',(12.7000182949796,-60.8996944746069,-8.85610459557488));
#9019=CARTESIAN_POINT('Ctrl Pts',(12.7000271500409,-61.009422277944,-8.83597907140627));
#9020=CARTESIAN_POINT('Ctrl Pts',(12.7000360232457,-61.1193609825836,-8.81707998670111));
#9021=CARTESIAN_POINT('Ctrl Pts',(12.7,-47.4919926849589,-7.27438588164196));
#9022=CARTESIAN_POINT('Ctrl Pts',(-17.78,-47.491992684959,-7.27438588164196));
#9023=CARTESIAN_POINT('Ctrl Pts',(12.7,-48.1838669530439,-7.2407677592221));
#9024=CARTESIAN_POINT('Ctrl Pts',(-17.78,-48.183866953044,-7.2407677592221));
#9025=CARTESIAN_POINT('Ctrl Pts',(12.7,-48.8824848984637,-7.352976684271));
#9026=CARTESIAN_POINT('Ctrl Pts',(-17.78,-48.8824848984638,-7.352976684271));
#9027=CARTESIAN_POINT('Ctrl Pts',(12.7000000000001,-49.5290322292288,-7.60156616529079));
#9028=CARTESIAN_POINT('Ctrl Pts',(-17.7799999999999,-49.5290322292289,-7.60156616529079));
#9029=CARTESIAN_POINT('',(12.7,-48.0001561778125,-7.27575905472246));
#9030=CARTESIAN_POINT('Origin',(12.7,-47.9309048831692,-11.0452505713353));
#9031=CARTESIAN_POINT('',(12.1635453472128,-47.4919926849581,-7.27438588162337));
#9032=CARTESIAN_POINT('Ctrl Pts',(12.7,-47.99980176014,-7.27574001290697));
#9033=CARTESIAN_POINT('Ctrl Pts',(12.6221405429976,-47.9304802291643,-7.27201940748619));
#9034=CARTESIAN_POINT('Ctrl Pts',(12.5439995875002,-47.8600585170078,-7.26968976799181));
#9035=CARTESIAN_POINT('Ctrl Pts',(12.4673430482981,-47.7889194810136,-7.26888066683407));
#9036=CARTESIAN_POINT('Ctrl Pts',(12.4541930692294,-47.7767159972139,-7.26874187028261));
#9037=CARTESIAN_POINT('Ctrl Pts',(12.4410867726541,-47.7644914289698,-7.26864769752393));
#9038=CARTESIAN_POINT('Ctrl Pts',(12.4280330730786,-47.7522477368943,-7.26859864955492));
#9039=CARTESIAN_POINT('Ctrl Pts',(12.3640939351031,-47.6922761470461,-7.26835840464657));
#9040=CARTESIAN_POINT('Ctrl Pts',(12.3008022782907,-47.6312547592025,-7.269194223983));
#9041=CARTESIAN_POINT('Ctrl Pts',(12.2387798458214,-47.568933690933,-7.27124880356568));
#9042=CARTESIAN_POINT('Ctrl Pts',(12.2134763542586,-47.5435083639608,-7.27208701701629));
#9043=CARTESIAN_POINT('Ctrl Pts',(12.1883841151233,-47.5178668310706,-7.27312865868742));
#9044=CARTESIAN_POINT('Ctrl Pts',(12.1635453472271,-47.4919926849589,-7.27438588164196));
#9045=CARTESIAN_POINT('',(12.164036792988,-47.491992684959,-7.27438588164196));
#9046=CARTESIAN_POINT('Origin',(4.00169069489926E-14,-46.6155935101298,
-7.31697005640772));
#9047=CARTESIAN_POINT('',(10.9842453653262,-46.5077409078061,-7.32221060683064));
#9048=CARTESIAN_POINT('Ctrl Pts',(12.1635453472203,-47.4919926849519,-7.2743858816423));
#9049=CARTESIAN_POINT('Ctrl Pts',(11.985078173934,-47.3060862930957,-7.28341906025342));
#9050=CARTESIAN_POINT('Ctrl Pts',(11.7964252987971,-47.1298662628257,-7.29198157922038));
#9051=CARTESIAN_POINT('Ctrl Pts',(11.4026192325112,-46.8011642716423,-7.30795318604114));
#9052=CARTESIAN_POINT('Ctrl Pts',(11.197629704853,-46.6484549711377,-7.31537332030982));
#9053=CARTESIAN_POINT('Ctrl Pts',(10.9845374587885,-46.5079335038459,-7.3222012486025));
#9054=CARTESIAN_POINT('',(3.96810350016073E-14,-46.5075483117663,-7.32221996505878));
#9055=CARTESIAN_POINT('Ctrl Pts',(13.0005673640797,-46.5075483117663,-7.32221996505878));
#9056=CARTESIAN_POINT('Ctrl Pts',(-18.2001134728159,-46.5075483117664,-7.32221996505878));
#9057=CARTESIAN_POINT('Ctrl Pts',(13.0005673640797,-46.4696182379918,-7.32406298469741));
#9058=CARTESIAN_POINT('Ctrl Pts',(-18.2001134728159,-46.4696182379919,-7.32406298469741));
#9059=CARTESIAN_POINT('Ctrl Pts',(13.0005673640797,-46.4293344631239,-7.32715194195077));
#9060=CARTESIAN_POINT('Ctrl Pts',(-18.2001134728159,-46.429334463124,-7.32715194195077));
#9061=CARTESIAN_POINT('Ctrl Pts',(13.0005673640797,-46.34839382775,-7.33628899327453));
#9062=CARTESIAN_POINT('Ctrl Pts',(-18.2001134728159,-46.3483938277501,-7.33628899327453));
#9063=CARTESIAN_POINT('Ctrl Pts',(13.0005673640797,-46.3078641704698,-7.34202387942275));
#9064=CARTESIAN_POINT('Ctrl Pts',(-18.2001134728159,-46.3078641704699,-7.34202387942275));
#9065=CARTESIAN_POINT('Ctrl Pts',(13.0005673640797,-46.196566671964,-7.36196574229544));
#9066=CARTESIAN_POINT('Ctrl Pts',(-18.2001134728159,-46.1965666719641,-7.36196574229544));
#9067=CARTESIAN_POINT('Ctrl Pts',(13.0005673640797,-46.1235752765412,-7.37871175930011));
#9068=CARTESIAN_POINT('Ctrl Pts',(-18.2001134728159,-46.1235752765413,-7.37871175930011));
#9069=CARTESIAN_POINT('Ctrl Pts',(13.0005673640797,-45.9088061763499,-7.44447912076868));
#9070=CARTESIAN_POINT('Ctrl Pts',(-18.2001134728159,-45.90880617635,-7.44447912076868));
#9071=CARTESIAN_POINT('Ctrl Pts',(13.0005673640797,-45.7776661927161,-7.5021251641316));
#9072=CARTESIAN_POINT('Ctrl Pts',(-18.2001134728159,-45.7776661927162,-7.5021251641316));
#9073=CARTESIAN_POINT('Ctrl Pts',(13.0005673640797,-45.5170014118691,-7.64950744640884));
#9074=CARTESIAN_POINT('Ctrl Pts',(-18.2001134728159,-45.5170014118692,-7.64950744640884));
#9075=CARTESIAN_POINT('Ctrl Pts',(13.0005673640797,-45.3662749161435,-7.76095888522525));
#9076=CARTESIAN_POINT('Ctrl Pts',(-18.2001134728159,-45.3662749161436,-7.76095888522525));
#9077=CARTESIAN_POINT('Ctrl Pts',(13.0005673640797,-45.0633849365882,-8.07723033150623));
#9078=CARTESIAN_POINT('Ctrl Pts',(-18.2001134728159,-45.0633849365883,-8.07723033150623));
#9079=CARTESIAN_POINT('Ctrl Pts',(13.0005673640797,-44.9231770661426,-8.28819161314635));
#9080=CARTESIAN_POINT('Ctrl Pts',(-18.2001134728159,-44.9231770661427,-8.28819161314635));
#9081=CARTESIAN_POINT('Ctrl Pts',(13.0005673640797,-44.8281452420492,-8.53340996973729));
#9082=CARTESIAN_POINT('Ctrl Pts',(-18.2001134728159,-44.8281452420493,-8.53340996973729));
#9083=CARTESIAN_POINT('',(10.2900488615651,-44.8281688038687,-8.53341592833931));
#9084=CARTESIAN_POINT('Ctrl Pts',(10.9839532718638,-46.5075483117663,-7.32221996505878));
#9085=CARTESIAN_POINT('Ctrl Pts',(10.9579648927312,-46.4904144525392,-7.32305249808333));
#9086=CARTESIAN_POINT('Ctrl Pts',(10.9322156126732,-46.4728713369209,-7.32413548346765));
#9087=CARTESIAN_POINT('Ctrl Pts',(10.8016849693282,-46.3802879179791,-7.33121523509013));
#9088=CARTESIAN_POINT('Ctrl Pts',(10.7296445752073,-46.317071403685,-7.34031600074306));
#9089=CARTESIAN_POINT('Ctrl Pts',(10.586286179861,-46.1746460471587,-7.36599024388763));
#9090=CARTESIAN_POINT('Ctrl Pts',(10.5332097517706,-46.1003976580306,-7.38551103524134));
#9091=CARTESIAN_POINT('Ctrl Pts',(10.4480807739291,-45.9611606716473,-7.42883193282314));
#9092=CARTESIAN_POINT('Ctrl Pts',(10.383442525841,-45.8317578135695,-7.47052338543229));
#9093=CARTESIAN_POINT('Ctrl Pts',(10.3128493682086,-45.5256333787783,-7.64543277763634));
#9094=CARTESIAN_POINT('Ctrl Pts',(10.2989487075336,-45.3902137090462,-7.74401349790117));
#9095=CARTESIAN_POINT('Ctrl Pts',(10.285824684504,-45.1682248504896,-7.96345792367649));
#9096=CARTESIAN_POINT('Ctrl Pts',(10.2846538112702,-45.0826879070217,-8.06822954759248));
#9097=CARTESIAN_POINT('Ctrl Pts',(10.285769348354,-44.9366035475533,-8.29183277682506));
#9098=CARTESIAN_POINT('Ctrl Pts',(10.2881648386359,-44.8760175821296,-8.40988107115344));
#9099=CARTESIAN_POINT('Ctrl Pts',(10.2900265412304,-44.8281452420492,-8.53340996973728));
#9100=CARTESIAN_POINT('',(3.44604015258541E-14,-44.8281452420492,-8.53340996973729));
#9101=CARTESIAN_POINT('Origin',(13.0001120253696,-46.5996665686227,-9.21994545405698));
#9102=CARTESIAN_POINT('',(10.2912422319081,-44.8179298437928,-8.56037512033412));
#9103=CARTESIAN_POINT('Origin',(10.3417184147011,-44.8423991598933,-8.5365390818795));
#9104=CARTESIAN_POINT('',(3.44286429058376E-14,-44.8179289485298,-8.56037753874855));
#9105=CARTESIAN_POINT('Ctrl Pts',(13.0005994193679,-44.8179289485297,-8.56037753874855));
#9106=CARTESIAN_POINT('Ctrl Pts',(-18.2001198838736,-44.8179289485298,-8.56037753874855));
#9107=CARTESIAN_POINT('Ctrl Pts',(13.0005994193679,-44.7974473785616,-8.61570578916919));
#9108=CARTESIAN_POINT('Ctrl Pts',(-18.2001198838736,-44.7974473785617,-8.61570578916919));
#9109=CARTESIAN_POINT('Ctrl Pts',(13.0005994193679,-44.7802359690133,-8.67008746576404));
#9110=CARTESIAN_POINT('Ctrl Pts',(-18.2001198838736,-44.7802359690134,-8.67008746576404));
#9111=CARTESIAN_POINT('Ctrl Pts',(13.0005994193679,-44.7509816444318,-8.77813161921037));
#9112=CARTESIAN_POINT('Ctrl Pts',(-18.2001198838736,-44.7509816444319,-8.77813161921037));
#9113=CARTESIAN_POINT('Ctrl Pts',(13.0005994193679,-44.7393600926982,-8.83077401873125));
#9114=CARTESIAN_POINT('Ctrl Pts',(-18.2001198838736,-44.7393600926983,-8.83077401873125));
#9115=CARTESIAN_POINT('Ctrl Pts',(13.0005994193679,-44.6973775213402,-9.06207778077817));
#9116=CARTESIAN_POINT('Ctrl Pts',(-18.2001198838736,-44.6973775213403,-9.06207778077817));
#9117=CARTESIAN_POINT('Ctrl Pts',(13.0005994193679,-44.6948490985172,-9.23277279641859));
#9118=CARTESIAN_POINT('Ctrl Pts',(-18.2001198838736,-44.6948490985173,-9.23277279641859));
#9119=CARTESIAN_POINT('Ctrl Pts',(13.0005994193679,-44.7056640261767,-9.36964385946393));
#9120=CARTESIAN_POINT('Ctrl Pts',(-18.2001198838736,-44.7056640261768,-9.36964385946393));
#9121=CARTESIAN_POINT('',(10.8975405289082,-44.7056665021646,-9.36967519065323));
#9122=CARTESIAN_POINT('Ctrl Pts',(10.2911532076554,-44.8179276179827,-8.56038113305636));
#9123=CARTESIAN_POINT('Ctrl Pts',(10.2960862104118,-44.7924832244929,-8.6291162187276));
#9124=CARTESIAN_POINT('Ctrl Pts',(10.3157367516543,-44.7721945185321,-8.69607932043541));
#9125=CARTESIAN_POINT('Ctrl Pts',(10.3897313263127,-44.7323660655722,-8.85605772858234));
#9126=CARTESIAN_POINT('Ctrl Pts',(10.4530960947203,-44.7192540575806,-8.94059396682227));
#9127=CARTESIAN_POINT('Ctrl Pts',(10.6212738849279,-44.6973430242143,-9.13707039446743));
#9128=CARTESIAN_POINT('Ctrl Pts',(10.7637417395065,-44.6972356846667,-9.26297684341793));
#9129=CARTESIAN_POINT('Ctrl Pts',(10.8975012393878,-44.7056640261767,-9.36964385946392));
#9130=CARTESIAN_POINT('',(3.40796534212062E-14,-44.7056640261767,-9.36964385946412));
#9131=CARTESIAN_POINT('Ctrl Pts',(13.0003714175697,-44.7056640261767,-9.36964385946412));
#9132=CARTESIAN_POINT('Ctrl Pts',(-18.2000742835139,-44.7056640261768,-9.36964385946412));
#9133=CARTESIAN_POINT('Ctrl Pts',(13.0003714175697,-44.7244871901033,-9.60786518998347));
#9134=CARTESIAN_POINT('Ctrl Pts',(-18.2000742835139,-44.7244871901034,-9.60786518998347));
#9135=CARTESIAN_POINT('Ctrl Pts',(13.0003714175697,-44.7739165315059,-9.86017079755272));
#9136=CARTESIAN_POINT('Ctrl Pts',(-18.2000742835139,-44.773916531506,-9.86017079755272));
#9137=CARTESIAN_POINT('Ctrl Pts',(13.0003714175697,-44.9536382665368,-10.3627997604286));
#9138=CARTESIAN_POINT('Ctrl Pts',(-18.2000742835139,-44.9536382665369,-10.3627997604286));
#9139=CARTESIAN_POINT('Ctrl Pts',(13.0003714175697,-45.077689655018,-10.6058611478485));
#9140=CARTESIAN_POINT('Ctrl Pts',(-18.2000742835139,-45.0776896550181,-10.6058611478485));
#9141=CARTESIAN_POINT('Ctrl Pts',(13.0003714175697,-45.2433674318478,-10.8359222675512));
#9142=CARTESIAN_POINT('Ctrl Pts',(-18.2000742835139,-45.2433674318479,-10.8359222675512));
#9143=CARTESIAN_POINT('',(12.703522743675,-45.2433671127979,-10.8359224980757));
#9144=CARTESIAN_POINT('',(12.7223930868513,-45.1202029609004,-10.6501599278643));
#9145=CARTESIAN_POINT('Ctrl Pts',(12.7035225197793,-45.2433674255325,-10.8359222587818));
#9146=CARTESIAN_POINT('Ctrl Pts',(12.7054244656568,-45.2215857315407,-10.8056760722149));
#9147=CARTESIAN_POINT('Ctrl Pts',(12.7079845667532,-45.2004119748979,-10.775050129271));
#9148=CARTESIAN_POINT('Ctrl Pts',(12.7111552117382,-45.179855449716,-10.7440618978479));
#9149=CARTESIAN_POINT('Ctrl Pts',(12.714322789133,-45.1593188129147,-10.713103647452));
#9150=CARTESIAN_POINT('Ctrl Pts',(12.7180979356682,-45.1394112011402,-10.6818029213188));
#9151=CARTESIAN_POINT('Ctrl Pts',(12.7224292704176,-45.1201490201216,-10.6501974109384));
#9152=CARTESIAN_POINT('',(3.57511713851135E-14,-45.2433674318479,-10.8359222675512));
#9153=CARTESIAN_POINT('Ctrl Pts',(10.8975798184286,-44.7056689781525,-9.36970652184253));
#9154=CARTESIAN_POINT('Ctrl Pts',(10.97292402712,-44.710417691611,-9.42978856211405));
#9155=CARTESIAN_POINT('Ctrl Pts',(11.0500513039535,-44.7170011073382,-9.48933991462071));
#9156=CARTESIAN_POINT('Ctrl Pts',(11.1283439771927,-44.7253447970335,-9.548255915118));
#9157=CARTESIAN_POINT('Ctrl Pts',(11.2096115712532,-44.734005525542,-9.609410572559));
#9158=CARTESIAN_POINT('Ctrl Pts',(11.2921348084749,-44.744562140502,-9.66988117318146));
#9159=CARTESIAN_POINT('Ctrl Pts',(11.3752228980162,-44.7569355676697,-9.7296086700053));
#9160=CARTESIAN_POINT('Ctrl Pts',(11.4621595311194,-44.7698821175766,-9.79210267493685));
#9161=CARTESIAN_POINT('Ctrl Pts',(11.5497145549995,-44.7848168935678,-9.85378361920255));
#9162=CARTESIAN_POINT('Ctrl Pts',(11.6370966741462,-44.8016655636238,-9.91463861777593));
#9163=CARTESIAN_POINT('Ctrl Pts',(11.6790330302763,-44.8097515637653,-9.94384409959978));
#9164=CARTESIAN_POINT('Ctrl Pts',(11.7209295625677,-44.8182786875046,-9.97286008865903));
#9165=CARTESIAN_POINT('Ctrl Pts',(11.7626988042567,-44.8272407477063,-10.0016888452894));
#9166=CARTESIAN_POINT('Ctrl Pts',(11.8187882923516,-44.8392753777036,-10.040401307772));
#9167=CARTESIAN_POINT('Ctrl Pts',(11.8751410241331,-44.852179356799,-10.0790489577376));
#9168=CARTESIAN_POINT('Ctrl Pts',(11.9316208298371,-44.8659656179441,-10.1176050852983));
#9169=CARTESIAN_POINT('Ctrl Pts',(12.0683853816317,-44.8993487325446,-10.2109678622955));
#9170=CARTESIAN_POINT('Ctrl Pts',(12.2058596956997,-44.9379430201088,-10.3038327927728));
#9171=CARTESIAN_POINT('Ctrl Pts',(12.3423001283953,-44.9819261362963,-10.3955366953938));
#9172=CARTESIAN_POINT('Ctrl Pts',(12.4703408433134,-45.0232015084842,-10.4815950068518));
#9173=CARTESIAN_POINT('Ctrl Pts',(12.5974710566273,-45.0692224444865,-10.5666305674301));
#9174=CARTESIAN_POINT('Ctrl Pts',(12.7222497392785,-45.1200993666442,-10.6501159361741));
#9175=CARTESIAN_POINT('Origin',(13.0046843475485,-47.6002698892344,-9.13840950649348));
#9176=CARTESIAN_POINT('',(12.7000403302225,-45.3686900828825,-10.9976007211918));
#9177=CARTESIAN_POINT('Ctrl Pts',(12.70004032612,-45.3686893922365,-10.9976012966915));
#9178=CARTESIAN_POINT('Ctrl Pts',(12.6998938477584,-45.3638426632106,-10.9917837871554));
#9179=CARTESIAN_POINT('Ctrl Pts',(12.6997918723057,-45.3589654032566,-10.9858820631232));
#9180=CARTESIAN_POINT('Ctrl Pts',(12.6997154788563,-45.3542621131411,-10.9801463761493));
#9181=CARTESIAN_POINT('Ctrl Pts',(12.6996177983312,-45.3482482487047,-10.9728124369145));
#9182=CARTESIAN_POINT('Ctrl Pts',(12.6995681030223,-45.3422722116575,-10.9654513824295));
#9183=CARTESIAN_POINT('Ctrl Pts',(12.6995655775222,-45.3363321867037,-10.9580610408212));
#9184=CARTESIAN_POINT('Ctrl Pts',(12.6995631892075,-45.3307148246046,-10.9510721434389));
#9185=CARTESIAN_POINT('Ctrl Pts',(12.6996029854642,-45.325129945638,-10.9440573839032));
#9186=CARTESIAN_POINT('Ctrl Pts',(12.699684295719,-45.3195777761434,-10.937017054739));
#9187=CARTESIAN_POINT('Ctrl Pts',(12.699793573113,-45.3121159053779,-10.9275551630548));
#9188=CARTESIAN_POINT('Ctrl Pts',(12.6999778259681,-45.30471362223,-10.9180477295229));
#9189=CARTESIAN_POINT('Ctrl Pts',(12.7002354043651,-45.2973714538603,-10.9084954997923));
#9190=CARTESIAN_POINT('Ctrl Pts',(12.7008804379092,-45.2789850327184,-10.8845745938927));
#9191=CARTESIAN_POINT('Ctrl Pts',(12.7019851424284,-45.2609802270056,-10.8603786785082));
#9192=CARTESIAN_POINT('Ctrl Pts',(12.7035229693854,-45.2433664807312,-10.8359229675025));
#9193=CARTESIAN_POINT('',(3.61407533698466E-14,-45.3686903805103,-10.9976004760147));
#9194=CARTESIAN_POINT('Origin',(13.0079507605944,-44.1494926902582,-12.0134480563705));
#9195=CARTESIAN_POINT('',(12.700000065307,-45.4632239660462,-11.1232236037056));
#9196=CARTESIAN_POINT('Ctrl Pts',(12.7000001318382,-45.4632240370917,-11.1232235518962));
#9197=CARTESIAN_POINT('Ctrl Pts',(12.7002458924717,-45.4556441149636,-11.112037630529));
#9198=CARTESIAN_POINT('Ctrl Pts',(12.700430905575,-45.4479884622887,-11.1010452888756));
#9199=CARTESIAN_POINT('Ctrl Pts',(12.7006737836309,-45.4327456073444,-11.0797378739881));
#9200=CARTESIAN_POINT('Ctrl Pts',(12.7007367559551,-45.4251918757716,-11.0694436300365));
#9201=CARTESIAN_POINT('Ctrl Pts',(12.7007481569353,-45.4095873168474,-11.0487071372354));
#9202=CARTESIAN_POINT('Ctrl Pts',(12.700692801106,-45.4015304769562,-11.0382737763069));
#9203=CARTESIAN_POINT('Ctrl Pts',(12.7004456669067,-45.3843860153572,-11.0166349963829));
#9204=CARTESIAN_POINT('Ctrl Pts',(12.7002532742813,-45.3760941266383,-11.0064860879151));
#9205=CARTESIAN_POINT('Ctrl Pts',(12.7000403783013,-45.3686904767386,-10.9976003918751));
#9206=CARTESIAN_POINT('',(3.64346226727955E-14,-45.4632239293143,-11.1232236278259));
#9207=CARTESIAN_POINT('Ctrl Pts',(13.,-45.4632239293143,-11.1232236278259));
#9208=CARTESIAN_POINT('Ctrl Pts',(-18.2,-45.4632239293144,-11.1232236278259));
#9209=CARTESIAN_POINT('Ctrl Pts',(13.,-45.5033843412798,-11.1802286809985));
#9210=CARTESIAN_POINT('Ctrl Pts',(-18.2,-45.5033843412799,-11.1802286809985));
#9211=CARTESIAN_POINT('Ctrl Pts',(13.,-45.5936638477938,-11.3191573018592));
#9212=CARTESIAN_POINT('Ctrl Pts',(-18.2,-45.5936638477939,-11.3191573018592));
#9213=CARTESIAN_POINT('Ctrl Pts',(13.,-45.7072235587617,-11.5393950909511));
#9214=CARTESIAN_POINT('Ctrl Pts',(-18.2,-45.7072235587618,-11.5393950909511));
#9215=CARTESIAN_POINT('Ctrl Pts',(13.,-45.7971020387077,-11.8399331390089));
#9216=CARTESIAN_POINT('Ctrl Pts',(-18.2,-45.7971020387078,-11.8399331390089));
#9217=CARTESIAN_POINT('Ctrl Pts',(13.,-45.8030459406434,-12.2198317000565));
#9218=CARTESIAN_POINT('Ctrl Pts',(-18.2,-45.8030459406435,-12.2198317000565));
#9219=CARTESIAN_POINT('Ctrl Pts',(13.,-45.702267023783,-12.6254861416818));
#9220=CARTESIAN_POINT('Ctrl Pts',(-18.2,-45.7022670237831,-12.6254861416818));
#9221=CARTESIAN_POINT('Ctrl Pts',(13.,-45.5597689327494,-13.0368315527622));
#9222=CARTESIAN_POINT('Ctrl Pts',(-18.2,-45.5597689327495,-13.0368315527622));
#9223=CARTESIAN_POINT('Ctrl Pts',(13.,-45.4113230442078,-13.4689354002456));
#9224=CARTESIAN_POINT('Ctrl Pts',(-18.2,-45.4113230442079,-13.4689354002456));
#9225=CARTESIAN_POINT('Ctrl Pts',(13.,-45.2442922144926,-13.9412926954522));
#9226=CARTESIAN_POINT('Ctrl Pts',(-18.2,-45.2442922144927,-13.9412926954522));
#9227=CARTESIAN_POINT('Ctrl Pts',(13.,-45.0258386898045,-14.4680129986303));
#9228=CARTESIAN_POINT('Ctrl Pts',(-18.2,-45.0258386898046,-14.4680129986303));
#9229=CARTESIAN_POINT('Ctrl Pts',(13.,-44.7110371776722,-15.0495586702781));
#9230=CARTESIAN_POINT('Ctrl Pts',(-18.2,-44.7110371776723,-15.0495586702781));
#9231=CARTESIAN_POINT('Ctrl Pts',(13.,-44.2596605720514,-15.6628745932252));
#9232=CARTESIAN_POINT('Ctrl Pts',(-18.2,-44.2596605720515,-15.6628745932252));
#9233=CARTESIAN_POINT('Ctrl Pts',(13.,-43.6349984805051,-16.2685604340307));
#9234=CARTESIAN_POINT('Ctrl Pts',(-18.2,-43.6349984805052,-16.2685604340307));
#9235=CARTESIAN_POINT('Ctrl Pts',(13.,-42.8041868260672,-16.8180296193253));
#9236=CARTESIAN_POINT('Ctrl Pts',(-18.2,-42.8041868260673,-16.8180296193253));
#9237=CARTESIAN_POINT('Ctrl Pts',(13.,-41.7385450878577,-17.2603466811155));
#9238=CARTESIAN_POINT('Ctrl Pts',(-18.2,-41.7385450878578,-17.2603466811155));
#9239=CARTESIAN_POINT('Ctrl Pts',(13.,-40.6794950085892,-17.491442103086));
#9240=CARTESIAN_POINT('Ctrl Pts',(-18.2,-40.6794950085893,-17.491442103086));
#9241=CARTESIAN_POINT('Ctrl Pts',(13.,-39.7617184961391,-17.5802620054547));
#9242=CARTESIAN_POINT('Ctrl Pts',(-18.2,-39.7617184961392,-17.5802620054547));
#9243=CARTESIAN_POINT('Ctrl Pts',(13.,-39.0941085295269,-17.6));
#9244=CARTESIAN_POINT('Ctrl Pts',(-18.2,-39.094108529527,-17.6));
#9245=CARTESIAN_POINT('Ctrl Pts',(13.,-38.7463636399219,-17.6));
#9246=CARTESIAN_POINT('Ctrl Pts',(-18.2,-38.746363639922,-17.6));
#9247=CARTESIAN_POINT('Ctrl Pts',(12.7,-38.7463636399219,-17.6));
#9248=CARTESIAN_POINT('Ctrl Pts',(12.7,-39.0941085295269,-17.6));
#9249=CARTESIAN_POINT('Ctrl Pts',(12.7,-39.7617184961391,-17.5802620054547));
#9250=CARTESIAN_POINT('Ctrl Pts',(12.7,-40.6794950085892,-17.491442103086));
#9251=CARTESIAN_POINT('Ctrl Pts',(12.7,-41.7385450878577,-17.2603466811155));
#9252=CARTESIAN_POINT('Ctrl Pts',(12.7,-42.8041868260672,-16.8180296193253));
#9253=CARTESIAN_POINT('Ctrl Pts',(12.7,-43.6349984805051,-16.2685604340307));
#9254=CARTESIAN_POINT('Ctrl Pts',(12.7,-44.2596605720514,-15.6628745932252));
#9255=CARTESIAN_POINT('Ctrl Pts',(12.7,-44.7110371776722,-15.0495586702781));
#9256=CARTESIAN_POINT('Ctrl Pts',(12.7,-45.0258386898045,-14.4680129986303));
#9257=CARTESIAN_POINT('Ctrl Pts',(12.7,-45.2442922144926,-13.9412926954522));
#9258=CARTESIAN_POINT('Ctrl Pts',(12.7,-45.4113230442078,-13.4689354002456));
#9259=CARTESIAN_POINT('Ctrl Pts',(12.7,-45.5597689327494,-13.0368315527622));
#9260=CARTESIAN_POINT('Ctrl Pts',(12.7,-45.702267023783,-12.6254861416818));
#9261=CARTESIAN_POINT('Ctrl Pts',(12.7,-45.8030459406434,-12.2198317000565));
#9262=CARTESIAN_POINT('Ctrl Pts',(12.7,-45.7971020387077,-11.8399331390089));
#9263=CARTESIAN_POINT('Ctrl Pts',(12.7,-45.7072235587617,-11.5393950909511));
#9264=CARTESIAN_POINT('Ctrl Pts',(12.7,-45.5936638477938,-11.3191573018592));
#9265=CARTESIAN_POINT('Ctrl Pts',(12.7,-45.5033843412798,-11.1802286809985));
#9266=CARTESIAN_POINT('Ctrl Pts',(12.7,-45.4632239293143,-11.1232236278259));
#9267=CARTESIAN_POINT('Origin',(13.0046843475484,0.10754260937999,-9.13840950650187));
#9268=CARTESIAN_POINT('',(12.7035227477577,-2.24936016704261,-10.8359224980803));
#9269=CARTESIAN_POINT('',(12.700040335289,-2.12403719670952,-10.997600721494));
#9270=CARTESIAN_POINT('Ctrl Pts',(12.7035229728324,-2.24936079912827,-10.8359229674808));
#9271=CARTESIAN_POINT('Ctrl Pts',(12.7026252820582,-2.23907895073589,-10.8501987444209));
#9272=CARTESIAN_POINT('Ctrl Pts',(12.701875159625,-2.22866366404166,-10.8643862843873));
#9273=CARTESIAN_POINT('Ctrl Pts',(12.7012778896766,-2.21811639887821,-10.8784830120038));
#9274=CARTESIAN_POINT('Ctrl Pts',(12.7008520145745,-2.21059581687035,-10.8885344892768));
#9275=CARTESIAN_POINT('Ctrl Pts',(12.7005038901221,-2.20300877045257,-10.8985389474487));
#9276=CARTESIAN_POINT('Ctrl Pts',(12.7002354091658,-2.19535582603138,-10.90849549973));
#9277=CARTESIAN_POINT('Ctrl Pts',(12.699973674984,-2.18789519577025,-10.9182018494899));
#9278=CARTESIAN_POINT('Ctrl Pts',(12.6997876516626,-2.18037249991852,-10.9278619397353));
#9279=CARTESIAN_POINT('Ctrl Pts',(12.6996790700613,-2.17278829178396,-10.9374749884783));
#9280=CARTESIAN_POINT('Ctrl Pts',(12.6995949853762,-2.16691514435658,-10.9449192531257));
#9281=CARTESIAN_POINT('Ctrl Pts',(12.6995573460325,-2.16100543453424,-10.952334895715));
#9282=CARTESIAN_POINT('Ctrl Pts',(12.6995669446306,-2.15505943048353,-10.9597215710443));
#9283=CARTESIAN_POINT('Ctrl Pts',(12.6995773046371,-2.14864175986126,-10.967694194146));
#9284=CARTESIAN_POINT('Ctrl Pts',(12.6996426935001,-2.14218219149653,-10.9756326095406));
#9285=CARTESIAN_POINT('Ctrl Pts',(12.6997641208043,-2.13567955788213,-10.9835382108329));
#9286=CARTESIAN_POINT('Ctrl Pts',(12.6998366291941,-2.13179661329875,-10.9882589153253));
#9287=CARTESIAN_POINT('Ctrl Pts',(12.6999233924683,-2.12792698676249,-10.9929332264747));
#9288=CARTESIAN_POINT('Ctrl Pts',(12.7000403303391,-2.12403788734532,-10.9976012970059));
#9289=CARTESIAN_POINT('',(-9.79010526082891E-14,-2.24935984799599,-10.8359222675512));
#9290=CARTESIAN_POINT('',(-9.82906345930222E-14,-2.12403689933355,-10.9976004760146));
#9291=CARTESIAN_POINT('Origin',(13.0079507605943,-3.34323458960243,-12.0134480563824));
#9292=CARTESIAN_POINT('Ctrl Pts',(12.7000403841737,-2.12403680286289,-10.9976003921659));
#9293=CARTESIAN_POINT('Ctrl Pts',(12.7002532797535,-2.11663315500133,-11.006486085764));
#9294=CARTESIAN_POINT('Ctrl Pts',(12.7004456717832,-2.10834126941363,-11.0166349903655));
#9295=CARTESIAN_POINT('Ctrl Pts',(12.7006928047461,-2.09119680849717,-11.038273769043));
#9296=CARTESIAN_POINT('Ctrl Pts',(12.7007481599222,-2.08313996577212,-11.0487071335476));
#9297=CARTESIAN_POINT('Ctrl Pts',(12.7007367576103,-2.06753531984976,-11.0694437419568));
#9298=CARTESIAN_POINT('Ctrl Pts',(12.7006737833873,-2.05998150675624,-11.0797380998629));
#9299=CARTESIAN_POINT('Ctrl Pts',(12.7004309027764,-2.04473870826069,-11.1010454477666));
#9300=CARTESIAN_POINT('Ctrl Pts',(12.7002458961439,-2.03708327854954,-11.1120374627837));
#9301=CARTESIAN_POINT('Ctrl Pts',(12.700000131838,-2.02950324275217,-11.1232235518961));
#9302=CARTESIAN_POINT('Ctrl Pts',(13.0003714175696,-2.78706325366711,-9.3696438594641));
#9303=CARTESIAN_POINT('Ctrl Pts',(-18.200074283514,-2.78706325366721,-9.3696438594641));
#9304=CARTESIAN_POINT('Ctrl Pts',(13.0003714175696,-2.76824008974046,-9.60786518998346));
#9305=CARTESIAN_POINT('Ctrl Pts',(-18.200074283514,-2.76824008974056,-9.60786518998346));
#9306=CARTESIAN_POINT('Ctrl Pts',(13.0003714175696,-2.71881074833785,-9.8601707975527));
#9307=CARTESIAN_POINT('Ctrl Pts',(-18.200074283514,-2.71881074833795,-9.8601707975527));
#9308=CARTESIAN_POINT('Ctrl Pts',(13.0003714175696,-2.53908901330699,-10.3627997604286));
#9309=CARTESIAN_POINT('Ctrl Pts',(-18.200074283514,-2.53908901330709,-10.3627997604286));
#9310=CARTESIAN_POINT('Ctrl Pts',(13.0003714175696,-2.41503762482575,-10.6058611478485));
#9311=CARTESIAN_POINT('Ctrl Pts',(-18.200074283514,-2.41503762482585,-10.6058611478485));
#9312=CARTESIAN_POINT('Ctrl Pts',(13.0003714175696,-2.24935984799595,-10.8359222675512));
#9313=CARTESIAN_POINT('Ctrl Pts',(-18.200074283514,-2.24935984799605,-10.8359222675512));
#9314=CARTESIAN_POINT('',(12.7223930868513,-2.37252431894337,-10.6501599278643));
#9315=CARTESIAN_POINT('Ctrl Pts',(12.7224292704175,-2.37257825972221,-10.6501974109383));
#9316=CARTESIAN_POINT('Ctrl Pts',(12.7181066848658,-2.35335498787027,-10.681739078908));
#9317=CARTESIAN_POINT('Ctrl Pts',(12.7143380284866,-2.33348881734726,-10.7129773109765));
#9318=CARTESIAN_POINT('Ctrl Pts',(12.7111743938511,-2.31299612920186,-10.7438745056543));
#9319=CARTESIAN_POINT('Ctrl Pts',(12.707994894448,-2.29240067579716,-10.7749266413626));
#9320=CARTESIAN_POINT('Ctrl Pts',(12.7054283043715,-2.27118546812163,-10.8056150849011));
#9321=CARTESIAN_POINT('Ctrl Pts',(12.7035225244971,-2.24935985428897,-10.8359222588127));
#9322=CARTESIAN_POINT('',(10.897540528908,-2.78706077767922,-9.36967519065322));
#9323=CARTESIAN_POINT('Ctrl Pts',(10.8975798184285,-2.78705830169131,-9.36970652184253));
#9324=CARTESIAN_POINT('Ctrl Pts',(10.9729240271199,-2.78230958823285,-9.42978856211408));
#9325=CARTESIAN_POINT('Ctrl Pts',(11.0500513039535,-2.77572617250559,-9.48933991462077));
#9326=CARTESIAN_POINT('Ctrl Pts',(11.1283439771927,-2.76738248281025,-9.54825591511809));
#9327=CARTESIAN_POINT('Ctrl Pts',(11.2096115712533,-2.75872175430178,-9.60941057255911));
#9328=CARTESIAN_POINT('Ctrl Pts',(11.292134808475,-2.74816513934171,-9.6698811731816));
#9329=CARTESIAN_POINT('Ctrl Pts',(11.3752228980164,-2.73579171217399,-9.72960867000546));
#9330=CARTESIAN_POINT('Ctrl Pts',(11.4621595311195,-2.72284516226718,-9.79210267493694));
#9331=CARTESIAN_POINT('Ctrl Pts',(11.5497145549994,-2.70791038627599,-9.85378361920258));
#9332=CARTESIAN_POINT('Ctrl Pts',(11.6370966741461,-2.69106171622,-9.9146386177759));
#9333=CARTESIAN_POINT('Ctrl Pts',(11.6790330302762,-2.68297571607849,-9.94384409959974));
#9334=CARTESIAN_POINT('Ctrl Pts',(11.7209295625676,-2.67444859233923,-9.97286008865898));
#9335=CARTESIAN_POINT('Ctrl Pts',(11.7626988042565,-2.66548653213747,-10.0016888452893));
#9336=CARTESIAN_POINT('Ctrl Pts',(11.8187882923514,-2.65345190214018,-10.040401307772));
#9337=CARTESIAN_POINT('Ctrl Pts',(11.875141024133,-2.6405479230448,-10.0790489577376));
#9338=CARTESIAN_POINT('Ctrl Pts',(11.931620829837,-2.62676166189972,-10.1176050852983));
#9339=CARTESIAN_POINT('Ctrl Pts',(12.0683853816421,-2.59337854729664,-10.2109678623026));
#9340=CARTESIAN_POINT('Ctrl Pts',(12.2058596957205,-2.55478425972916,-10.3038327927869));
#9341=CARTESIAN_POINT('Ctrl Pts',(12.3423001284263,-2.51080114353741,-10.3955366954147));
#9342=CARTESIAN_POINT('Ctrl Pts',(12.470340843334,-2.4695257713521,-10.4815950068655));
#9343=CARTESIAN_POINT('Ctrl Pts',(12.5974710566374,-2.42350483535316,-10.5666305674368));
#9344=CARTESIAN_POINT('Ctrl Pts',(12.7222497392785,-2.37262791319958,-10.6501159361741));
#9345=CARTESIAN_POINT('',(-9.62295346443818E-14,-2.78706325366715,-9.3696438594641));
#9346=CARTESIAN_POINT('Ctrl Pts',(13.0005994193678,-2.67479833131408,-8.56037753874853));
#9347=CARTESIAN_POINT('Ctrl Pts',(-18.2001198838737,-2.67479833131418,-8.56037753874853));
#9348=CARTESIAN_POINT('Ctrl Pts',(13.0005994193678,-2.69527990128224,-8.61570578916917));
#9349=CARTESIAN_POINT('Ctrl Pts',(-18.2001198838737,-2.69527990128234,-8.61570578916917));
#9350=CARTESIAN_POINT('Ctrl Pts',(13.0005994193678,-2.71249131083046,-8.67008746576403));
#9351=CARTESIAN_POINT('Ctrl Pts',(-18.2001198838737,-2.71249131083056,-8.67008746576403));
#9352=CARTESIAN_POINT('Ctrl Pts',(13.0005994193678,-2.74174563541203,-8.77813161921035));
#9353=CARTESIAN_POINT('Ctrl Pts',(-18.2001198838737,-2.74174563541213,-8.77813161921035));
#9354=CARTESIAN_POINT('Ctrl Pts',(13.0005994193678,-2.75336718714561,-8.83077401873124));
#9355=CARTESIAN_POINT('Ctrl Pts',(-18.2001198838737,-2.75336718714571,-8.83077401873124));
#9356=CARTESIAN_POINT('Ctrl Pts',(13.0005994193678,-2.79534975850362,-9.06207778077816));
#9357=CARTESIAN_POINT('Ctrl Pts',(-18.2001198838737,-2.79534975850372,-9.06207778077816));
#9358=CARTESIAN_POINT('Ctrl Pts',(13.0005994193678,-2.79787818132662,-9.23277279641858));
#9359=CARTESIAN_POINT('Ctrl Pts',(-18.2001198838737,-2.79787818132672,-9.23277279641858));
#9360=CARTESIAN_POINT('Ctrl Pts',(13.0005994193678,-2.78706325366712,-9.36964385946391));
#9361=CARTESIAN_POINT('Ctrl Pts',(-18.2001198838737,-2.78706325366722,-9.36964385946391));
#9362=CARTESIAN_POINT('',(10.291242231908,-2.67479743605103,-8.5603751203341));
#9363=CARTESIAN_POINT('Ctrl Pts',(10.2911532076552,-2.67479966186113,-8.56038113305634));
#9364=CARTESIAN_POINT('Ctrl Pts',(10.2960862104115,-2.70024405535076,-8.62911621872708));
#9365=CARTESIAN_POINT('Ctrl Pts',(10.3157367516545,-2.72053276131176,-8.69607932043582));
#9366=CARTESIAN_POINT('Ctrl Pts',(10.3897313263128,-2.76036121427205,-8.85605772858347));
#9367=CARTESIAN_POINT('Ctrl Pts',(10.4530960947223,-2.77347322226355,-8.94059396682474));
#9368=CARTESIAN_POINT('Ctrl Pts',(10.6212738849277,-2.79538425562955,-9.13707039446748));
#9369=CARTESIAN_POINT('Ctrl Pts',(10.7637417395065,-2.79549159517718,-9.26297684341806));
#9370=CARTESIAN_POINT('Ctrl Pts',(10.8975012393876,-2.78706325366713,-9.36964385946391));
#9371=CARTESIAN_POINT('',(-9.65785241290132E-14,-2.67479833131413,-8.56037753874853));
#9372=CARTESIAN_POINT('Origin',(13.0001120253694,-0.89306071066004,-9.21994545426716));
#9373=CARTESIAN_POINT('',(10.2900488615649,-2.66455847597513,-8.53341592833929));
#9374=CARTESIAN_POINT('Origin',(10.3417184142989,-2.6503281201427,-8.53653908206308));
#9375=CARTESIAN_POINT('',(-9.66102827490298E-14,-2.66458203779468,-8.53340996973727));
#9376=CARTESIAN_POINT('Ctrl Pts',(13.0005673640796,-0.985178968077504,-7.32221996505876));
#9377=CARTESIAN_POINT('Ctrl Pts',(-18.200113472816,-0.985178968077601,-7.32221996505876));
#9378=CARTESIAN_POINT('Ctrl Pts',(13.0005673640796,-1.02310904185201,-7.3240629846974));
#9379=CARTESIAN_POINT('Ctrl Pts',(-18.200113472816,-1.02310904185211,-7.3240629846974));
#9380=CARTESIAN_POINT('Ctrl Pts',(13.0005673640796,-1.06339281671988,-7.32715194195075));
#9381=CARTESIAN_POINT('Ctrl Pts',(-18.200113472816,-1.06339281671998,-7.32715194195075));
#9382=CARTESIAN_POINT('Ctrl Pts',(13.0005673640796,-1.14433345209383,-7.33628899327451));
#9383=CARTESIAN_POINT('Ctrl Pts',(-18.200113472816,-1.14433345209393,-7.33628899327451));
#9384=CARTESIAN_POINT('Ctrl Pts',(13.0005673640796,-1.18486310937402,-7.34202387942273));
#9385=CARTESIAN_POINT('Ctrl Pts',(-18.200113472816,-1.18486310937412,-7.34202387942273));
#9386=CARTESIAN_POINT('Ctrl Pts',(13.0005673640796,-1.29616060787976,-7.36196574229542));
#9387=CARTESIAN_POINT('Ctrl Pts',(-18.200113472816,-1.29616060787986,-7.36196574229542));
#9388=CARTESIAN_POINT('Ctrl Pts',(13.0005673640796,-1.36915200330256,-7.37871175930009));
#9389=CARTESIAN_POINT('Ctrl Pts',(-18.200113472816,-1.36915200330266,-7.37871175930009));
#9390=CARTESIAN_POINT('Ctrl Pts',(13.0005673640796,-1.58392110349386,-7.44447912076866));
#9391=CARTESIAN_POINT('Ctrl Pts',(-18.200113472816,-1.58392110349396,-7.44447912076866));
#9392=CARTESIAN_POINT('Ctrl Pts',(13.0005673640796,-1.71506108712772,-7.50212516413158));
#9393=CARTESIAN_POINT('Ctrl Pts',(-18.200113472816,-1.71506108712782,-7.50212516413158));
#9394=CARTESIAN_POINT('Ctrl Pts',(13.0005673640796,-1.97572586797475,-7.64950744640883));
#9395=CARTESIAN_POINT('Ctrl Pts',(-18.200113472816,-1.97572586797485,-7.64950744640883));
#9396=CARTESIAN_POINT('Ctrl Pts',(13.0005673640796,-2.12645236370031,-7.76095888522524));
#9397=CARTESIAN_POINT('Ctrl Pts',(-18.200113472816,-2.12645236370041,-7.76095888522524));
#9398=CARTESIAN_POINT('Ctrl Pts',(13.0005673640796,-2.42934234325556,-8.07723033150621));
#9399=CARTESIAN_POINT('Ctrl Pts',(-18.200113472816,-2.42934234325566,-8.07723033150621));
#9400=CARTESIAN_POINT('Ctrl Pts',(13.0005673640796,-2.5695502137012,-8.28819161314633));
#9401=CARTESIAN_POINT('Ctrl Pts',(-18.200113472816,-2.5695502137013,-8.28819161314633));
#9402=CARTESIAN_POINT('Ctrl Pts',(13.0005673640796,-2.66458203779464,-8.53340996973727));
#9403=CARTESIAN_POINT('Ctrl Pts',(-18.200113472816,-2.66458203779474,-8.53340996973727));
#9404=CARTESIAN_POINT('',(10.9846766663789,-0.98495687707155,-7.32220917367228));
#9405=CARTESIAN_POINT('Ctrl Pts',(10.9842094932826,-0.985178968077511,-7.32221996505876));
#9406=CARTESIAN_POINT('Ctrl Pts',(10.9690501055338,-0.995170871668094,-7.32270547095718));
#9407=CARTESIAN_POINT('Ctrl Pts',(10.9539761562221,-1.00529928714936,-7.3232760980794));
#9408=CARTESIAN_POINT('Ctrl Pts',(10.8300637910438,-1.09038595222531,-7.32877481911462));
#9409=CARTESIAN_POINT('Ctrl Pts',(10.7503888550591,-1.15678444520077,-7.33733987614935));
#9410=CARTESIAN_POINT('Ctrl Pts',(10.5929629683733,-1.30932977356226,-7.36387632997776));
#9411=CARTESIAN_POINT('Ctrl Pts',(10.5360749322466,-1.38803170965905,-7.38458289122463));
#9412=CARTESIAN_POINT('Ctrl Pts',(10.4072223616619,-1.58982032370825,-7.44607345316271));
#9413=CARTESIAN_POINT('Ctrl Pts',(10.3636961440323,-1.72155922738276,-7.50526660831654));
#9414=CARTESIAN_POINT('Ctrl Pts',(10.303976998819,-1.96064539642405,-7.64161033466146));
#9415=CARTESIAN_POINT('Ctrl Pts',(10.287536517741,-2.09439611940966,-7.73716339021772));
#9416=CARTESIAN_POINT('Ctrl Pts',(10.277010467304,-2.31971431608031,-7.95788328557562));
#9417=CARTESIAN_POINT('Ctrl Pts',(10.2785450957822,-2.40650853862578,-8.06342624689844));
#9418=CARTESIAN_POINT('Ctrl Pts',(10.2840535934768,-2.55470865823462,-8.28909428735761));
#9419=CARTESIAN_POINT('Ctrl Pts',(10.2881432398678,-2.6161543009676,-8.4084479356878));
#9420=CARTESIAN_POINT('Ctrl Pts',(10.2900265412302,-2.66458203779465,-8.53340996973727));
#9421=CARTESIAN_POINT('',(-1.01830916224783E-13,-0.985178968077554,-7.32221996505876));
#9422=CARTESIAN_POINT('Origin',(-1.02166788172168E-13,-0.877133769714051,
-7.31697005640771));
#9423=CARTESIAN_POINT('Origin',(7.2942817783979,4.60007386892007,-7.05083291934303));
#9424=CARTESIAN_POINT('Origin',(-12.85,-20.7733838096196,-19.45));
#9425=CARTESIAN_POINT('Ctrl Pts',(-12.7079392040055,-39.0449067022157,-19.5920607959945));
#9426=CARTESIAN_POINT('Ctrl Pts',(-12.8052928026703,-39.0420132054733,-19.4947071973297));
#9427=CARTESIAN_POINT('Ctrl Pts',(-12.9026464013351,-39.0391197087309,-19.3973535986648));
#9428=CARTESIAN_POINT('Ctrl Pts',(-13.,-39.0362262119884,-19.2999999999999));
#9429=CARTESIAN_POINT('Ctrl Pts',(-19.47116412147,46.3803930704674,-17.8993053152859));
#9430=CARTESIAN_POINT('Ctrl Pts',(-19.47116412147,17.8657416911059,-16.2028092303939));
#9431=CARTESIAN_POINT('Ctrl Pts',(-19.47116412147,-10.6489096882556,-14.5063131455016));
#9432=CARTESIAN_POINT('Ctrl Pts',(-19.47116412147,-39.1635610676171,-12.8098170606099));
#9433=CARTESIAN_POINT('Ctrl Pts',(-19.47116412147,-40.3896594881437,-12.7368696083531));
#9434=CARTESIAN_POINT('Ctrl Pts',(-19.47116412147,-41.8038871270837,-12.2352559827773));
#9435=CARTESIAN_POINT('Ctrl Pts',(-19.47116412147,-42.4530185527203,-11.4684333495183));
#9436=CARTESIAN_POINT('Ctrl Pts',(-19.47116412147,-42.7253419102095,-10.9661540212295));
#9437=CARTESIAN_POINT('Ctrl Pts',(-17.3141094143133,64.8240699214262,-21.1574918268711));
#9438=CARTESIAN_POINT('Ctrl Pts',(-17.3141094143133,30.1188233538235,-19.0926826120184));
#9439=CARTESIAN_POINT('Ctrl Pts',(-17.3141094143133,-4.58642321377921,-17.0278733971656));
#9440=CARTESIAN_POINT('Ctrl Pts',(-17.3141094143133,-39.2916697813819,-14.9630641823131));
#9441=CARTESIAN_POINT('Ctrl Pts',(-17.3141094143133,-40.7839569370062,-14.8742796734886));
#9442=CARTESIAN_POINT('Ctrl Pts',(-17.3141094143133,-43.0179956483409,-14.1611471311788));
#9443=CARTESIAN_POINT('Ctrl Pts',(-17.3141094143133,-44.1773577474254,-12.8136733803783));
#9444=CARTESIAN_POINT('Ctrl Pts',(-17.3141094143133,-44.6216188493617,-11.9942682073505));
#9445=CARTESIAN_POINT('Ctrl Pts',(-15.1570547071567,83.2677467723851,-24.4156783384564));
#9446=CARTESIAN_POINT('Ctrl Pts',(-15.1570547071567,42.3719050165411,-21.982555993643));
#9447=CARTESIAN_POINT('Ctrl Pts',(-15.1570547071567,1.47606326069721,-19.5494336488295));
#9448=CARTESIAN_POINT('Ctrl Pts',(-15.1570547071567,-39.4197784951467,-17.1163113040163));
#9449=CARTESIAN_POINT('Ctrl Pts',(-15.1570547071567,-41.1782543858686,-17.011689738624));
#9450=CARTESIAN_POINT('Ctrl Pts',(-15.1570547071567,-44.2321041695981,-16.0870382795802));
#9451=CARTESIAN_POINT('Ctrl Pts',(-15.1570547071567,-45.9016969421304,-14.1589134112382));
#9452=CARTESIAN_POINT('Ctrl Pts',(-15.1570547071567,-46.517895788514,-13.0223823934716));
#9453=CARTESIAN_POINT('Ctrl Pts',(-13.,101.711423623344,-27.6738648500416));
#9454=CARTESIAN_POINT('Ctrl Pts',(-13.,54.6249866792588,-24.8724293752676));
#9455=CARTESIAN_POINT('Ctrl Pts',(-13.,7.53854973517363,-22.0709939004935));
#9456=CARTESIAN_POINT('Ctrl Pts',(-13.,-39.5478872089115,-19.2695584257195));
#9457=CARTESIAN_POINT('Ctrl Pts',(-13.,-41.572551834731,-19.1490998037595));
#9458=CARTESIAN_POINT('Ctrl Pts',(-13.,-45.4462126908553,-18.0129294279817));
#9459=CARTESIAN_POINT('Ctrl Pts',(-13.,-47.6260361368354,-15.5041534420982));
#9460=CARTESIAN_POINT('Ctrl Pts',(-13.,-48.4141727276662,-14.0504965795926));
#9461=CARTESIAN_POINT('Ctrl Pts',(-12.9,102.56646345102,-27.8249127813145));
#9462=CARTESIAN_POINT('Ctrl Pts',(-12.9,55.1930335452963,-25.0064024901838));
#9463=CARTESIAN_POINT('Ctrl Pts',(-12.9,7.81960363957218,-22.187892199053));
#9464=CARTESIAN_POINT('Ctrl Pts',(-12.9,-39.5538262661519,-19.3693819079223));
#9465=CARTESIAN_POINT('Ctrl Pts',(-12.9,-41.5908312713885,-19.2481890877746));
#9466=CARTESIAN_POINT('Ctrl Pts',(-12.9,-45.5024981674002,-18.1022127985894));
#9467=CARTESIAN_POINT('Ctrl Pts',(-12.9,-47.7059756575617,-15.5665181112184));
#9468=CARTESIAN_POINT('Ctrl Pts',(-12.9,-48.502083198034,-14.0981594498346));
#9469=CARTESIAN_POINT('Ctrl Pts',(-12.8,103.421503278689,-27.9759607125871));
#9470=CARTESIAN_POINT('Ctrl Pts',(-12.8,55.7610804113288,-25.1403756050998));
#9471=CARTESIAN_POINT('Ctrl Pts',(-12.8,8.10065754396826,-22.3047904976124));
#9472=CARTESIAN_POINT('Ctrl Pts',(-12.8,-39.5597653233923,-19.4692053901251));
#9473=CARTESIAN_POINT('Ctrl Pts',(-12.8,-41.6091107080459,-19.3472783717897));
#9474=CARTESIAN_POINT('Ctrl Pts',(-12.8,-45.5587836439451,-18.1914961691971));
#9475=CARTESIAN_POINT('Ctrl Pts',(-12.8,-47.7859151782881,-15.6288827803386));
#9476=CARTESIAN_POINT('Ctrl Pts',(-12.8,-48.5899936684019,-14.1458223200766));
#9477=CARTESIAN_POINT('Ctrl Pts',(-12.7,104.276543106358,-28.1270086438596));
#9478=CARTESIAN_POINT('Ctrl Pts',(-12.7,56.3291272773614,-25.2743487200157));
#9479=CARTESIAN_POINT('Ctrl Pts',(-12.7,8.38171144836433,-22.4216887961718));
#9480=CARTESIAN_POINT('Ctrl Pts',(-12.7,-39.5657043806327,-19.5690288723279));
#9481=CARTESIAN_POINT('Ctrl Pts',(-12.7,-41.6273901447033,-19.4463676558048));
#9482=CARTESIAN_POINT('Ctrl Pts',(-12.7,-45.61506912049,-18.2807795398048));
#9483=CARTESIAN_POINT('Ctrl Pts',(-12.7,-47.8658546990144,-15.6912474494588));
#9484=CARTESIAN_POINT('Ctrl Pts',(-12.7,-48.6779041387697,-14.1934851903187));
#9485=CARTESIAN_POINT('Ctrl Pts',(33.0417383270616,495.386623670862,-97.2189581149429));
#9486=CARTESIAN_POINT('Ctrl Pts',(33.0417383270616,316.163638313033,-86.5559803734576));
#9487=CARTESIAN_POINT('Ctrl Pts',(33.0417383270616,136.940652955201,-75.8930026319763));
#9488=CARTESIAN_POINT('Ctrl Pts',(33.0417383270616,-42.2823324026311,-65.230024890491));
#9489=CARTESIAN_POINT('Ctrl Pts',(33.0417383270616,-49.9887222281911,-64.7715286601493));
#9490=CARTESIAN_POINT('Ctrl Pts',(33.0417383270616,-71.361024517799,-59.1205452927576));
#9491=CARTESIAN_POINT('Ctrl Pts',(33.0417383270616,-84.4315810895428,-44.2179312069581));
#9492=CARTESIAN_POINT('Ctrl Pts',(33.0417383270616,-88.8896814564939,-35.9953105756265));
#9493=CARTESIAN_POINT('Ctrl Pts',(78.7834766541232,886.496704235365,-166.310907586026));
#9494=CARTESIAN_POINT('Ctrl Pts',(78.7834766541232,575.998149348705,-147.837612026899));
#9495=CARTESIAN_POINT('Ctrl Pts',(78.7834766541232,265.499594462038,-129.364316467781));
#9496=CARTESIAN_POINT('Ctrl Pts',(78.7834766541232,-44.9989604246294,-110.891020908654));
#9497=CARTESIAN_POINT('Ctrl Pts',(78.7834766541232,-58.3500543116788,-110.096689664494));
#9498=CARTESIAN_POINT('Ctrl Pts',(78.7834766541232,-97.106979915108,-99.9603110457105));
#9499=CARTESIAN_POINT('Ctrl Pts',(78.7834766541232,-120.997307480071,-72.7446149644574));
#9500=CARTESIAN_POINT('Ctrl Pts',(78.7834766541232,-129.101458774218,-57.7971359609343));
#9501=CARTESIAN_POINT('Ctrl Pts',(124.525214981185,1277.60678479987,-235.40285705711));
#9502=CARTESIAN_POINT('Ctrl Pts',(124.525214981185,835.832660384378,-209.119243680341));
#9503=CARTESIAN_POINT('Ctrl Pts',(124.525214981185,394.058535968875,-182.835630303585));
#9504=CARTESIAN_POINT('Ctrl Pts',(124.525214981185,-47.7155884466278,-156.552016926817));
#9505=CARTESIAN_POINT('Ctrl Pts',(124.525214981185,-66.7113863951666,-155.421850668838));
#9506=CARTESIAN_POINT('Ctrl Pts',(124.525214981185,-122.852935312417,-140.800076798663));
#9507=CARTESIAN_POINT('Ctrl Pts',(124.525214981185,-157.563033870599,-101.271298721957));
#9508=CARTESIAN_POINT('Ctrl Pts',(124.525214981185,-169.313236091942,-79.5989613462421));
#9509=CARTESIAN_POINT('Ctrl Pts',(12.7,-48.6779041387696,-14.1934851903187));
#9510=CARTESIAN_POINT('Ctrl Pts',(-17.78,-48.6779041387697,-14.1934851903187));
#9511=CARTESIAN_POINT('Ctrl Pts',(12.7000000000001,-49.0679155303402,-13.4741394038045));
#9512=CARTESIAN_POINT('Ctrl Pts',(-17.7799999999999,-49.0679155303403,-13.4741394038045));
#9513=CARTESIAN_POINT('Ctrl Pts',(12.7000000000001,-50.1479727966128,-12.4347270550383));
#9514=CARTESIAN_POINT('Ctrl Pts',(-17.7799999999999,-50.1479727966129,-12.4347270550383));
#9515=CARTESIAN_POINT('Ctrl Pts',(12.7000000000001,-51.5806197874905,-12.1));
#9516=CARTESIAN_POINT('Ctrl Pts',(-17.7799999999999,-51.5806197874906,-12.1));
#9517=CARTESIAN_POINT('Ctrl Pts',(12.7000000000001,-52.1943229534823,-12.1));
#9518=CARTESIAN_POINT('Ctrl Pts',(-17.7799999999999,-52.1943229534824,-12.1));
#9519=CARTESIAN_POINT('Ctrl Pts',(12.7000000000001,-52.1943229534823,-12.1));
#9520=CARTESIAN_POINT('Ctrl Pts',(12.7000000000001,-51.3738481529801,-12.1));
#9521=CARTESIAN_POINT('Ctrl Pts',(12.7,-49.947958914649,-12.554352538511));
#9522=CARTESIAN_POINT('Ctrl Pts',(12.7,-48.9712005184186,-13.6525227480404));
#9523=CARTESIAN_POINT('Ctrl Pts',(12.7,-48.6779041387696,-14.1934851903187));
#9524=CARTESIAN_POINT('Origin',(12.85,-37.0309480527604,-11.95));
#9525=CARTESIAN_POINT('',(13.,-61.2041043550643,-11.8));
#9526=CARTESIAN_POINT('',(13.,-61.2041043550643,-11.8));
#9527=CARTESIAN_POINT('',(13.,-52.1943229534823,-11.8));
#9528=CARTESIAN_POINT('',(13.,-52.1943229534823,-11.8));
#9529=CARTESIAN_POINT('',(13.,-37.0309480527604,-11.8));
#9530=CARTESIAN_POINT('Ctrl Pts',(12.7000000000001,-61.2041043550643,-12.1));
#9531=CARTESIAN_POINT('Ctrl Pts',(12.7000000000001,-61.2491756416009,-12.1));
#9532=CARTESIAN_POINT('Ctrl Pts',(12.6998063880829,-61.2993895771763,-12.1));
#9533=CARTESIAN_POINT('Ctrl Pts',(12.700490865363,-61.3511004471143,-12.1));
#9534=CARTESIAN_POINT('Ctrl Pts',(12.8000000000001,-61.2041043550643,-12.));
#9535=CARTESIAN_POINT('Ctrl Pts',(12.8000000000001,-61.2419521676881,-12.));
#9536=CARTESIAN_POINT('Ctrl Pts',(12.7998709253886,-61.2841299756676,-11.9990593484443));
#9537=CARTESIAN_POINT('Ctrl Pts',(12.8003272435753,-61.3266685130283,-11.997143720496));
#9538=CARTESIAN_POINT('Ctrl Pts',(12.9,-61.2041043550643,-11.9));
#9539=CARTESIAN_POINT('Ctrl Pts',(12.9,-61.2347286937754,-11.9));
#9540=CARTESIAN_POINT('Ctrl Pts',(12.8999354626943,-61.2688703741589,-11.8981186968886));
#9541=CARTESIAN_POINT('Ctrl Pts',(12.9001636217877,-61.3022365789423,-11.894287440992));
#9542=CARTESIAN_POINT('Ctrl Pts',(13.,-61.2041043550643,-11.8));
#9543=CARTESIAN_POINT('Ctrl Pts',(13.,-61.2275052198626,-11.8));
#9544=CARTESIAN_POINT('Ctrl Pts',(13.,-61.2536107726502,-11.7971780453329));
#9545=CARTESIAN_POINT('Ctrl Pts',(13.,-61.2778046448564,-11.7914311614881));
#9546=CARTESIAN_POINT('',(13.,-61.2778046448564,-11.7914311614881));
#9547=CARTESIAN_POINT('',(12.7004908653629,-61.3511004471143,-12.1));
#9548=CARTESIAN_POINT('Origin',(13.,-61.2345710992548,-11.762595524166));
#9549=CARTESIAN_POINT('Ctrl Pts',(12.700490865363,-61.3511004471143,-12.1));
#9550=CARTESIAN_POINT('Ctrl Pts',(12.7023666134924,-61.4928094130371,-12.0999999999999));
#9551=CARTESIAN_POINT('Ctrl Pts',(12.7133810962891,-61.6993628021488,-12.0287577552288));
#9552=CARTESIAN_POINT('Ctrl Pts',(12.7273329549261,-61.8660551487179,-11.7900869411267));
#9553=CARTESIAN_POINT('Ctrl Pts',(12.729675836832,-61.8915876557478,-11.6597249014861));
#9554=CARTESIAN_POINT('Ctrl Pts',(12.729675836832,-61.8915876557478,-11.6));
#9555=CARTESIAN_POINT('Ctrl Pts',(12.8003272435753,-61.3266685130283,-11.997143720496));
#9556=CARTESIAN_POINT('Ctrl Pts',(12.8015777423282,-61.4432415304324,-11.9918941152201));
#9557=CARTESIAN_POINT('Ctrl Pts',(12.8089207308594,-61.6052915373178,-11.9275415078022));
#9558=CARTESIAN_POINT('Ctrl Pts',(12.8182219699507,-61.7294566945651,-11.743070120508));
#9559=CARTESIAN_POINT('Ctrl Pts',(12.8197838912213,-61.748222479233,-11.6449501427893));
#9560=CARTESIAN_POINT('Ctrl Pts',(12.8197838912213,-61.748222479233,-11.6));
#9561=CARTESIAN_POINT('Ctrl Pts',(12.9001636217877,-61.3022365789423,-11.894287440992));
#9562=CARTESIAN_POINT('Ctrl Pts',(12.9007888711641,-61.3936736478276,-11.8837882304403));
#9563=CARTESIAN_POINT('Ctrl Pts',(12.9044603654297,-61.5112202724867,-11.8263252603757));
#9564=CARTESIAN_POINT('Ctrl Pts',(12.9091109849753,-61.5928582404123,-11.6960532998894));
#9565=CARTESIAN_POINT('Ctrl Pts',(12.9098919456107,-61.6048573027182,-11.6301753840924));
#9566=CARTESIAN_POINT('Ctrl Pts',(12.9098919456107,-61.6048573027182,-11.6));
#9567=CARTESIAN_POINT('Ctrl Pts',(13.,-61.2778046448564,-11.7914311614881));
#9568=CARTESIAN_POINT('Ctrl Pts',(13.,-61.3441057652228,-11.7756823456605));
#9569=CARTESIAN_POINT('Ctrl Pts',(13.,-61.4171490076557,-11.7251090129492));
#9570=CARTESIAN_POINT('Ctrl Pts',(13.,-61.4562597862596,-11.6490364792707));
#9571=CARTESIAN_POINT('Ctrl Pts',(13.,-61.4614921262034,-11.6154006253956));
#9572=CARTESIAN_POINT('Ctrl Pts',(13.,-61.4614921262034,-11.6));
#9573=CARTESIAN_POINT('',(13.,-61.4614921262034,-11.6));
#9574=CARTESIAN_POINT('Ctrl Pts',(13.,-61.2778046448564,-11.7914311614881));
#9575=CARTESIAN_POINT('Ctrl Pts',(13.,-61.3441057652228,-11.7756823456605));
#9576=CARTESIAN_POINT('Ctrl Pts',(13.,-61.4171490076557,-11.7251090129492));
#9577=CARTESIAN_POINT('Ctrl Pts',(13.,-61.4562597862596,-11.6490364792707));
#9578=CARTESIAN_POINT('Ctrl Pts',(13.,-61.4614921262034,-11.6154006253956));
#9579=CARTESIAN_POINT('Ctrl Pts',(13.,-61.4614921262034,-11.6));
#9580=CARTESIAN_POINT('',(13.,-61.4614921262034,-11.6));
#9581=CARTESIAN_POINT('Origin',(12.864837918416,-61.6765398909756,-9.59999999999997));
#9582=CARTESIAN_POINT('',(13.,-61.4614921262034,-9.29166293955433));
#9583=CARTESIAN_POINT('',(13.,-61.4614921262034,-9.29166293955433));
#9584=CARTESIAN_POINT('',(13.,-61.4614921262034,-9.59999999999997));
#9585=CARTESIAN_POINT('Ctrl Pts',(12.729675836832,-61.8915876557478,-9.29166293955432));
#9586=CARTESIAN_POINT('Ctrl Pts',(12.729675836832,-61.8915876557478,-9.28485579969299));
#9587=CARTESIAN_POINT('Ctrl Pts',(12.7297225565296,-61.8915654619262,-9.27805539228428));
#9588=CARTESIAN_POINT('Ctrl Pts',(12.7298162831704,-61.8915209369243,-9.27125450301948));
#9589=CARTESIAN_POINT('Ctrl Pts',(12.8197838912213,-61.748222479233,-9.29166293955432));
#9590=CARTESIAN_POINT('Ctrl Pts',(12.8197838912213,-61.748222479233,-9.28653312838509));
#9591=CARTESIAN_POINT('Ctrl Pts',(12.8198150376864,-61.7481973026372,-9.28141052051521));
#9592=CARTESIAN_POINT('Ctrl Pts',(12.8198775221136,-61.7481470206506,-9.27629010892692));
#9593=CARTESIAN_POINT('Ctrl Pts',(12.9098919456107,-61.6048573027182,-9.29166293955433));
#9594=CARTESIAN_POINT('Ctrl Pts',(12.9098919456107,-61.6048573027182,-9.2882104570772));
#9595=CARTESIAN_POINT('Ctrl Pts',(12.9099075188432,-61.6048291433482,-9.28476564874613));
#9596=CARTESIAN_POINT('Ctrl Pts',(12.9099387610568,-61.6047731043769,-9.28132571483437));
#9597=CARTESIAN_POINT('Ctrl Pts',(13.,-61.4614921262034,-9.29166293955433));
#9598=CARTESIAN_POINT('Ctrl Pts',(13.,-61.4614921262034,-9.2898877857693));
#9599=CARTESIAN_POINT('Ctrl Pts',(13.,-61.4614609840592,-9.28812077697705));
#9600=CARTESIAN_POINT('Ctrl Pts',(13.,-61.4613991881032,-9.28636132074182));
#9601=CARTESIAN_POINT('',(13.,-61.4613991881032,-9.28636132074182));
#9602=CARTESIAN_POINT('',(12.7298162831704,-61.8915209369243,-9.27125450301947));
#9603=CARTESIAN_POINT('Ctrl Pts',(13.,-61.4614921262034,-9.29166293955433));
#9604=CARTESIAN_POINT('Ctrl Pts',(13.,-61.4614921262034,-9.2898877857693));
#9605=CARTESIAN_POINT('Ctrl Pts',(13.,-61.4614609840592,-9.28812077697705));
#9606=CARTESIAN_POINT('Ctrl Pts',(13.,-61.4613991881032,-9.28636132074182));
#9607=CARTESIAN_POINT('Ctrl Pts',(12.7298162831704,-61.8915209369243,-9.27125450301948));
#9608=CARTESIAN_POINT('Ctrl Pts',(12.7307664784082,-61.891069545042,-9.20230748281467));
#9609=CARTESIAN_POINT('Ctrl Pts',(12.7303085040183,-61.8752825374801,-9.13382849283379));
#9610=CARTESIAN_POINT('Ctrl Pts',(12.726635530258,-61.8126485162725,-9.00214902837787));
#9611=CARTESIAN_POINT('Ctrl Pts',(12.7232202235582,-61.7635642073483,-8.94285966784298));
#9612=CARTESIAN_POINT('Ctrl Pts',(12.7153413150512,-61.6421237881401,-8.84771023373051));
#9613=CARTESIAN_POINT('Ctrl Pts',(12.7110001406998,-61.5698362163736,-8.81539862794622));
#9614=CARTESIAN_POINT('Ctrl Pts',(12.704550829062,-61.430970730767,-8.78343110673944));
#9615=CARTESIAN_POINT('Ctrl Pts',(12.702271707844,-61.3651662066175,-8.78067244030571));
#9616=CARTESIAN_POINT('Ctrl Pts',(12.7008587791431,-61.292016200773,-8.7886390528321));
#9617=CARTESIAN_POINT('Ctrl Pts',(12.7006850174326,-61.2816546841918,-8.7900428778991));
#9618=CARTESIAN_POINT('Ctrl Pts',(12.7005405516559,-61.2713949398084,-8.79169906699025));
#9619=CARTESIAN_POINT('Ctrl Pts',(12.8198775221136,-61.7481470206506,-9.27629010892693));
#9620=CARTESIAN_POINT('Ctrl Pts',(12.8205050155478,-61.7476078091865,-9.22440378810496));
#9621=CARTESIAN_POINT('Ctrl Pts',(12.8202043559222,-61.7358771967958,-9.17301785892615));
#9622=CARTESIAN_POINT('Ctrl Pts',(12.8177568032262,-61.6892302878139,-9.07333701417775));
#9623=CARTESIAN_POINT('Ctrl Pts',(12.8154773510349,-61.6525516255525,-9.02772826993933));
#9624=CARTESIAN_POINT('Ctrl Pts',(12.8102295888546,-61.560142736184,-8.95245819478175));
#9625=CARTESIAN_POINT('Ctrl Pts',(12.8073344216372,-61.5041948551146,-8.92544699046998));
#9626=CARTESIAN_POINT('Ctrl Pts',(12.8030330011534,-61.3941244855408,-8.8961985305178));
#9627=CARTESIAN_POINT('Ctrl Pts',(12.8015177908922,-61.3409612339721,-8.89175467910792));
#9628=CARTESIAN_POINT('Ctrl Pts',(12.8005719248963,-61.2806887788726,-8.89565782131027));
#9629=CARTESIAN_POINT('Ctrl Pts',(12.8004571999086,-61.2721355188115,-8.89643312117326));
#9630=CARTESIAN_POINT('Ctrl Pts',(12.8003603677706,-61.2636302623053,-8.89741465684815));
#9631=CARTESIAN_POINT('Ctrl Pts',(12.9099387610568,-61.6047731043769,-9.28132571483437));
#9632=CARTESIAN_POINT('Ctrl Pts',(12.9102614628603,-61.6042344401481,-9.24642775037095));
#9633=CARTESIAN_POINT('Ctrl Pts',(12.9101041480961,-61.596503169122,-9.21224359460313));
#9634=CARTESIAN_POINT('Ctrl Pts',(12.9088787270318,-61.565801936748,-9.14446346997953));
#9635=CARTESIAN_POINT('Ctrl Pts',(12.9077428725233,-61.5415844771194,-9.11257111259747));
#9636=CARTESIAN_POINT('Ctrl Pts',(12.9051117261966,-61.4781249768252,-9.05721249758894));
#9637=CARTESIAN_POINT('Ctrl Pts',(12.9036657190626,-61.4385251732982,-9.03545102027181));
#9638=CARTESIAN_POINT('Ctrl Pts',(12.9015178279086,-61.3573011787896,-9.00899502187319));
#9639=CARTESIAN_POINT('Ctrl Pts',(12.9007539169518,-61.3166957883981,-9.00282612321891));
#9640=CARTESIAN_POINT('Ctrl Pts',(12.9002868542469,-61.2693722675999,-9.00267869572848));
#9641=CARTESIAN_POINT('Ctrl Pts',(12.900227817524,-61.2626068649555,-9.0028218669288));
#9642=CARTESIAN_POINT('Ctrl Pts',(12.9001801838853,-61.2558655848023,-9.00313024670605));
#9643=CARTESIAN_POINT('Ctrl Pts',(13.,-61.4613991881032,-9.28636132074182));
#9644=CARTESIAN_POINT('Ctrl Pts',(13.,-61.4607727042926,-9.26852405566123));
#9645=CARTESIAN_POINT('Ctrl Pts',(13.,-61.4570978284376,-9.25143296069549));
#9646=CARTESIAN_POINT('Ctrl Pts',(13.,-61.4423837082894,-9.21565145577941));
#9647=CARTESIAN_POINT('Ctrl Pts',(13.,-61.4305718953236,-9.19743971469381));
#9648=CARTESIAN_POINT('Ctrl Pts',(13.,-61.3961439248692,-9.16196045864018));
#9649=CARTESIAN_POINT('Ctrl Pts',(13.,-61.3728838120392,-9.14549938279557));
#9650=CARTESIAN_POINT('Ctrl Pts',(13.,-61.3204549335634,-9.12176244565156));
#9651=CARTESIAN_POINT('Ctrl Pts',(13.,-61.2924908157527,-9.11390836202112));
#9652=CARTESIAN_POINT('Ctrl Pts',(13.,-61.2580448456995,-9.10969746420664));
#9653=CARTESIAN_POINT('Ctrl Pts',(13.,-61.2530876995752,-9.10921211020296));
#9654=CARTESIAN_POINT('Ctrl Pts',(13.,-61.2481009072993,-9.10884583656395));
#9655=CARTESIAN_POINT('',(13.,-61.2481009072993,-9.10884583656395));
#9656=CARTESIAN_POINT('Ctrl Pts',(13.,-61.4613991881032,-9.28636132074182));
#9657=CARTESIAN_POINT('Ctrl Pts',(13.,-61.4607727042926,-9.26852405566123));
#9658=CARTESIAN_POINT('Ctrl Pts',(13.,-61.4570978284376,-9.25143296069549));
#9659=CARTESIAN_POINT('Ctrl Pts',(13.,-61.4423837082894,-9.21565145577941));
#9660=CARTESIAN_POINT('Ctrl Pts',(13.,-61.4305718953236,-9.19743971469381));
#9661=CARTESIAN_POINT('Ctrl Pts',(13.,-61.3961439248692,-9.16196045864018));
#9662=CARTESIAN_POINT('Ctrl Pts',(13.,-61.3728838120392,-9.14549938279557));
#9663=CARTESIAN_POINT('Ctrl Pts',(13.,-61.3204549335634,-9.12176244565156));
#9664=CARTESIAN_POINT('Ctrl Pts',(13.,-61.2924908157527,-9.11390836202112));
#9665=CARTESIAN_POINT('Ctrl Pts',(13.,-61.2580448456995,-9.10969746420664));
#9666=CARTESIAN_POINT('Ctrl Pts',(13.,-61.2530876995752,-9.10921211020296));
#9667=CARTESIAN_POINT('Ctrl Pts',(13.,-61.2481009072993,-9.10884583656395));
#9668=CARTESIAN_POINT('',(13.,-61.2481009072993,-9.10884583656395));
#9669=CARTESIAN_POINT('Ctrl Pts',(12.7005405516559,-61.2713949398084,-8.79169906699026));
#9670=CARTESIAN_POINT('Ctrl Pts',(12.6997988772045,-61.2187223244615,-8.80020179451246));
#9671=CARTESIAN_POINT('Ctrl Pts',(12.7000000000001,-61.1690883799945,-8.80849094144526));
#9672=CARTESIAN_POINT('Ctrl Pts',(12.7000000000001,-61.1193548796987,-8.81704448417963));
#9673=CARTESIAN_POINT('Ctrl Pts',(12.8003603677706,-61.2636302623053,-8.89741465684816));
#9674=CARTESIAN_POINT('Ctrl Pts',(12.7998659181363,-61.2199812693712,-8.90245633643201));
#9675=CARTESIAN_POINT('Ctrl Pts',(12.8000000000001,-61.1781000801494,-8.90840924889133));
#9676=CARTESIAN_POINT('Ctrl Pts',(12.8000000000001,-61.1363047747718,-8.91559752095177));
#9677=CARTESIAN_POINT('Ctrl Pts',(12.9001801838853,-61.2558655848023,-9.00313024670606));
#9678=CARTESIAN_POINT('Ctrl Pts',(12.8999329590682,-61.221240214281,-9.00471087835156));
#9679=CARTESIAN_POINT('Ctrl Pts',(12.9,-61.1871117803044,-9.00832755633741));
#9680=CARTESIAN_POINT('Ctrl Pts',(12.9,-61.153254669845,-9.0141505577239));
#9681=CARTESIAN_POINT('Ctrl Pts',(13.,-61.2481009072993,-9.10884583656395));
#9682=CARTESIAN_POINT('Ctrl Pts',(13.,-61.2224991591908,-9.10696542027111));
#9683=CARTESIAN_POINT('Ctrl Pts',(13.,-61.1961234804593,-9.10824586378349));
#9684=CARTESIAN_POINT('Ctrl Pts',(13.,-61.1702045649181,-9.11270359449604));
#9685=CARTESIAN_POINT('',(13.,-61.1702045649181,-9.11270359449603));
#9686=CARTESIAN_POINT('',(12.7000000000001,-61.1193548796987,-8.81704448417963));
#9687=CARTESIAN_POINT('Ctrl Pts',(13.,-61.2481009072993,-9.10884583656395));
#9688=CARTESIAN_POINT('Ctrl Pts',(13.,-61.2351164278689,-9.1078921428329));
#9689=CARTESIAN_POINT('Ctrl Pts',(13.,-61.2220407340647,-9.10775925590174));
#9690=CARTESIAN_POINT('Ctrl Pts',(13.,-61.1960312004597,-9.10905996698846));
#9691=CARTESIAN_POINT('Ctrl Pts',(13.,-61.1830376481407,-9.11049646398832));
#9692=CARTESIAN_POINT('Ctrl Pts',(13.,-61.1702045649181,-9.11270359449604));
#9693=CARTESIAN_POINT('Ctrl Pts',(12.7000000000001,-61.1193548796987,-8.81704448417963));
#9694=CARTESIAN_POINT('Ctrl Pts',(12.7000000000001,-60.8995182653683,-8.85485364428443));
#9695=CARTESIAN_POINT('Ctrl Pts',(12.7000000000001,-60.6805053328035,-8.89756996176917));
#9696=CARTESIAN_POINT('Ctrl Pts',(12.7000000000001,-60.4624806907182,-8.94516784440247));
#9697=CARTESIAN_POINT('Ctrl Pts',(12.8000000000001,-61.1363047747718,-8.91559752095176));
#9698=CARTESIAN_POINT('Ctrl Pts',(12.8000000000001,-60.9179337378703,-8.9531546199892));
#9699=CARTESIAN_POINT('Ctrl Pts',(12.8000000000001,-60.7003808915226,-8.99558616202404));
#9700=CARTESIAN_POINT('Ctrl Pts',(12.8000000000001,-60.4838097470512,-9.04286672543978));
#9701=CARTESIAN_POINT('Ctrl Pts',(12.9,-61.153254669845,-9.0141505577239));
#9702=CARTESIAN_POINT('Ctrl Pts',(12.9,-60.9363492103723,-9.05145559569396));
#9703=CARTESIAN_POINT('Ctrl Pts',(12.9,-60.7202564502417,-9.09360236227891));
#9704=CARTESIAN_POINT('Ctrl Pts',(12.9,-60.5051388033842,-9.1405656064771));
#9705=CARTESIAN_POINT('Ctrl Pts',(13.,-61.1702045649181,-9.11270359449603));
#9706=CARTESIAN_POINT('Ctrl Pts',(13.,-60.9547646828743,-9.14975657139873));
#9707=CARTESIAN_POINT('Ctrl Pts',(13.,-60.7401320089608,-9.19161856253378));
#9708=CARTESIAN_POINT('Ctrl Pts',(13.,-60.5264678597172,-9.23826448751442));
#9709=CARTESIAN_POINT('',(13.,-60.5264678597172,-9.23826448751442));
#9710=CARTESIAN_POINT('Origin',(13.,-63.6618388769782,-23.5999986480882));
#9711=CARTESIAN_POINT('',(13.,-60.5264678597172,-9.23826448751442));
#9712=CARTESIAN_POINT('Ctrl Pts',(12.7000000000001,-60.4624806907182,-8.94516784440247));
#9713=CARTESIAN_POINT('Ctrl Pts',(12.7000000000001,-58.419085916016,-9.39127000849514));
#9714=CARTESIAN_POINT('Ctrl Pts',(12.7000000000001,-56.28306628008,-9.40423854703121));
#9715=CARTESIAN_POINT('Ctrl Pts',(12.7000000000001,-54.2309551361677,-8.98067137760996));
#9716=CARTESIAN_POINT('Ctrl Pts',(12.8000000000001,-60.4838097470512,-9.04286672543978));
#9717=CARTESIAN_POINT('Ctrl Pts',(12.8000000000001,-58.4267923405177,-9.49194290395974));
#9718=CARTESIAN_POINT('Ctrl Pts',(12.8,-56.2765325736754,-9.50499789941938));
#9719=CARTESIAN_POINT('Ctrl Pts',(12.8,-54.2107406888037,-9.07860694886866));
#9720=CARTESIAN_POINT('Ctrl Pts',(12.9,-60.5051388033842,-9.1405656064771));
#9721=CARTESIAN_POINT('Ctrl Pts',(12.9,-58.4344987650193,-9.59261579942434));
#9722=CARTESIAN_POINT('Ctrl Pts',(12.9,-56.2699988672708,-9.60575725180756));
#9723=CARTESIAN_POINT('Ctrl Pts',(12.9,-54.1905262414397,-9.17654252012736));
#9724=CARTESIAN_POINT('Ctrl Pts',(13.,-60.5264678597172,-9.23826448751441));
#9725=CARTESIAN_POINT('Ctrl Pts',(13.,-58.4422051895209,-9.69328869488894));
#9726=CARTESIAN_POINT('Ctrl Pts',(13.,-56.2634651608662,-9.70651660419573));
#9727=CARTESIAN_POINT('Ctrl Pts',(13.,-54.1703117940757,-9.27447809138606));
#9728=CARTESIAN_POINT('',(13.0000000004715,-54.1703117939804,-9.27447809184785));
#9729=CARTESIAN_POINT('Origin',(13.,-57.2834241247516,2.28805895699855));
#9730=CARTESIAN_POINT('',(13.,-54.1703117940757,-9.27447809138606));
#9731=CARTESIAN_POINT('Origin',(12.7299848971681,-60.2952868453542,20.3999851885893));
#9732=CARTESIAN_POINT('',(12.9999999994095,-49.4213696582793,-7.88158182639257));
#9733=CARTESIAN_POINT('',(13.,-49.4213696580674,-7.8815818269437));
#9734=CARTESIAN_POINT('Origin',(13.,-60.2953011674644,20.4000403062645));
#9735=CARTESIAN_POINT('Ctrl Pts',(12.7,-49.5290322292288,-7.60156616529079));
#9736=CARTESIAN_POINT('Ctrl Pts',(12.7,-48.9409640078089,-7.37546118115296));
#9737=CARTESIAN_POINT('Ctrl Pts',(12.7,-48.3110229724791,-7.26199385119939));
#9738=CARTESIAN_POINT('Ctrl Pts',(12.7,-47.6458268019696,-7.26915899450579));
#9739=CARTESIAN_POINT('Ctrl Pts',(12.7,-47.610083551419,-7.26991806282321));
#9740=CARTESIAN_POINT('Ctrl Pts',(12.7,-47.5743485982678,-7.27106436794753));
#9741=CARTESIAN_POINT('Ctrl Pts',(12.8,-49.4931447055083,-7.69490471917509));
#9742=CARTESIAN_POINT('Ctrl Pts',(12.8,-48.9168244945173,-7.4733237705222));
#9743=CARTESIAN_POINT('Ctrl Pts',(12.8,-48.2994981682407,-7.36212796334559));
#9744=CARTESIAN_POINT('Ctrl Pts',(12.8,-47.6476033902451,-7.36914538346814));
#9745=CARTESIAN_POINT('Ctrl Pts',(12.8,-47.6125749008833,-7.36988988388177));
#9746=CARTESIAN_POINT('Ctrl Pts',(12.8,-47.5775547471666,-7.3710129577787));
#9747=CARTESIAN_POINT('Ctrl Pts',(12.9,-49.4572571817879,-7.78824327305939));
#9748=CARTESIAN_POINT('Ctrl Pts',(12.9,-48.8927250432244,-7.57118055248493));
#9749=CARTESIAN_POINT('Ctrl Pts',(12.9,-48.2879657609611,-7.46224973955157));
#9750=CARTESIAN_POINT('Ctrl Pts',(12.9,-47.6493799681683,-7.46913269744346));
#9751=CARTESIAN_POINT('Ctrl Pts',(12.9,-47.6150665514619,-7.4698607895656));
#9752=CARTESIAN_POINT('Ctrl Pts',(12.9,-47.5807608960653,-7.47096154760987));
#9753=CARTESIAN_POINT('Ctrl Pts',(13.,-49.4213696580674,-7.8815818269437));
#9754=CARTESIAN_POINT('Ctrl Pts',(13.,-48.8685855299328,-7.66904314185417));
#9755=CARTESIAN_POINT('Ctrl Pts',(13.,-48.2764409567227,-7.56238385169777));
#9756=CARTESIAN_POINT('Ctrl Pts',(13.,-47.6511565564438,-7.5691190864058));
#9757=CARTESIAN_POINT('Ctrl Pts',(13.,-47.6175579009262,-7.56983261062417));
#9758=CARTESIAN_POINT('Ctrl Pts',(13.,-47.5839670449641,-7.57091013744104));
#9759=CARTESIAN_POINT('',(13.,-47.5848029623875,-7.57097800086896));
#9760=CARTESIAN_POINT('Ctrl Pts',(13.,-47.584991670727,-7.57087738247425));
#9761=CARTESIAN_POINT('Ctrl Pts',(12.9394060626537,-47.6338470172117,-7.50869628958996));
#9762=CARTESIAN_POINT('Ctrl Pts',(12.8845930398786,-47.6952253398785,-7.45272688556987));
#9763=CARTESIAN_POINT('Ctrl Pts',(12.7847361514448,-47.8365894428932,-7.35377665579978));
#9764=CARTESIAN_POINT('Ctrl Pts',(12.7401976550916,-47.9158816632823,-7.31133239329198));
#9765=CARTESIAN_POINT('Ctrl Pts',(12.7001092225525,-48.0001014626,-7.27568828139677));
#9766=CARTESIAN_POINT('Ctrl Pts',(13.,-49.4213696580674,-7.8815818269437));
#9767=CARTESIAN_POINT('Ctrl Pts',(13.,-49.1293825324922,-7.76931637543329));
#9768=CARTESIAN_POINT('Ctrl Pts',(13.,-48.8262410796535,-7.68652652209434));
#9769=CARTESIAN_POINT('Ctrl Pts',(13.,-48.2088935551767,-7.58214082477234));
#9770=CARTESIAN_POINT('Ctrl Pts',(13.,-47.8964654848748,-7.5609405872954));
#9771=CARTESIAN_POINT('Ctrl Pts',(13.,-47.5847825823608,-7.57088404821103));
#9772=CARTESIAN_POINT('Ctrl Pts',(13.6907480807441,-47.2996845426282,-8.75984367403841));
#9773=CARTESIAN_POINT('Ctrl Pts',(12.8050928637543,-46.209481150495,-8.66457143059006));
#9774=CARTESIAN_POINT('Ctrl Pts',(11.6282745805634,-45.337741787493,-8.57340317188154));
#9775=CARTESIAN_POINT('Ctrl Pts',(10.2870056527723,-44.8267774451566,-8.53387071115223));
#9776=CARTESIAN_POINT('Ctrl Pts',(13.6330138255096,-47.3283031573047,-8.42201321644958));
#9777=CARTESIAN_POINT('Ctrl Pts',(12.7376043072689,-46.261809382949,-8.34994803733765));
#9778=CARTESIAN_POINT('Ctrl Pts',(11.5675528035737,-45.4164446100138,-8.28221785334537));
#9779=CARTESIAN_POINT('Ctrl Pts',(10.2442741788749,-44.9199622789986,-8.25416286878723));
#9780=CARTESIAN_POINT('Ctrl Pts',(13.3777425980567,-47.4962434542739,-7.7804004303927));
#9781=CARTESIAN_POINT('Ctrl Pts',(12.4996315590512,-46.4860022837941,-7.76309514192066));
#9782=CARTESIAN_POINT('Ctrl Pts',(11.3738101002931,-45.6919309516463,-7.74572337349677));
#9783=CARTESIAN_POINT('Ctrl Pts',(10.11240700454,-45.2245690782533,-7.74171073994261));
#9784=CARTESIAN_POINT('Ctrl Pts',(12.9097838001668,-47.8414113101064,-7.37190942856079));
#9785=CARTESIAN_POINT('Ctrl Pts',(12.1086010524915,-46.8955416261636,-7.39435840017934));
#9786=CARTESIAN_POINT('Ctrl Pts',(11.0758838953571,-46.1455621309489,-7.41069644217087));
#9787=CARTESIAN_POINT('Ctrl Pts',(9.91367071484142,-45.7056615720803,-7.42263177912533));
#9788=CARTESIAN_POINT('Ctrl Pts',(12.652847828256,-48.0360290495133,-7.25260468545812));
#9789=CARTESIAN_POINT('Ctrl Pts',(11.8971504627746,-47.1225582157484,-7.28538740912577));
#9790=CARTESIAN_POINT('Ctrl Pts',(10.9158774155725,-46.3934237897095,-7.31107103247829));
#9791=CARTESIAN_POINT('Ctrl Pts',(9.80730269734663,-45.9668122961379,-7.32715878132286));
#9792=CARTESIAN_POINT('',(12.9996019635334,-46.5491314445514,-8.69137532297685));
#9793=CARTESIAN_POINT('Ctrl Pts',(13.,-46.5503343515554,-8.69158925217418));
#9794=CARTESIAN_POINT('Ctrl Pts',(13.,-46.5906194454694,-8.57118616195726));
#9795=CARTESIAN_POINT('Ctrl Pts',(13.0000000000013,-46.6459900606515,-8.45631878601622));
#9796=CARTESIAN_POINT('Ctrl Pts',(13.0000000000013,-46.7832415278587,-8.23591511846547));
#9797=CARTESIAN_POINT('Ctrl Pts',(13.000000002884,-46.8659071801692,-8.13139960541744));
#9798=CARTESIAN_POINT('Ctrl Pts',(13.000000002884,-47.1390885522298,-7.8465604454068));
#9799=CARTESIAN_POINT('Ctrl Pts',(13.,-47.3541752823436,-7.69396827221058));
#9800=CARTESIAN_POINT('Ctrl Pts',(13.,-47.584614254048,-7.57107861926366));
#9801=CARTESIAN_POINT('Ctrl Pts',(10.2900488615651,-44.8281688038687,-8.53341592833931));
#9802=CARTESIAN_POINT('Ctrl Pts',(10.4612432083457,-44.8934715637414,-8.53847115467318));
#9803=CARTESIAN_POINT('Ctrl Pts',(10.6297767066775,-44.9646663832154,-8.5442633452851));
#9804=CARTESIAN_POINT('Ctrl Pts',(10.7953827574038,-45.0414233782346,-8.55078340295126));
#9805=CARTESIAN_POINT('Ctrl Pts',(10.9682928113367,-45.1215657165748,-8.55759102572686));
#9806=CARTESIAN_POINT('Ctrl Pts',(11.1380116006086,-45.2077720168279,-8.56519193786133));
#9807=CARTESIAN_POINT('Ctrl Pts',(11.3042298270219,-45.2996983823098,-8.5735279698992));
#9808=CARTESIAN_POINT('Ctrl Pts',(11.4846809203123,-45.399496181332,-8.58257779630751));
#9809=CARTESIAN_POINT('Ctrl Pts',(11.661006331136,-45.5060358861087,-8.59249402036117));
#9810=CARTESIAN_POINT('Ctrl Pts',(11.8328022234253,-45.6189090373412,-8.60314819758733));
#9811=CARTESIAN_POINT('Ctrl Pts',(12.0158325514192,-45.7391634253623,-8.61449909501697));
#9812=CARTESIAN_POINT('Ctrl Pts',(12.1937213748202,-45.8666072917766,-8.62668718274094));
#9813=CARTESIAN_POINT('Ctrl Pts',(12.3659727727837,-46.000773491131,-8.63950184472025));
#9814=CARTESIAN_POINT('Ctrl Pts',(12.5626913095655,-46.1539970860313,-8.65413674222312));
#9815=CARTESIAN_POINT('Ctrl Pts',(12.7520564824933,-46.3159891079836,-8.66958834345084));
#9816=CARTESIAN_POINT('Ctrl Pts',(12.9333268188895,-46.4860766788708,-8.68547933474592));
#9817=CARTESIAN_POINT('Ctrl Pts',(12.955514194005,-46.5068952905244,-8.68742438208146));
#9818=CARTESIAN_POINT('Ctrl Pts',(12.9775803014001,-46.5278352025194,-8.68937595188594));
#9819=CARTESIAN_POINT('Ctrl Pts',(12.9995237885908,-46.5488951918614,-8.69133330697049));
#9820=CARTESIAN_POINT('Ctrl Pts',(13.1358902907644,-45.4380164950273,-10.7900448535166));
#9821=CARTESIAN_POINT('Ctrl Pts',(13.0410864916492,-45.9373399334647,-10.113799977881));
#9822=CARTESIAN_POINT('Ctrl Pts',(12.9979721401929,-46.3056002947322,-9.41164035722234));
#9823=CARTESIAN_POINT('Ctrl Pts',(13.0069276665366,-46.5555990378812,-8.69321939084509));
#9824=CARTESIAN_POINT('Ctrl Pts',(12.3751119843113,-44.8162278673285,-10.5073303925645));
#9825=CARTESIAN_POINT('Ctrl Pts',(12.267713205777,-45.2771281632307,-9.84595084172727));
#9826=CARTESIAN_POINT('Ctrl Pts',(12.2166820659102,-45.6174149724961,-9.16425201040548));
#9827=CARTESIAN_POINT('Ctrl Pts',(12.2243147269521,-45.8539966176863,-8.46997190087565));
#9828=CARTESIAN_POINT('Ctrl Pts',(11.4856000850106,-44.3066753226945,-10.3255108518366));
#9829=CARTESIAN_POINT('Ctrl Pts',(11.3545260879944,-44.7455409578161,-9.66883288199822));
#9830=CARTESIAN_POINT('Ctrl Pts',(11.2873618457138,-45.0727182371341,-8.98976370633027));
#9831=CARTESIAN_POINT('Ctrl Pts',(11.2917428370254,-45.3041780546625,-8.29766002206781));
#9832=CARTESIAN_POINT('Ctrl Pts',(10.5313233026122,-43.9460030239025,-10.2576616735353));
#9833=CARTESIAN_POINT('Ctrl Pts',(10.3707111968567,-44.3828212435413,-9.59590102476245));
#9834=CARTESIAN_POINT('Ctrl Pts',(10.2830265101138,-44.7143034108092,-8.90188687016169));
#9835=CARTESIAN_POINT('Ctrl Pts',(10.2831190218575,-44.9497168842952,-8.18993960067838));
#9836=CARTESIAN_POINT('',(12.9999999996614,-45.4569731767976,-10.5934563370255));
#9837=CARTESIAN_POINT('Ctrl Pts',(12.7225364344242,-45.1203065551567,-10.6502039195545));
#9838=CARTESIAN_POINT('Ctrl Pts',(12.7685220890894,-45.1761228793628,-10.6383447940065));
#9839=CARTESIAN_POINT('Ctrl Pts',(12.8146652806311,-45.2321214026845,-10.6275839598069));
#9840=CARTESIAN_POINT('Ctrl Pts',(12.907141413826,-45.344329416414,-10.6085696575622));
#9841=CARTESIAN_POINT('Ctrl Pts',(12.9535403638965,-45.400618981056,-10.600304865101));
#9842=CARTESIAN_POINT('Ctrl Pts',(12.9999999994677,-45.456973176941,-10.5934563368915));
#9843=CARTESIAN_POINT('Ctrl Pts',(13.,-45.4569731771548,-10.5934563373261));
#9844=CARTESIAN_POINT('Ctrl Pts',(13.,-45.695044374237,-10.3106250058516));
#9845=CARTESIAN_POINT('Ctrl Pts',(12.9999999999966,-45.910222424214,-10.0098992249102));
#9846=CARTESIAN_POINT('Ctrl Pts',(12.9999999999966,-46.2799056681036,-9.37228488737184));
#9847=CARTESIAN_POINT('Ctrl Pts',(13.,-46.4324864400848,-9.03959210431374));
#9848=CARTESIAN_POINT('Ctrl Pts',(13.,-46.5493704523961,-8.69132160341998));
#9849=CARTESIAN_POINT('Ctrl Pts',(13.,-38.7463636399219,-17.9));
#9850=CARTESIAN_POINT('Ctrl Pts',(13.,-39.9868308640723,-17.9));
#9851=CARTESIAN_POINT('Ctrl Pts',(13.,-42.0701795711857,-17.5909733613929));
#9852=CARTESIAN_POINT('Ctrl Pts',(13.,-44.0740794997883,-16.4074037084154));
#9853=CARTESIAN_POINT('Ctrl Pts',(13.,-45.1433400944506,-14.9949673833022));
#9854=CARTESIAN_POINT('Ctrl Pts',(13.,-45.5380114294458,-14.0168032278651));
#9855=CARTESIAN_POINT('Ctrl Pts',(13.,-45.7618284947749,-13.3726699419953));
#9856=CARTESIAN_POINT('Ctrl Pts',(13.,-45.9639509981241,-12.7942582107799));
#9857=CARTESIAN_POINT('Ctrl Pts',(13.,-46.1938765508898,-11.9791584527971));
#9858=CARTESIAN_POINT('Ctrl Pts',(13.,-45.9362576349179,-11.2737689789839));
#9859=CARTESIAN_POINT('Ctrl Pts',(13.,-45.7084731948259,-10.950444005862));
#9860=CARTESIAN_POINT('Ctrl Pts',(13.,-45.678305580681,-10.907623069416));
#9861=CARTESIAN_POINT('Ctrl Pts',(13.,-45.6481379665361,-10.86480213297));
#9862=CARTESIAN_POINT('Ctrl Pts',(13.,-45.5359432815576,-10.7055491853568));
#9863=CARTESIAN_POINT('Ctrl Pts',(13.,-45.4539162107241,-10.5891171741895));
#9864=CARTESIAN_POINT('Ctrl Pts',(13.,-45.3718891398907,-10.4726851630223));
#9865=CARTESIAN_POINT('Ctrl Pts',(12.8998136922478,-38.7463636399219,-17.7998136922478));
#9866=CARTESIAN_POINT('Ctrl Pts',(12.8998136922478,-39.979133661082,-17.7998323297835));
#9867=CARTESIAN_POINT('Ctrl Pts',(12.8998136922478,-42.0400118181162,-17.4926781595983));
#9868=CARTESIAN_POINT('Ctrl Pts',(12.8998136922478,-44.006744991018,-16.3293700285038));
#9869=CARTESIAN_POINT('Ctrl Pts',(12.8998136922478,-45.0546403559585,-14.9459716802693));
#9870=CARTESIAN_POINT('Ctrl Pts',(12.8998136922478,-45.4441003411535,-13.9819148149411));
#9871=CARTESIAN_POINT('Ctrl Pts',(12.8998136922478,-45.6668066427951,-13.3408234985626));
#9872=CARTESIAN_POINT('Ctrl Pts',(12.8998136922478,-45.8702312868939,-12.7590125547934));
#9873=CARTESIAN_POINT('Ctrl Pts',(12.8998136922478,-46.0877700930336,-11.9782455082142));
#9874=CARTESIAN_POINT('Ctrl Pts',(12.8998136922478,-45.8450807186504,-11.3223998427384));
#9875=CARTESIAN_POINT('Ctrl Pts',(12.8998136922478,-45.6265711335241,-11.0081445137933));
#9876=CARTESIAN_POINT('Ctrl Pts',(12.8998149159324,-45.5964031097714,-10.9653238659185));
#9877=CARTESIAN_POINT('Ctrl Pts',(12.8998098747636,-45.5657667165862,-10.922833187201));
#9878=CARTESIAN_POINT('Ctrl Pts',(12.8998749305242,-45.4503106825273,-10.7658778801538));
#9879=CARTESIAN_POINT('Ctrl Pts',(12.9000505361276,-45.3658988884204,-10.6511259212583));
#9880=CARTESIAN_POINT('Ctrl Pts',(12.9003546668604,-45.2814873114032,-10.5363738094218));
#9881=CARTESIAN_POINT('Ctrl Pts',(12.7996273844955,-38.7463636399219,-17.6996273844955));
#9882=CARTESIAN_POINT('Ctrl Pts',(12.7996273844955,-39.970653679873,-17.6996087469598));
#9883=CARTESIAN_POINT('Ctrl Pts',(12.7996273844955,-42.0104028155561,-17.3942113134334));
#9884=CARTESIAN_POINT('Ctrl Pts',(12.7996273844955,-43.9391019697654,-16.2507756870313));
#9885=CARTESIAN_POINT('Ctrl Pts',(12.7996273844955,-44.9662508663112,-14.8958399797515));
#9886=CARTESIAN_POINT('Ctrl Pts',(12.7996273844955,-45.350903523753,-13.9443241139379));
#9887=CARTESIAN_POINT('Ctrl Pts',(12.7996273844955,-45.5725717518146,-13.3063962959463));
#9888=CARTESIAN_POINT('Ctrl Pts',(12.7996273844955,-45.7772918534116,-12.7204157707323));
#9889=CARTESIAN_POINT('Ctrl Pts',(12.7996273844955,-45.9803779318883,-11.9815186624158));
#9890=CARTESIAN_POINT('Ctrl Pts',(12.7996273844955,-45.7562617449385,-11.3620914500573));
#9891=CARTESIAN_POINT('Ctrl Pts',(12.7996273844955,-45.5446690722222,-11.0658450217246));
#9892=CARTESIAN_POINT('Ctrl Pts',(12.7996261608109,-45.514501867685,-11.0230237967075));
#9893=CARTESIAN_POINT('Ctrl Pts',(12.7996196666801,-45.4833954998562,-10.9808642180286));
#9894=CARTESIAN_POINT('Ctrl Pts',(12.7997477696769,-45.3646787643448,-10.8262060952894));
#9895=CARTESIAN_POINT('Ctrl Pts',(12.8001003870842,-45.2778817427886,-10.7131345438606));
#9896=CARTESIAN_POINT('Ctrl Pts',(12.8007093337208,-45.1910854829158,-10.6000624558213));
#9897=CARTESIAN_POINT('Ctrl Pts',(12.6994410767433,-38.7463636399219,-17.5994410767433));
#9898=CARTESIAN_POINT('Ctrl Pts',(12.6994410767433,-39.9629564768828,-17.5994410767433));
#9899=CARTESIAN_POINT('Ctrl Pts',(12.6994410767433,-41.9802350624866,-17.2959161116387));
#9900=CARTESIAN_POINT('Ctrl Pts',(12.6994410767433,-43.8717674609951,-16.1727420071197));
#9901=CARTESIAN_POINT('Ctrl Pts',(12.6994410767433,-44.877551127819,-14.8468442767186));
#9902=CARTESIAN_POINT('Ctrl Pts',(12.6994410767433,-45.2569924354607,-13.9094357010139));
#9903=CARTESIAN_POINT('Ctrl Pts',(12.6994410767433,-45.4775498998348,-13.2745498525137));
#9904=CARTESIAN_POINT('Ctrl Pts',(12.6994410767433,-45.6835721421814,-12.6851701147458));
#9905=CARTESIAN_POINT('Ctrl Pts',(12.6994410767433,-45.8742714740321,-11.9806057178329));
#9906=CARTESIAN_POINT('Ctrl Pts',(12.6994410767433,-45.6650848286711,-11.4107223138118));
#9907=CARTESIAN_POINT('Ctrl Pts',(12.6994410767433,-45.4627670109203,-11.123545529656));
#9908=CARTESIAN_POINT('Ctrl Pts',(12.6994410767433,-45.4325993967754,-11.08072459321));
#9909=CARTESIAN_POINT('Ctrl Pts',(12.6994295414437,-45.4010242499064,-11.0388952722596));
#9910=CARTESIAN_POINT('Ctrl Pts',(12.6996227002011,-45.2790461653145,-10.8865347900864));
#9911=CARTESIAN_POINT('Ctrl Pts',(12.7001509232119,-45.1898644204849,-10.7751432909295));
#9912=CARTESIAN_POINT('Ctrl Pts',(12.7010640005812,-45.1006836544284,-10.6637511022208));
#9913=CARTESIAN_POINT('',(13.,-38.7463636399219,-17.9));
#9914=CARTESIAN_POINT('Ctrl Pts',(13.,-45.456973177425,-10.5934563365835));
#9915=CARTESIAN_POINT('Ctrl Pts',(13.,-45.5385218783725,-10.7092093332823));
#9916=CARTESIAN_POINT('Ctrl Pts',(12.9999999999999,-45.6200711017857,-10.8249630715865));
#9917=CARTESIAN_POINT('Ctrl Pts',(12.9999999999999,-45.7084731948259,-10.950444005862));
#9918=CARTESIAN_POINT('Ctrl Pts',(12.9999999999999,-45.7110658814036,-10.9541241532757));
#9919=CARTESIAN_POINT('Ctrl Pts',(12.9999999999999,-45.7136509826001,-10.9578155388243));
#9920=CARTESIAN_POINT('Ctrl Pts',(12.9999999999999,-45.7162284593939,-10.9615183394394));
#9921=CARTESIAN_POINT('Ctrl Pts',(12.9999999999999,-45.7183153013539,-10.9645162945371));
#9922=CARTESIAN_POINT('Ctrl Pts',(13.,-45.7203925651133,-10.967515169361));
#9923=CARTESIAN_POINT('Ctrl Pts',(13.,-45.7224568382417,-10.9705098974472));
#9924=CARTESIAN_POINT('Ctrl Pts',(13.,-45.7490870807377,-11.0091435133425));
#9925=CARTESIAN_POINT('Ctrl Pts',(13.,-45.7737450970229,-11.047351728505));
#9926=CARTESIAN_POINT('Ctrl Pts',(13.,-45.7966702697308,-11.0851714086927));
#9927=CARTESIAN_POINT('Ctrl Pts',(13.,-45.8204540370087,-11.1244075131953));
#9928=CARTESIAN_POINT('Ctrl Pts',(13.,-45.8423728676908,-11.1632258093212));
#9929=CARTESIAN_POINT('Ctrl Pts',(13.,-45.8626453346292,-11.2016958760872));
#9930=CARTESIAN_POINT('Ctrl Pts',(13.,-45.8832647387407,-11.2408243085202));
#9931=CARTESIAN_POINT('Ctrl Pts',(13.,-45.9021809576949,-11.2795929370146));
#9932=CARTESIAN_POINT('Ctrl Pts',(13.,-45.9195736171963,-11.3180973593783));
#9933=CARTESIAN_POINT('Ctrl Pts',(13.,-45.9371608086715,-11.3570324428081));
#9934=CARTESIAN_POINT('Ctrl Pts',(13.,-45.9531901855767,-11.3956978099237));
#9935=CARTESIAN_POINT('Ctrl Pts',(13.,-45.9677962856363,-11.4342082758867));
#9936=CARTESIAN_POINT('Ctrl Pts',(13.,-45.9824668691389,-11.4728887589948));
#9937=CARTESIAN_POINT('Ctrl Pts',(13.,-45.9957016097058,-11.5114133863166));
#9938=CARTESIAN_POINT('Ctrl Pts',(13.,-46.0075852428441,-11.549908099222));
#9939=CARTESIAN_POINT('Ctrl Pts',(13.,-46.0193833432568,-11.5881257455373));
#9940=CARTESIAN_POINT('Ctrl Pts',(13.,-46.0298497225017,-11.6263142998554));
#9941=CARTESIAN_POINT('Ctrl Pts',(13.,-46.0390164467148,-11.6646003960691));
#9942=CARTESIAN_POINT('Ctrl Pts',(13.,-46.0480871662164,-11.7024855152777));
#9943=CARTESIAN_POINT('Ctrl Pts',(13.,-46.0558853676679,-11.7404665114464));
#9944=CARTESIAN_POINT('Ctrl Pts',(13.,-46.0623917124336,-11.7786637986697));
#9945=CARTESIAN_POINT('Ctrl Pts',(13.,-46.0687379628421,-11.8159212079179));
#9946=CARTESIAN_POINT('Ctrl Pts',(13.,-46.0738551535773,-11.8533847225201));
#9947=CARTESIAN_POINT('Ctrl Pts',(13.,-46.0776768509435,-11.891158850429));
#9948=CARTESIAN_POINT('Ctrl Pts',(13.,-46.0801807337504,-11.9159075367717));
#9949=CARTESIAN_POINT('Ctrl Pts',(13.,-46.0821275429506,-11.9407894023928));
#9950=CARTESIAN_POINT('Ctrl Pts',(13.,-46.0834867113437,-11.9658310359404));
#9951=CARTESIAN_POINT('Ctrl Pts',(13.,-46.1019063297835,-12.3051983559902));
#9952=CARTESIAN_POINT('Ctrl Pts',(13.,-46.0099361086772,-12.6312382591833));
#9953=CARTESIAN_POINT('Ctrl Pts',(13.,-45.9119052005254,-12.9327221373195));
#9954=CARTESIAN_POINT('Ctrl Pts',(13.,-45.8628897464495,-13.0834640763876));
#9955=CARTESIAN_POINT('Ctrl Pts',(13.,-45.8123591206122,-13.2280670091915));
#9956=CARTESIAN_POINT('Ctrl Pts',(13.,-45.7591166745274,-13.3808851363271));
#9957=CARTESIAN_POINT('Ctrl Pts',(13.,-45.7058742284426,-13.5337032634628));
#9958=CARTESIAN_POINT('Ctrl Pts',(13.,-45.6499199621104,-13.6947365849302));
#9959=CARTESIAN_POINT('Ctrl Pts',(13.,-45.5863056955558,-13.867303076271));
#9960=CARTESIAN_POINT('Ctrl Pts',(13.,-45.4590771624468,-14.2124360589525));
#9961=CARTESIAN_POINT('Ctrl Pts',(13.,-45.3012086284487,-14.6037017211274));
#9962=CARTESIAN_POINT('Ctrl Pts',(13.,-45.0440642623393,-15.0347406064003));
#9963=CARTESIAN_POINT('Ctrl Pts',(13.,-44.7869198962298,-15.4657794916733));
#9964=CARTESIAN_POINT('Ctrl Pts',(13.,-44.4304996980091,-15.9365916000443));
#9965=CARTESIAN_POINT('Ctrl Pts',(13.,-43.9183062774649,-16.3692592630595));
#9966=CARTESIAN_POINT('Ctrl Pts',(13.,-43.4061128569208,-16.8019269260746));
#9967=CARTESIAN_POINT('Ctrl Pts',(13.,-42.7381462140532,-17.1964501437337));
#9968=CARTESIAN_POINT('Ctrl Pts',(13.,-41.8833257158411,-17.4709684122151));
#9969=CARTESIAN_POINT('Ctrl Pts',(13.,-41.028505217629,-17.7454866806965));
#9970=CARTESIAN_POINT('Ctrl Pts',(13.,-39.9868308640723,-17.9));
#9971=CARTESIAN_POINT('Ctrl Pts',(13.,-38.7463636399219,-17.9));
#9972=CARTESIAN_POINT('',(12.7,-38.7463636399219,-17.6));
#9973=CARTESIAN_POINT('Origin',(12.85,-28.2733838096196,-17.75));
#9974=CARTESIAN_POINT('',(13.,-8.74636363992189,-17.9));
#9975=CARTESIAN_POINT('',(12.6999999999999,-8.7463636399219,-17.6));
#9976=CARTESIAN_POINT('',(13.,-28.2733838096196,-17.9));
#9977=CARTESIAN_POINT('Ctrl Pts',(12.6994380982068,-8.7463636399219,-17.5994380982068));
#9978=CARTESIAN_POINT('Ctrl Pts',(12.6994380982067,-7.52977103955606,-17.5994380982068));
#9979=CARTESIAN_POINT('Ctrl Pts',(12.6994380982067,-5.51247109807639,-17.2960160321903));
#9980=CARTESIAN_POINT('Ctrl Pts',(12.6994380982067,-3.62098531215603,-16.1727990941099));
#9981=CARTESIAN_POINT('Ctrl Pts',(12.6994380982067,-2.61527179691079,-14.8468861085794));
#9982=CARTESIAN_POINT('Ctrl Pts',(12.6994380982067,-2.23587462881621,-13.9093603647282));
#9983=CARTESIAN_POINT('Ctrl Pts',(12.6994380982067,-2.01531854910383,-13.2744912347624));
#9984=CARTESIAN_POINT('Ctrl Pts',(12.6994380982067,-1.80924247960913,-12.685128727632));
#9985=CARTESIAN_POINT('Ctrl Pts',(12.6994380982067,-1.61850118859432,-11.9805893726496));
#9986=CARTESIAN_POINT('Ctrl Pts',(12.6994380982067,-1.82764513849299,-11.4107236710182));
#9987=CARTESIAN_POINT('Ctrl Pts',(12.6994380982067,-2.02996270386971,-11.1235472450906));
#9988=CARTESIAN_POINT('Ctrl Pts',(12.6994380982067,-2.06013031801465,-11.0807263086446));
#9989=CARTESIAN_POINT('Ctrl Pts',(12.6994265658684,-2.0917054798571,-11.0388969982431));
#9990=CARTESIAN_POINT('Ctrl Pts',(12.6996197307858,-2.21368366271331,-10.8865365852957));
#9991=CARTESIAN_POINT('Ctrl Pts',(12.7001479517099,-2.30286547611214,-10.775145134444));
#9992=CARTESIAN_POINT('Ctrl Pts',(12.7010610381278,-2.39204631306279,-10.6637529956786));
#9993=CARTESIAN_POINT('Ctrl Pts',(12.7996253988045,-8.7463636399219,-17.6996253988046));
#9994=CARTESIAN_POINT('Ctrl Pts',(12.7996253988045,-7.52207376028659,-17.6996067610841));
#9995=CARTESIAN_POINT('Ctrl Pts',(12.7996253988045,-5.48230304604472,-17.3943122080896));
#9996=CARTESIAN_POINT('Ctrl Pts',(12.7996253988045,-3.55365013610125,-16.2508335473347));
#9997=CARTESIAN_POINT('Ctrl Pts',(12.7996253988045,-2.52657117940494,-14.8958822971593));
#9998=CARTESIAN_POINT('Ctrl Pts',(12.7996253988045,-2.14196260986574,-13.9442491233961));
#9999=CARTESIAN_POINT('Ctrl Pts',(12.7996253988045,-1.92029575545826,-13.306337993793));
#10000=CARTESIAN_POINT('Ctrl Pts',(12.7996253988045,-1.71552183961737,-12.7203747329026));
#10001=CARTESIAN_POINT('Ctrl Pts',(12.7996253988045,-1.51239367922397,-11.9815023262798));
#10002=CARTESIAN_POINT('Ctrl Pts',(12.7996253988045,-1.73646731866304,-11.3620923253322));
#10003=CARTESIAN_POINT('Ctrl Pts',(12.7996253988045,-1.94805983091911,-11.0658461653477));
#10004=CARTESIAN_POINT('Ctrl Pts',(12.7996241751077,-1.97822703545229,-11.0230249403277));
#10005=CARTESIAN_POINT('Ctrl Pts',(12.7996176839882,-2.00933341360889,-10.9808653689248));
#10006=CARTESIAN_POINT('Ctrl Pts',(12.7997457925003,-2.12805021506461,-10.8262072926417));
#10007=CARTESIAN_POINT('Ctrl Pts',(12.8000984060806,-2.21484728155743,-10.713135772869));
#10008=CARTESIAN_POINT('Ctrl Pts',(12.8007073587519,-2.30164358869394,-10.6000637181251));
#10009=CARTESIAN_POINT('Ctrl Pts',(12.8998126994023,-8.7463636399219,-17.7998126994023));
#10010=CARTESIAN_POINT('Ctrl Pts',(12.8998126994023,-7.51359369504102,-17.7998313371227));
#10011=CARTESIAN_POINT('Ctrl Pts',(12.8998126994022,-5.45265013057253,-17.4925594749146));
#10012=CARTESIAN_POINT('Ctrl Pts',(12.8998126994022,-3.48596125027003,-16.3291267339668));
#10013=CARTESIAN_POINT('Ctrl Pts',(12.8998126994022,-2.43804644542216,-14.9454084482748));
#10014=CARTESIAN_POINT('Ctrl Pts',(12.8998126994022,-2.0485600635063,-13.9810586234101));
#10015=CARTESIAN_POINT('Ctrl Pts',(12.8998126994022,-1.82584270827396,-13.3399363568433));
#10016=CARTESIAN_POINT('Ctrl Pts',(12.8998126994022,-1.6224458103303,-12.7584183726451));
#10017=CARTESIAN_POINT('Ctrl Pts',(12.8998126994022,-1.40489590075447,-11.9777366079925));
#10018=CARTESIAN_POINT('Ctrl Pts',(12.8998126994022,-1.64764746475573,-11.3224003246699));
#10019=CARTESIAN_POINT('Ctrl Pts',(12.8998126994022,-1.86615695796851,-11.0081450856048));
#10020=CARTESIAN_POINT('Ctrl Pts',(12.899813923099,-1.89632498172521,-10.9653244377328));
#10021=CARTESIAN_POINT('Ctrl Pts',(12.8998088818802,-1.92696137955599,-10.9228337622883));
#10022=CARTESIAN_POINT('Ctrl Pts',(12.8998739382855,-2.04241744593593,-10.7658784780093));
#10023=CARTESIAN_POINT('Ctrl Pts',(12.9000495456292,-2.12682926367645,-10.6511265357617));
#10024=CARTESIAN_POINT('Ctrl Pts',(12.9003536793759,-2.21124086432509,-10.5363744405715));
#10025=CARTESIAN_POINT('Ctrl Pts',(13.,-8.74636363992189,-17.9));
#10026=CARTESIAN_POINT('Ctrl Pts',(13.,-7.50589641577155,-17.9));
#10027=CARTESIAN_POINT('Ctrl Pts',(13.,-5.42248207854085,-17.5908556508139));
#10028=CARTESIAN_POINT('Ctrl Pts',(13.,-3.41862607421525,-16.4071611871916));
#10029=CARTESIAN_POINT('Ctrl Pts',(13.,-2.34934582791631,-14.9944046368548));
#10030=CARTESIAN_POINT('Ctrl Pts',(13.,-1.95464804455583,-14.015947382078));
#10031=CARTESIAN_POINT('Ctrl Pts',(13.,-1.73081991462839,-13.3717831158739));
#10032=CARTESIAN_POINT('Ctrl Pts',(13.,-1.52872517033853,-12.7936643779157));
#10033=CARTESIAN_POINT('Ctrl Pts',(13.,-1.29878839138412,-11.9786495616227));
#10034=CARTESIAN_POINT('Ctrl Pts',(13.,-1.55646964492578,-11.273768978984));
#10035=CARTESIAN_POINT('Ctrl Pts',(13.,-1.78425408501791,-10.9504440058619));
#10036=CARTESIAN_POINT('Ctrl Pts',(13.,-1.81442169916285,-10.9076230694159));
#10037=CARTESIAN_POINT('Ctrl Pts',(13.,-1.84458931330779,-10.8648021329699));
#10038=CARTESIAN_POINT('Ctrl Pts',(13.,-1.95678399828723,-10.7055491853553));
#10039=CARTESIAN_POINT('Ctrl Pts',(13.,-2.03881106912173,-10.5891171741867));
#10040=CARTESIAN_POINT('Ctrl Pts',(13.,-2.12083813995624,-10.472685163018));
#10041=CARTESIAN_POINT('',(12.9999999996614,-2.03575410304618,-10.5934563370256));
#10042=CARTESIAN_POINT('Ctrl Pts',(13.,-8.74636363992189,-17.9));
#10043=CARTESIAN_POINT('Ctrl Pts',(13.,-7.50589641577155,-17.9));
#10044=CARTESIAN_POINT('Ctrl Pts',(13.,-5.42248207854085,-17.5908556508139));
#10045=CARTESIAN_POINT('Ctrl Pts',(13.,-3.41862607421525,-16.4071611871916));
#10046=CARTESIAN_POINT('Ctrl Pts',(13.,-2.34934582791631,-14.9944046368548));
#10047=CARTESIAN_POINT('Ctrl Pts',(13.,-1.95464804455583,-14.015947382078));
#10048=CARTESIAN_POINT('Ctrl Pts',(13.,-1.73081991462839,-13.3717831158739));
#10049=CARTESIAN_POINT('Ctrl Pts',(13.,-1.52872517033853,-12.7936643779157));
#10050=CARTESIAN_POINT('Ctrl Pts',(13.,-1.29878839138412,-11.9786495616227));
#10051=CARTESIAN_POINT('Ctrl Pts',(13.,-1.55646964492578,-11.273768978984));
#10052=CARTESIAN_POINT('Ctrl Pts',(13.,-1.78425408501791,-10.9504440058619));
#10053=CARTESIAN_POINT('Ctrl Pts',(13.,-1.86808742415155,-10.8314481161024));
#10054=CARTESIAN_POINT('Ctrl Pts',(13.,-1.9519207632852,-10.712452226343));
#10055=CARTESIAN_POINT('Ctrl Pts',(13.,-2.03575410241882,-10.5934563365836));
#10056=CARTESIAN_POINT('Ctrl Pts',(12.9999999994677,-2.03575410290278,-10.5934563368916));
#10057=CARTESIAN_POINT('Ctrl Pts',(12.9535403749399,-2.09210828539245,-10.6003048634732));
#10058=CARTESIAN_POINT('Ctrl Pts',(12.9071414319748,-2.14839784167118,-10.6085696546635));
#10059=CARTESIAN_POINT('Ctrl Pts',(12.8146653000688,-2.26060585377263,-10.6275839555175));
#10060=CARTESIAN_POINT('Ctrl Pts',(12.7685220994227,-2.31660438793907,-10.6383447913423));
#10061=CARTESIAN_POINT('Ctrl Pts',(12.722536434424,-2.37242072468717,-10.6502039195545));
#10062=CARTESIAN_POINT('Ctrl Pts',(13.1358902907643,-2.05471078481653,-10.7900448535166));
#10063=CARTESIAN_POINT('Ctrl Pts',(13.041086491649,-1.55538734637911,-10.113799977881));
#10064=CARTESIAN_POINT('Ctrl Pts',(12.9979721401927,-1.1871269851116,-9.41164035722231));
#10065=CARTESIAN_POINT('Ctrl Pts',(13.0069276665365,-0.937128241962584,
-8.69321939084506));
#10066=CARTESIAN_POINT('Ctrl Pts',(12.3751119843112,-2.67649941251535,-10.5073303925645));
#10067=CARTESIAN_POINT('Ctrl Pts',(12.2677132057768,-2.21559911661315,-9.84595084172725));
#10068=CARTESIAN_POINT('Ctrl Pts',(12.2166820659101,-1.87531230734774,-9.16425201040545));
#10069=CARTESIAN_POINT('Ctrl Pts',(12.2243147269519,-1.63873066215751,-8.46997190087562));
#10070=CARTESIAN_POINT('Ctrl Pts',(11.4856000850104,-3.18605195714931,-10.3255108518366));
#10071=CARTESIAN_POINT('Ctrl Pts',(11.3545260879942,-2.74718632202768,-9.6688328819982));
#10072=CARTESIAN_POINT('Ctrl Pts',(11.2873618457137,-2.42000904270973,-8.98976370633023));
#10073=CARTESIAN_POINT('Ctrl Pts',(11.2917428370252,-2.18854922518131,-8.29766002206778));
#10074=CARTESIAN_POINT('Ctrl Pts',(10.5313233026121,-3.5467242559413,-10.2576616735353));
#10075=CARTESIAN_POINT('Ctrl Pts',(10.3707111968565,-3.1099060363025,-9.59590102476242));
#10076=CARTESIAN_POINT('Ctrl Pts',(10.2830265101136,-2.77842386903462,-8.90188687016165));
#10077=CARTESIAN_POINT('Ctrl Pts',(10.2831190218574,-2.54301039554859,-8.18993960067835));
#10078=CARTESIAN_POINT('',(13.0000089332431,-0.943347739665025,-8.69132087235046));
#10079=CARTESIAN_POINT('Ctrl Pts',(13.,-2.03575410268903,-10.5934563373263));
#10080=CARTESIAN_POINT('Ctrl Pts',(13.,-1.79768290560679,-10.3106250058518));
#10081=CARTESIAN_POINT('Ctrl Pts',(12.9999999999966,-1.5825048556297,-10.0098992249104));
#10082=CARTESIAN_POINT('Ctrl Pts',(12.9999999999966,-1.21280821779982,-9.37226178605879));
#10083=CARTESIAN_POINT('Ctrl Pts',(13.,-1.06021872043248,-9.03954388793138));
#10084=CARTESIAN_POINT('Ctrl Pts',(13.,-0.9433313908347,-8.69124580993245));
#10085=CARTESIAN_POINT('Ctrl Pts',(10.2900488615649,-2.66455847597513,-8.53341592833929));
#10086=CARTESIAN_POINT('Ctrl Pts',(10.4613852659117,-2.59920152753882,-8.53847534914899));
#10087=CARTESIAN_POINT('Ctrl Pts',(10.6300713124142,-2.52793556139086,-8.54427006137885));
#10088=CARTESIAN_POINT('Ctrl Pts',(10.7958327785509,-2.4510921367179,-8.5507929768942));
#10089=CARTESIAN_POINT('Ctrl Pts',(10.9689728578034,-2.37082814685349,-8.55760624981949));
#10090=CARTESIAN_POINT('Ctrl Pts',(11.1389222789136,-2.28447876908038,-8.56521379559305));
#10091=CARTESIAN_POINT('Ctrl Pts',(11.3053631579446,-2.19239195685428,-8.57355852700562));
#10092=CARTESIAN_POINT('Ctrl Pts',(11.4862720553432,-2.09230041827452,-8.58262863146388));
#10093=CARTESIAN_POINT('Ctrl Pts',(11.6630359268969,-1.98543030337032,-8.59256964731109));
#10094=CARTESIAN_POINT('Ctrl Pts',(11.8352395259201,-1.87219893014726,-8.60325276272095));
#10095=CARTESIAN_POINT('Ctrl Pts',(12.0189120703517,-1.75142622535289,-8.61464738513834));
#10096=CARTESIAN_POINT('Ctrl Pts',(12.1973963999593,-1.62341608816441,-8.62688578628501));
#10097=CARTESIAN_POINT('Ctrl Pts',(12.3701830833626,-1.48865056456799,-8.63975486662881));
#10098=CARTESIAN_POINT('Ctrl Pts',(12.5673954539003,-1.33483414855884,-8.6544431619954));
#10099=CARTESIAN_POINT('Ctrl Pts',(12.7571845823029,-1.17221662044632,-8.66995244649408));
#10100=CARTESIAN_POINT('Ctrl Pts',(12.9387948272049,-1.00149567411135,-8.68590140933026));
#10101=CARTESIAN_POINT('Ctrl Pts',(12.9593041853848,-0.982216051207443,
-8.68770253564657));
#10102=CARTESIAN_POINT('Ctrl Pts',(12.9797092467192,-0.962833073251354,
-8.68950921805724));
#10103=CARTESIAN_POINT('Ctrl Pts',(13.0000089332431,-0.943347739665025,
-8.69132087235046));
#10104=CARTESIAN_POINT('Ctrl Pts',(13.4917118566469,-0.428933119145411,
-8.73897733037415));
#10105=CARTESIAN_POINT('Ctrl Pts',(12.6330200867316,-1.40895293651339,-8.65122945084658));
#10106=CARTESIAN_POINT('Ctrl Pts',(11.5300554110551,-2.19240838476906,-8.57051301973272));
#10107=CARTESIAN_POINT('Ctrl Pts',(10.2869806843253,-2.66596113199738,-8.53387452258616));
#10108=CARTESIAN_POINT('Ctrl Pts',(13.3753203964246,-0.362800892667433,
-8.08914497754906));
#10109=CARTESIAN_POINT('Ctrl Pts',(12.5018185348155,-1.29905938279404,-8.04385308585));
#10110=CARTESIAN_POINT('Ctrl Pts',(11.4144241873576,-2.03674826954962,-8.00329330450705));
#10111=CARTESIAN_POINT('Ctrl Pts',(10.2035292060492,-2.48397876852434,-7.98760594513117));
#10112=CARTESIAN_POINT('Ctrl Pts',(12.9960885735676,-0.0721088442376921,
-7.51982989078155));
#10113=CARTESIAN_POINT('Ctrl Pts',(12.1763294098879,-0.952370338342913,
-7.52843362954639));
#10114=CARTESIAN_POINT('Ctrl Pts',(11.1597923124527,-1.64760859570593,-7.53241614615134));
#10115=CARTESIAN_POINT('Ctrl Pts',(10.0286206757701,-2.06872394962734,-7.53880933359031));
#10116=CARTESIAN_POINT('Ctrl Pts',(12.5175723468708,0.317769318985608,-7.27649795280107));
#10117=CARTESIAN_POINT('Ctrl Pts',(11.7817416691791,-0.507085510811093,
-7.30449592563847));
#10118=CARTESIAN_POINT('Ctrl Pts',(10.8563495950597,-1.16504777356133,-7.32650766691685));
#10119=CARTESIAN_POINT('Ctrl Pts',(9.82204217955181,-1.56214171850015,-7.34085433518598));
#10120=CARTESIAN_POINT('',(12.9979365554993,-0.0665933229468981,-7.66610752417409));
#10121=CARTESIAN_POINT('Ctrl Pts',(12.6995929439752,0.115450521647748,-7.40997533278784));
#10122=CARTESIAN_POINT('Ctrl Pts',(12.7179316610598,0.0982000145750553,
-7.42488206271101));
#10123=CARTESIAN_POINT('Ctrl Pts',(12.7365814065781,0.082011474439914,-7.44024275108359));
#10124=CARTESIAN_POINT('Ctrl Pts',(12.7555818182446,0.0668626736457099,
-7.456057592728));
#10125=CARTESIAN_POINT('Ctrl Pts',(12.7791903186813,0.0480398988320231,
-7.47570794043743));
#10126=CARTESIAN_POINT('Ctrl Pts',(12.8033396033033,0.0308186056976078,
-7.49605868096266));
#10127=CARTESIAN_POINT('Ctrl Pts',(12.8280923823684,0.0150990889851701,
-7.51716988213632));
#10128=CARTESIAN_POINT('Ctrl Pts',(12.8349474848619,0.0107456829320913,
-7.52301647606528));
#10129=CARTESIAN_POINT('Ctrl Pts',(12.8418488628252,0.00650741940027215,
-7.52892171259835));
#10130=CARTESIAN_POINT('Ctrl Pts',(12.8487979134389,0.00238234925524494,
-7.53488754089997));
#10131=CARTESIAN_POINT('Ctrl Pts',(12.8718309107683,-0.0112904148265338,
-7.55466159565604));
#10132=CARTESIAN_POINT('Ctrl Pts',(12.8951445728444,-0.0235773534336966,
-7.57489327223461));
#10133=CARTESIAN_POINT('Ctrl Pts',(12.9186744263466,-0.0345646467906575,
-7.59554395112527));
#10134=CARTESIAN_POINT('Ctrl Pts',(12.9448128630699,-0.0467700212161098,
-7.61848402014969));
#10135=CARTESIAN_POINT('Ctrl Pts',(12.9712204075424,-0.0573680380393931,
-7.64194006505477));
#10136=CARTESIAN_POINT('Ctrl Pts',(12.9978249783301,-0.0664699783492733,
-7.66587931847687));
#10137=CARTESIAN_POINT('Ctrl Pts',(13.,-0.942842789621128,-8.69140981648789));
#10138=CARTESIAN_POINT('Ctrl Pts',(13.,-0.907097868147758,-8.58494072666169));
#10139=CARTESIAN_POINT('Ctrl Pts',(13.,-0.858983682608474,-8.48307392926481));
#10140=CARTESIAN_POINT('Ctrl Pts',(13.,-0.741362177551599,-8.28689186114608));
#10141=CARTESIAN_POINT('Ctrl Pts',(13.,-0.671320808259795,-8.19324552278751));
#10142=CARTESIAN_POINT('Ctrl Pts',(13.,-0.44231048914206,-7.93574680637714));
#10143=CARTESIAN_POINT('Ctrl Pts',(13.,-0.262092111753554,-7.79004889271164));
#10144=CARTESIAN_POINT('Ctrl Pts',(13.,-0.0681714565015737,-7.66843941044296));
#10145=CARTESIAN_POINT('Ctrl Pts',(12.70036877026,0.00714545632816102,-7.38778391516801));
#10146=CARTESIAN_POINT('Ctrl Pts',(12.6998883031891,0.113594400791144,-7.40701321626709));
#10147=CARTESIAN_POINT('Ctrl Pts',(12.7000084981795,0.218850149033546,-7.43059370213037));
#10148=CARTESIAN_POINT('Ctrl Pts',(12.6999556199332,0.71625693244639,-7.56722220568338));
#10149=CARTESIAN_POINT('Ctrl Pts',(12.6999910869136,1.39137024717202,-7.91031066696718));
#10150=CARTESIAN_POINT('Ctrl Pts',(12.6999868760089,2.27231634386179,-9.08907137818088));
#10151=CARTESIAN_POINT('Ctrl Pts',(12.6999975945483,2.41767238102479,-11.5254848158151));
#10152=CARTESIAN_POINT('Ctrl Pts',(12.6999970117522,0.836098488437633,-15.3581371954215));
#10153=CARTESIAN_POINT('Ctrl Pts',(12.7000000990046,-2.71912294582182,-18.6917549822159));
#10154=CARTESIAN_POINT('Ctrl Pts',(12.6999999999999,-6.62381663076875,-19.6));
#10155=CARTESIAN_POINT('Ctrl Pts',(12.6999999999999,-8.99636363992189,-19.6));
#10156=CARTESIAN_POINT('Ctrl Pts',(12.80024584684,-0.0180529803783489,-7.47942590478198));
#10157=CARTESIAN_POINT('Ctrl Pts',(12.7999142879642,0.0862075229769388,
-7.50128188062308));
#10158=CARTESIAN_POINT('Ctrl Pts',(12.8000063582795,0.194360662315958,-7.52774037382544));
#10159=CARTESIAN_POINT('Ctrl Pts',(12.7999567065221,0.679241254033135,-7.65995209415902));
#10160=CARTESIAN_POINT('Ctrl Pts',(12.7999906252407,1.32377675622169,-7.99184676188958));
#10161=CARTESIAN_POINT('Ctrl Pts',(12.7999870820905,2.16854214494213,-9.1123263196836));
#10162=CARTESIAN_POINT('Ctrl Pts',(12.7999974630285,2.31861802033669,-11.5009155505555));
#10163=CARTESIAN_POINT('Ctrl Pts',(12.7999970944286,0.750692062616224,-15.3008333709936));
#10164=CARTESIAN_POINT('Ctrl Pts',(12.8000000453134,-2.76669063499558,-18.5976506957921));
#10165=CARTESIAN_POINT('Ctrl Pts',(12.800000025416,-6.63539598609821,-19.4997678681551));
#10166=CARTESIAN_POINT('Ctrl Pts',(12.7999999999999,-8.99636363992189,-19.5));
#10167=CARTESIAN_POINT('Ctrl Pts',(12.90012292342,-0.0432514170848589,-7.57106789439594));
#10168=CARTESIAN_POINT('Ctrl Pts',(12.8999740152248,0.062819221551542,-7.59700529808987));
#10169=CARTESIAN_POINT('Ctrl Pts',(12.9000021399,0.169075503334268,-7.62417947998065));
#10170=CARTESIAN_POINT('Ctrl Pts',(12.8999989134112,0.642922177914393,-7.75518324294406));
#10171=CARTESIAN_POINT('Ctrl Pts',(12.9000004616729,1.25785581117669,-8.07176088418177));
#10172=CARTESIAN_POINT('Ctrl Pts',(12.8999997939184,2.06408614374668,-9.13778226124076));
#10173=CARTESIAN_POINT('Ctrl Pts',(12.9000001315198,2.22065571583274,-11.4750129100349));
#10174=CARTESIAN_POINT('Ctrl Pts',(12.8999999173236,0.664225753795192,-15.2440178732715));
#10175=CARTESIAN_POINT('Ctrl Pts',(12.9000000536912,-2.81279519138899,-18.5029944487991));
#10176=CARTESIAN_POINT('Ctrl Pts',(12.8999999745839,-6.64879167760591,-19.4002321318448));
#10177=CARTESIAN_POINT('Ctrl Pts',(12.9,-8.99636363992189,-19.4));
#10178=CARTESIAN_POINT('Ctrl Pts',(13.,-0.0684498537913688,-7.6627098840099));
#10179=CARTESIAN_POINT('Ctrl Pts',(13.,0.0354323437373369,-7.69127396244586));
#10180=CARTESIAN_POINT('Ctrl Pts',(13.,0.14458601661668,-7.72132615167572));
#10181=CARTESIAN_POINT('Ctrl Pts',(13.,0.605906499501138,-7.8479131314197));
#10182=CARTESIAN_POINT('Ctrl Pts',(13.,1.19026232022636,-8.15329697910417));
#10183=CARTESIAN_POINT('Ctrl Pts',(13.,1.96031194482701,-9.16103720274348));
#10184=CARTESIAN_POINT('Ctrl Pts',(13.,2.12160135514464,-11.4504436447753));
#10185=CARTESIAN_POINT('Ctrl Pts',(13.,0.578819327973783,-15.1867140488435));
#10186=CARTESIAN_POINT('Ctrl Pts',(13.,-2.86036288056275,-18.4088901623753));
#10187=CARTESIAN_POINT('Ctrl Pts',(13.,-6.66037103293538,-19.3));
#10188=CARTESIAN_POINT('Ctrl Pts',(13.,-8.99636363992189,-19.3));
#10189=CARTESIAN_POINT('',(13.,-8.99636363992189,-19.3));
#10190=CARTESIAN_POINT('Ctrl Pts',(13.,-0.0662626102309733,-7.66331130741088));
#10191=CARTESIAN_POINT('Ctrl Pts',(13.,0.0369633289238068,-7.69169546893109));
#10192=CARTESIAN_POINT('Ctrl Pts',(13.,0.145261977926795,-7.72151163639588));
#10193=CARTESIAN_POINT('Ctrl Pts',(13.,0.605906499501138,-7.8479131314197));
#10194=CARTESIAN_POINT('Ctrl Pts',(13.,1.19026232022636,-8.15329697910417));
#10195=CARTESIAN_POINT('Ctrl Pts',(13.,1.96031194482701,-9.16103720274348));
#10196=CARTESIAN_POINT('Ctrl Pts',(13.,2.12160135514464,-11.4504436447753));
#10197=CARTESIAN_POINT('Ctrl Pts',(13.,0.578819327973783,-15.1867140488435));
#10198=CARTESIAN_POINT('Ctrl Pts',(13.,-2.86036288056275,-18.4088901623753));
#10199=CARTESIAN_POINT('Ctrl Pts',(13.,-6.66037103293538,-19.3));
#10200=CARTESIAN_POINT('Ctrl Pts',(13.,-8.99636363992189,-19.3));
#10201=CARTESIAN_POINT('',(13.,-8.99636363992189,-19.3));
#10202=CARTESIAN_POINT('Ctrl Pts',(12.7,-48.6779041387696,-14.1934851903187));
#10203=CARTESIAN_POINT('Ctrl Pts',(12.7,-48.9712005184186,-13.6525227480404));
#10204=CARTESIAN_POINT('Ctrl Pts',(12.7,-49.947958914649,-12.554352538511));
#10205=CARTESIAN_POINT('Ctrl Pts',(12.7000000000001,-51.3738481529801,-12.1));
#10206=CARTESIAN_POINT('Ctrl Pts',(12.7000000000001,-52.1943229534823,-12.1));
#10207=CARTESIAN_POINT('Ctrl Pts',(12.8,-48.5899936684018,-14.1458223200766));
#10208=CARTESIAN_POINT('Ctrl Pts',(12.8,-48.890622457542,-13.5913358167415));
#10209=CARTESIAN_POINT('Ctrl Pts',(12.8,-49.8917998136781,-12.4657113519738));
#10210=CARTESIAN_POINT('Ctrl Pts',(12.8,-51.3533362829675,-12.));
#10211=CARTESIAN_POINT('Ctrl Pts',(12.8,-52.1943229534823,-12.));
#10212=CARTESIAN_POINT('Ctrl Pts',(12.9,-48.502083198034,-14.0981594498346));
#10213=CARTESIAN_POINT('Ctrl Pts',(12.9,-48.8100443966654,-13.5301488854425));
#10214=CARTESIAN_POINT('Ctrl Pts',(12.9,-49.8356407127073,-12.3770701654366));
#10215=CARTESIAN_POINT('Ctrl Pts',(12.9,-51.332824412955,-11.9));
#10216=CARTESIAN_POINT('Ctrl Pts',(12.9,-52.1943229534823,-11.9));
#10217=CARTESIAN_POINT('Ctrl Pts',(13.,-48.4141727276662,-14.0504965795926));
#10218=CARTESIAN_POINT('Ctrl Pts',(13.,-48.7294663357888,-13.4689619541435));
#10219=CARTESIAN_POINT('Ctrl Pts',(13.,-49.7794816117365,-12.2884289788994));
#10220=CARTESIAN_POINT('Ctrl Pts',(13.,-51.3123125429425,-11.8));
#10221=CARTESIAN_POINT('Ctrl Pts',(13.,-52.1943229534823,-11.8));
#10222=CARTESIAN_POINT('Ctrl Pts',(13.,-48.4141727276662,-14.0504965795926));
#10223=CARTESIAN_POINT('Ctrl Pts',(13.,-48.7294663357888,-13.4689619541435));
#10224=CARTESIAN_POINT('Ctrl Pts',(13.,-49.7794816117365,-12.2884289788994));
#10225=CARTESIAN_POINT('Ctrl Pts',(13.,-51.3123125429425,-11.8));
#10226=CARTESIAN_POINT('Ctrl Pts',(13.,-52.1943229534823,-11.8));
#10227=CARTESIAN_POINT('Origin',(13.,-17.8004039793173,-18.4483316362298));
#10228=CARTESIAN_POINT('',(13.,-20.7733838096196,-19.3));
#10229=CARTESIAN_POINT('Origin',(12.85,-20.7733838096196,-19.45));
#10230=CARTESIAN_POINT('',(15.0285342919392,0.,-15.028777587909));
#10231=UNCERTAINTY_MEASURE_WITH_UNIT(LENGTH_MEASURE(0.01),#10237,
'DISTANCE_ACCURACY_VALUE',
'Maximum model space distance between geometric entities at asserted c
onnectivities');
#10232=UNCERTAINTY_MEASURE_WITH_UNIT(LENGTH_MEASURE(0.01),#10237,
'DISTANCE_ACCURACY_VALUE',
'Maximum model space distance between geometric entities at asserted c
onnectivities');
#10233=UNCERTAINTY_MEASURE_WITH_UNIT(LENGTH_MEASURE(0.01),#10237,
'DISTANCE_ACCURACY_VALUE',
'Maximum model space distance between geometric entities at asserted c
onnectivities');
#10234=(
GEOMETRIC_REPRESENTATION_CONTEXT(3)
GLOBAL_UNCERTAINTY_ASSIGNED_CONTEXT((#10231))
GLOBAL_UNIT_ASSIGNED_CONTEXT((#10237,#10239,#10240))
REPRESENTATION_CONTEXT('','3D')
);
#10235=(
GEOMETRIC_REPRESENTATION_CONTEXT(3)
GLOBAL_UNCERTAINTY_ASSIGNED_CONTEXT((#10232))
GLOBAL_UNIT_ASSIGNED_CONTEXT((#10237,#10239,#10240))
REPRESENTATION_CONTEXT('','3D')
);
#10236=(
GEOMETRIC_REPRESENTATION_CONTEXT(3)
GLOBAL_UNCERTAINTY_ASSIGNED_CONTEXT((#10233))
GLOBAL_UNIT_ASSIGNED_CONTEXT((#10237,#10239,#10240))
REPRESENTATION_CONTEXT('','3D')
);
#10237=(
LENGTH_UNIT()
NAMED_UNIT(*)
SI_UNIT(.MILLI.,.METRE.)
);
#10238=(
LENGTH_UNIT()
NAMED_UNIT(*)
SI_UNIT($,.METRE.)
);
#10239=(
NAMED_UNIT(*)
PLANE_ANGLE_UNIT()
SI_UNIT($,.RADIAN.)
);
#10240=(
NAMED_UNIT(*)
SI_UNIT($,.STERADIAN.)
SOLID_ANGLE_UNIT()
);
#10241=SHAPE_DEFINITION_REPRESENTATION(#10243,#10246);
#10242=SHAPE_DEFINITION_REPRESENTATION(#10244,#10247);
#10243=PRODUCT_DEFINITION_SHAPE('',$,#10249);
#10244=PRODUCT_DEFINITION_SHAPE('',$,#10250);
#10245=PRODUCT_DEFINITION_SHAPE($,$,#14);
#10246=SHAPE_REPRESENTATION('',(#3613,#3876),#10234);
#10247=SHAPE_REPRESENTATION('',(#3614),#10235);
#10248=PRODUCT_DEFINITION_CONTEXT('part definition',#10256,'design');
#10249=PRODUCT_DEFINITION('2026-08-29-17-06-26-793',
'OSSM Remote Clip - Extrusion Bottom Release (M6x12)',#10251,#10248);
#10250=PRODUCT_DEFINITION('2026-08-29-17-06-26-794',
'Extrusion Bottom Release',#10252,#10248);
#10251=PRODUCT_DEFINITION_FORMATION('',$,#10258);
#10252=PRODUCT_DEFINITION_FORMATION('',$,#10259);
#10253=PRODUCT_RELATED_PRODUCT_CATEGORY(
'OSSM Remote Clip - Extrusion Bottom Release (M6x12)',
'OSSM Remote Clip - Extrusion Bottom Release (M6x12)',(#10258));
#10254=PRODUCT_RELATED_PRODUCT_CATEGORY('Extrusion Bottom Release',
'Extrusion Bottom Release',(#10259));
#10255=APPLICATION_PROTOCOL_DEFINITION('international standard',
'automotive_design',2009,#10256);
#10256=APPLICATION_CONTEXT(
'Core Data for Automotive Mechanical Design Process');
#10257=PRODUCT_CONTEXT('part definition',#10256,'mechanical');
#10258=PRODUCT('2026-08-29-17-06-26-793',
'OSSM Remote Clip - Extrusion Bottom Release (M6x12)',$,(#10257));
#10259=PRODUCT('2026-08-29-17-06-26-794','Extrusion Bottom Release',$,(#10257));
#10260=PRESENTATION_STYLE_ASSIGNMENT((#10262));
#10261=PRESENTATION_STYLE_ASSIGNMENT((#10263));
#10262=SURFACE_STYLE_USAGE(.BOTH.,#10264);
#10263=SURFACE_STYLE_USAGE(.BOTH.,#10265);
#10264=SURFACE_SIDE_STYLE('',(#10266));
#10265=SURFACE_SIDE_STYLE('',(#10267));
#10266=SURFACE_STYLE_FILL_AREA(#10268);
#10267=SURFACE_STYLE_FILL_AREA(#10269);
#10268=FILL_AREA_STYLE('Steel - Satin',(#10270));
#10269=FILL_AREA_STYLE('Opaque(105,97,208)',(#10271));
#10270=FILL_AREA_STYLE_COLOUR('Steel - Satin',#10272);
#10271=FILL_AREA_STYLE_COLOUR('Opaque(105,97,208)',#10273);
#10272=COLOUR_RGB('Steel - Satin',0.627450980392157,0.627450980392157,0.627450980392157);
#10273=COLOUR_RGB('Opaque(105,97,208)',0.411764705882353,0.380392156862745,
0.815686274509804);
ENDSEC;
END-ISO-10303-21;
